subject,folder,window,label,t_peak_ms,phase_ms,rr_ms,hr_bpm,ecg_trustworthy,ecg_status,skipped,confidence,speed_m_s,speed_displacement_m_s,displacement_unlinked,anchor_view,mline_length_mm,line_source_buffer,line_motion_corrected,line_mapping_reliable,general_source_buffer,time,screened,detector,screen,burst,auto displacement gauss [m/s],auto velocity median [m/s],auto velocity gauss [m/s],auto Keijzer velocity [m/s],auto acceleration [m/s]
C000000001,SWE_01_SW_data_21-April-2026_12-12-54,0,MVC,49.7,49.7,712.0,84.3,,ok,False,3,4.2660550458715605,4.2660550458715605,False,velocity gauss,35.87311578454509,4,False,,4,2026-09-29 10:38:37,False,energy,,,3.26605504587156,3.26605504587156,3.26605504587156,2.7010622154779975,3.955555555555556
C000000001,SWE_01_SW_data_21-April-2026_12-12-54,1,AVC,440.6,440.6,712.0,84.3,,ok,False,0,,,False,,30.329614197516925,4,False,,4,2026-09-29 10:38:55,False,energy,,,-5.615141955835963,-3.384030418250951,-6.846153846153847,-4.529262086513995,-2.486033519553073
C000000001,SWE_01_SW_data_21-April-2026_12-12-54,2,MVC,787.3,92.3,712.0,84.3,,ok,False,2,8.518018018018019,8.518018018018019,False,velocity median,37.19222521228705,4,False,,4,2026-09-29 10:57:36,False,energy,,,10.787878787878787,8.018018018018019,8.018018018018019,8.018018018018019,5.615141955835963
C000000001,SWE_01_SW_data_21-April-2026_12-12-54,3,AVC,945.0,250.0,712.0,84.3,,ok,False,0,,,False,,30.12364972985725,4,False,,4,2026-09-29 10:57:53,False,energy,,,-20.0,-2.3027166882276844,-1.9646799116997795,-4.529262086513995,-1.0
C000000002,SWE02_SW_data_28-April-2026_10-09-45,0,MVC,64.8,64.8,1173.0,51.2,,corrected,False,2,5.615141955835963,5.615141955835963,False,velocity median,36.60833413611691,4,False,,4,2026-09-29 10:59:56,False,energy,,,16.48148148148148,5.615141955835963,5.615141955835963,6.3799283154121875,5.014084507042254
C000000002,SWE02_SW_data_28-April-2026_10-09-45,1,AVC,400.7,400.7,1173.0,51.2,,corrected,False,2,6.3799283154121875,6.3799283154121875,False,velocity median,19.079585487882593,4,False,,4,2026-09-29 11:00:16,False,energy,,,3.955555555555556,6.3799283154121875,6.3799283154121875,5.297619047619048,7.385892116182573
C000000002,SWE02_SW_data_28-April-2026_10-09-45,2,other,619.9,619.9,1173.0,51.2,,corrected,False,0,0.9555555555555562,0.9555555555555562,False,velocity gauss,26.280423838038896,4,False,,4,2026-09-29 11:05:43,False,energy,,,5.297619047619048,3.955555555555556,3.955555555555556,3.384030418250951,2.9568106312292364
C000000003,VIS_03_SW_data_16-June-2026_10-09-42,0,MVC,72.4,72.4,998.0,60.1,,ok,False,1,0.8006912442396319,0.8006912442396319,False,velocity gauss,28.959296024701022,4,False,,4,2026-09-29 11:04:55,False,energy,,,1.9243243243243244,1.8855932203389834,2.0506912442396317,2.1948212083847105,3.384030418250951
C000000003,VIS_03_SW_data_16-June-2026_10-09-42,1,AVC,408.2,408.2,998.0,60.1,,ok,False,3,4.529262086513995,4.529262086513995,False,velocity median,20.276048591158833,4,False,,4,2026-09-29 11:09:00,False,energy,,,16.48148148148148,4.529262086513995,4.529262086513995,4.529262086513995,3.0531732418524875
C000000003,VIS_03_SW_data_16-June-2026_10-09-42,2,other,586.4,586.4,998.0,60.1,,ok,False,0,,,False,,22.926745117241055,4,False,,4,2026-09-29 11:10:24,False,energy,,,-1.494542401343409,1.0,1.7450980392156865,2.1445783132530125,1.7450980392156865
C000000003,VIS_03_SW_data_16-June-2026_10-09-42,3,AK,895.3,895.3,998.0,60.1,,ok,False,1,1.3444108761329308,1.3444108761329308,False,velocity median,22.19470613552859,4,False,,4,2026-09-29 11:13:12,False,energy,,,-5.014084507042254,1.2889210716871833,1.3444108761329308,2.0506912442396317,1.2216884008236102
C000000004,VIS_4_SW_data_16-June-2026_10-58-59,0,MVC,69.1,69.1,798.0,75.2,,ok,False,3,4.173913043478262,4.173913043478262,False,velocity median,22.774073417810246,4,False,,4,2026-09-29 11:14:45,False,energy,,,12.191780821917808,9.673913043478262,9.673913043478262,8.018018018018019,14.015748031496063
C000000004,VIS_4_SW_data_16-June-2026_10-58-59,1,AVC,481.7,481.7,798.0,75.2,,ok,False,0,,,False,,23.67252680225171,4,False,,4,2026-09-29 11:20:07,False,energy,,,-1.2059620596205962,2.7010622154779975,2.7010622154779975,2.7010622154779975,20.0
C000000004,VIS_4_SW_data_16-June-2026_10-58-59,2,MVC,878.0,54.0,798.0,75.2,,ok,False,3,4.885892116182573,4.885892116182573,False,velocity gauss,23.113394300689013,4,False,,4,2026-09-29 11:32:15,False,energy,,,20.0,7.385892116182573,7.385892116182573,6.846153846153847,5.297619047619048
C000000005,VIS-005_SW_data_19-June-2026_09-12-20,0,?,160.9,,,,,unusable,False,3,6.173913043478262,6.173913043478262,False,velocity gauss,21.29097896979079,4,False,,4,2026-09-29 11:34:22,False,energy,,,5.973154362416108,9.673913043478262,9.673913043478262,5.973154362416108,14.015748031496063
C000000005,VIS-005_SW_data_19-June-2026_09-12-20,1,?,338.0,,,,,unusable,False,0,,,False,,23.183369978333133,4,False,,4,2026-09-29 11:34:29,False,energy,,,-1.0684273709483794,-5.615141955835963,-3.6475409836065578,-5.297619047619048,-6.846153846153847
C000000005,VIS-005_SW_data_19-June-2026_09-12-20,2,?,575.6,,,,,unusable,False,0,,,False,,29.389730198420086,4,False,,4,2026-09-29 11:43:11,False,energy,,,-3.26605504587156,-4.529262086513995,-4.529262086513995,-8.768472906403941,-4.529262086513995
C000000005,VIS-005_SW_data_19-June-2026_09-12-20,3,?,757.1,,,,,unusable,False,1,3.0,3.0,False,Keijzer velocity,26.501445211014822,4,False,,4,2026-09-29 11:49:11,False,energy,,,2.4217687074829937,20.0,20.0,5.973154362416108,20.0
C000000007,VIS-007_SW_data_30-June-2026_11-45-50,0,?,42.1,,,,,unusable,False,0,,,False,,39.93420898984008,4,False,,4,2026-09-29 11:53:40,False,energy,,,20.0,2.3027166882276844,2.3027166882276844,5.973154362416108,-16.48148148148148
C000000007,VIS-007_SW_data_30-June-2026_11-45-50,1,?,379.1,,,,,unusable,False,1,3.120000000000001,3.120000000000001,False,Keijzer velocity,41.19441746366709,4,False,,4,2026-09-29 11:54:53,False,energy,,,-20.0,-10.787878787878787,-10.787878787878787,-20.0,20.0
C000000007,VIS-007_SW_data_30-June-2026_11-45-50,2,?,604.8,,,,,unusable,False,0,,,False,,37.8203725558388,4,False,,4,2026-09-29 12:02:16,False,energy,,,-20.0,-3.384030418250951,-3.384030418250951,-12.191780821917808,-3.384030418250951
C000000007,VIS-007_SW_data_30-June-2026_11-45-50,3,?,861.8,,,,,unusable,False,2,9.52,9.52,False,velocity median,35.37762775695552,4,False,,4,2026-09-29 12:07:19,False,energy,,,-20.0,-20.0,-20.0,-20.0,-20.0
C000000008,VIS-010_SW_data_03-July-2026_10-36-33,0,MVC,74.5,74.5,792.6,75.7,,ok,False,2,8.620000000000001,8.620000000000001,False,velocity gauss,34.24239978395356,4,False,,4,2026-09-29 12:05:13,False,energy,,,-1.543798785776236,-2.625368731563422,-2.866344605475041,-3.955555555555556,-2.625368731563422
C000000008,VIS-010_SW_data_03-July-2026_10-36-33,1,AVC,331.6,331.6,792.6,75.7,,ok,False,2,2.6475409836065578,2.6475409836065578,False,velocity gauss,24.53249571273459,4,False,,4,2026-09-29 12:08:06,False,energy,,,3.7953091684434974,3.6475409836065578,3.6475409836065578,3.6475409836065578,5.615141955835963
C000000008,VIS-010_SW_data_03-July-2026_10-36-33,2,AVC,491.4,491.4,792.6,75.7,,ok,False,0,,,False,,28.821376239581127,4,False,,4,2026-09-29 12:09:14,False,energy,,,1.0,1.2889210716871833,1.3069016152716595,-2.7010622154779975,1.3841368584758942
C000000008,VIS-010_SW_data_03-July-2026_10-36-33,3,MVC,864.0,9.9,792.6,75.7,,ok,False,3,4.115141955835963,4.115141955835963,False,velocity gauss,24.69549201832535,4,False,,4,2026-09-29 12:19:09,False,energy,,,12.191780821917808,5.615141955835963,5.615141955835963,7.385892116182573,3.7953091684434974
C000000010,vis-006_SW_data_30-June-2026_09-43-28,0,MVC,33.5,33.5,722.6,83.0,,ok,False,2,1.9568106312292364,1.9568106312292364,False,velocity gauss,32.85429001398349,4,False,,4,2026-09-29 12:19:50,False,energy,,,4.129930394431555,2.9568106312292364,2.9568106312292364,3.5108481262327422,3.7953091684434974
C000000010,vis-006_SW_data_30-June-2026_09-43-28,1,AVC,341.3,341.3,722.6,83.0,,ok,False,2,2.6445783132530125,2.6445783132530125,False,velocity gauss,27.845404313052317,4,False,,4,2026-09-29 12:26:09,False,energy,,,1.7450980392156865,2.1445783132530125,2.1445783132530125,2.4217687074829937,2.360742705570292
C000000010,vis-006_SW_data_30-June-2026_09-43-28,2,MVC,726.8,0.3,722.6,83.0,,ok,False,2,1.514084507042254,1.514084507042254,False,velocity median,33.138620855031164,4,False,,4,2026-09-29 12:27:34,False,energy,,,-7.385892116182573,5.014084507042254,5.014084507042254,8.768472906403941,5.014084507042254
C000000010,vis-006_SW_data_30-June-2026_09-43-28,3,AVC,978.5,251.9,722.6,83.0,,ok,False,0,,,False,,25.568992767702078,4,False,,4,2026-09-29 12:44:43,False,energy,,,-2.4217687074829937,1.4710743801652892,4.759358288770054,-1.9646799116997795,1.4048934490923441
C000000011,VIS-11_SW_data_07-July-2026_08-40-05,0,MVC,33.5,33.5,826.6,72.6,,ok,False,1,11.600000000000001,11.600000000000001,False,velocity gauss,42.49250376007954,4,False,,4,2026-09-29 12:47:15,False,energy,,,1.494542401343409,2.486033519553073,2.486033519553073,2.1948212083847105,3.26605504587156
C000000011,VIS-11_SW_data_07-July-2026_08-40-05,1,AVC,340.2,340.2,826.6,72.6,,ok,False,3,8.268472906403941,8.268472906403941,False,velocity gauss,25.454680896136114,4,False,,4,2026-09-29 12:47:44,False,energy,,,4.529262086513995,9.673913043478262,8.768472906403941,7.385892116182573,10.787878787878787
C000000011,VIS-11_SW_data_07-July-2026_08-40-05,2,MVC,899.6,26.1,826.6,72.6,,ok,False,2,2.2953091684434974,2.2953091684434974,False,velocity gauss,32.255207821898246,4,False,,4,2026-09-29 12:49:57,False,energy,,,1.6527390900649952,3.6475409836065578,3.7953091684434974,3.7953091684434974,4.759358288770054
C000000011,VIS-11_SW_data_07-July-2026_08-40-05,3,AVC,1148.0,274.5,826.6,72.6,,ok,False,1,2.363984674329502,2.363984674329502,False,Keijzer velocity,23.61574035801306,4,False,,4,2026-09-29 12:51:21,False,energy,,,20.0,1.2059620596205962,1.363984674329502,1.543798785776236,-1.8126272912423627
C000000012,VIS-014_SW_data_07-July-2026_11-41-37,0,?,61.6,,,,,unusable,False,3,3.4568106312292364,3.4568106312292364,False,velocity median,38.02008299900981,4,False,,4,2026-09-29 12:52:52,False,energy,,,3.5108481262327422,2.9568106312292364,2.9568106312292364,2.625368731563422,3.5108481262327422
C000000012,VIS-014_SW_data_07-July-2026_11-41-37,1,?,474.1,,,,,unusable,False,0,,,False,,32.367191476677256,4,False,,4,2026-09-29 12:53:01,False,energy,,,-1.363984674329502,-1.8483904465212877,-2.0965842167255597,-2.486033519553073,4.759358288770054
C000000012,VIS-014_SW_data_07-July-2026_11-41-37,2,?,764.6,,,,,unusable,False,3,1.2544045102184638,1.2544045102184638,False,velocity median,30.061458230919914,4,False,,4,2026-09-29 12:53:37,False,energy,,,-6.846153846153847,1.2544045102184638,1.2544045102184638,1.1469072164948455,1.2544045102184638
C000000012,VIS-014_SW_data_07-July-2026_11-41-37,3,?,1029.2,,,,,unusable,False,1,4.1,4.1,False,Keijzer velocity,35.259268461584746,4,False,,4,2026-09-29 12:55:47,False,energy,,,14.015748031496063,-2.3027166882276844,-5.973154362416108,3.955555555555556,-8.018018018018019
C000000013,VIS-016_SW_data_10-July-2026_10-11-11,0,MVC,36.7,36.7,697.1,86.1,,ok,False,3,3.529262086513995,3.529262086513995,False,acceleration,23.33387713546422,4,False,,4,2026-09-29 12:56:57,False,energy,,,20.0,4.129930394431555,4.529262086513995,8.018018018018019,3.5108481262327422
C000000013,VIS-016_SW_data_10-July-2026_10-11-11,1,AK,484.9,484.9,697.1,86.1,,ok,False,0,-1.4483319772172498,-1.4483319772172498,False,velocity gauss,25.13330815306696,4,False,,4,2026-09-29 12:57:25,False,energy,,,-1.624087591240876,-1.3841368584758942,-1.4483319772172498,-4.320388349514563,-1.4483319772172498
C000000013,VIS-016_SW_data_10-July-2026_10-11-11,2,MVC,720.4,36.8,697.1,86.1,,ok,False,3,2.125368731563422,2.125368731563422,False,velocity median,28.697155121124915,4,False,,4,2026-09-29 13:04:07,False,energy,,,2.247474747474748,2.625368731563422,2.625368731563422,3.955555555555556,2.360742705570292
C000000013,VIS-016_SW_data_10-July-2026_10-11-11,3,AVC,1129.7,446.1,697.1,86.1,,ok,False,0,,,False,,24.03107316777716,4,False,,4,2026-09-29 13:04:17,False,energy,,,-2.1948212083847105,-1.8483904465212877,-2.866344605475041,-2.7812500000000004,-1.5696649029982364
C000000014,VIS-008_SW_data_10-July-2026_08-36-06,0,?,54.0,,,,,unusable,False,3,5.320388349514563,5.320388349514563,False,velocity median,29.026136437055264,4,False,,4,2026-09-29 13:23:45,False,energy,,,8.768472906403941,4.320388349514563,4.320388349514563,4.320388349514563,4.320388349514563
C000000014,VIS-008_SW_data_10-July-2026_08-36-06,1,?,623.2,,,,,unusable,False,2,2.67,2.67,False,Keijzer velocity,27.947389017848383,4,False,,4,2026-09-29 13:26:28,False,energy,,,-2.1445783132530125,-2.1445783132530125,-2.1445783132530125,9.673913043478262,-1.1756935270805813
C000000014,VIS-008_SW_data_10-July-2026_08-36-06,2,?,937.4,,,,,unusable,False,2,3.2300000000000004,3.2300000000000004,False,velocity median,39.37759863391754,4,False,,4,2026-09-29 13:28:10,False,energy,,,-1.6527390900649952,-1.7782217782217782,-1.7782217782217782,-1.7450980392156865,-1.8126272912423627
C000000014,VIS-008_SW_data_10-July-2026_08-36-06,3,?,1094.0,,,,,unusable,False,3,3.2010622154779975,3.2010622154779975,False,velocity median,29.799610960656036,4,False,,4,2026-09-29 13:32:54,False,energy,,,4.529262086513995,2.7010622154779975,2.7010622154779975,3.26605504587156,3.384030418250951
C000000015,VIS-017_SW_data_10-July-2026_10-53-28,0,MVC,47.5,47.5,664.8,90.3,,ok,False,3,5.0,5.0,False,velocity median,35.409929114146784,4,False,,4,2026-09-29 13:34:54,False,energy,,,3.955555555555556,20.0,20.0,20.0,8.018018018018019
C000000015,VIS-017_SW_data_10-July-2026_10-53-28,1,AK,456.8,456.8,664.8,90.3,,ok,False,0,,,False,,24.750664071158152,4,False,,4,2026-09-29 13:35:02,False,energy,,,-2.7812500000000004,-5.615141955835963,-10.787878787878787,-12.191780821917808,16.48148148148148
C000000015,VIS-017_SW_data_10-July-2026_10-53-28,2,MVC,690.1,49.6,664.8,90.3,,ok,False,3,3.7976190476190483,3.7976190476190483,False,velocity median,34.88656310519139,4,False,,4,2026-09-29 13:45:18,False,energy,,,1.7782217782217782,5.297619047619048,5.297619047619048,6.3799283154121875,8.018018018018019
C000000015,VIS-017_SW_data_10-July-2026_10-53-28,3,AVC,1087.6,447.0,664.8,90.3,,ok,False,0,,,False,,34.976100741579714,4,False,,4,2026-09-29 13:45:37,False,energy,,,1.0,1.1469072164948455,1.2216884008236102,-20.0,1.2059620596205962
C000000016,VIS-015_SW_data_10-July-2026_09-24-32,0,MVC,56.2,56.2,856.1,70.1,,ok,False,3,2.5538020086083217,2.5538020086083217,False,velocity gauss,29.085032419728748,4,False,,4,2026-09-29 13:47:06,False,energy,,,4.129930394431555,2.486033519553073,2.5538020086083217,2.5538020086083217,2.9568106312292364
C000000016,VIS-015_SW_data_10-July-2026_09-24-32,1,AVC,388.8,388.8,856.1,70.1,,ok,False,3,6.846153846153847,6.846153846153847,False,velocity median,22.210619350916573,4,False,,4,2026-09-29 13:48:25,False,energy,,,4.320388349514563,6.846153846153847,6.846153846153847,6.3799283154121875,7.385892116182573
C000000016,VIS-015_SW_data_10-July-2026_09-24-32,2,MVC,951.5,55.9,856.1,70.1,,ok,False,3,2.2753687315634217,2.2753687315634217,False,velocity median,29.085032419728748,4,False,,4,2026-09-29 13:48:58,False,energy,,,3.1560283687943267,2.486033519553073,2.625368731563422,2.486033519553073,2.7812500000000004
C000000016,VIS-015_SW_data_10-July-2026_09-24-32,3,AVC,1175.0,279.5,856.1,70.1,,ok,False,0,,,False,,24.381840073730977,4,False,,4,2026-09-29 14:01:17,False,energy,,,-5.615141955835963,-5.615141955835963,-5.615141955835963,-8.768472906403941,-5.615141955835963
C000000018,VIS-012_SW_data_07-July-2026_09-21-31,0,MVC,55.1,55.1,699.6,85.8,,ok,False,2,2.210000000000001,2.210000000000001,False,velocity median,36.20149789823607,4,False,,4,2026-09-29 14:12:18,False,energy,,,-5.615141955835963,-16.48148148148148,-16.48148148148148,-20.0,-16.48148148148148
C000000018,VIS-012_SW_data_07-July-2026_09-21-31,1,AVC,442.8,442.8,699.6,85.8,,ok,False,0,,,False,,27.200161694481356,4,False,,4,2026-09-29 14:12:25,False,energy,,,-1.0,3.1560283687943267,3.1560283687943267,5.973154362416108,2.486033519553073
C000000018,VIS-012_SW_data_07-July-2026_09-21-31,2,MVC,761.4,52.3,699.6,85.8,,ok,False,2,3.25,3.25,False,velocity gauss,28.934513516721417,4,False,,4,2026-09-29 14:13:55,False,energy,,,-4.320388349514563,-5.615141955835963,-6.3799283154121875,-8.018018018018019,-4.320388349514563
C000000018,VIS-012_SW_data_07-July-2026_09-21-31,3,AVC,1056.2,347.2,699.6,85.8,,ok,False,3,3.0531732418524875,3.0531732418524875,False,velocity gauss,26.691147907473187,4,False,,4,2026-09-29 14:14:49,False,energy,,,1.543798785776236,3.0531732418524875,3.0531732418524875,3.0531732418524875,2.4217687074829937
C000000019,VIS-027_SW_data_21-July-2026_11-19-20,0,MVC,54.0,54.0,1231.1,48.7,,ok,False,3,3.384030418250951,3.384030418250951,False,velocity median,29.50382224359803,4,False,,4,2026-09-29 14:32:00,False,energy,,,3.7953091684434974,3.384030418250951,3.384030418250951,3.384030418250951,3.384030418250951
C000000019,VIS-027_SW_data_21-July-2026_11-19-20,1,other,225.7,225.7,1231.1,48.7,,ok,False,0,,,False,,29.305997597514548,4,False,,4,2026-09-29 14:32:48,False,energy,,,4.529262086513995,5.615141955835963,5.297619047619048,8.018018018018019,4.320388349514563
C000000019,VIS-027_SW_data_21-July-2026_11-19-20,2,AVC,562.7,562.7,1231.1,48.7,,ok,False,0,,,False,,21.833374254412412,4,False,,4,2026-09-29 14:35:15,False,energy,,,8.768472906403941,3.6475409836065578,16.48148148148148,2.5538020086083217,-2.486033519553073
C000000020,VIS-026_SW_data_21-July-2026_10-42-10,0,MVC,92.9,92.9,1297.6,46.2,,corrected,False,3,2.2976190476190483,2.2976190476190483,False,velocity median,51.60009307406784,4,False,,4,2026-09-29 14:36:59,False,energy,,,3.384030418250951,4.759358288770054,5.297619047619048,4.529262086513995,3.955555555555556
C000000020,VIS-026_SW_data_21-July-2026_10-42-10,1,AVC,416.9,416.9,1297.6,46.2,,corrected,False,3,6.3799283154121875,6.3799283154121875,False,velocity gauss,41.73125933098789,4,False,,4,2026-09-29 14:37:23,False,energy,,,4.129930394431555,6.3799283154121875,6.3799283154121875,6.3799283154121875,6.3799283154121875
C000000020,VIS-026_SW_data_21-July-2026_10-42-10,2,other,637.2,637.2,1297.6,46.2,,corrected,False,0,,,False,,47.76898413875108,4,False,,4,2026-09-29 14:37:29,False,energy,,,1.543798785776236,1.5696649029982364,1.6824196597353498,1.7131857555341674,2.0506912442396317
C000000021,VIS-024_SW_data_17-July-2026_09-35-47,0,MVC,74.5,74.5,835.6,71.8,,warn,False,3,3.26605504587156,3.26605504587156,False,velocity gauss,36.23177299380899,4,False,,4,2026-09-29 14:39:46,False,energy,,,2.1948212083847105,3.26605504587156,3.26605504587156,3.955555555555556,2.7812500000000004
C000000021,VIS-024_SW_data_17-July-2026_09-35-47,1,AVC,393.1,393.1,835.6,71.8,,warn,False,3,3.1560283687943267,3.1560283687943267,False,velocity gauss,28.40957393524716,4,False,,4,2026-09-29 14:40:05,False,energy,,,3.6475409836065578,2.9568106312292364,3.1560283687943267,2.9568106312292364,2.625368731563422
C000000021,VIS-024_SW_data_17-July-2026_09-35-47,2,MVC,851.0,132.5,835.6,71.8,,warn,False,2,1.860742705570292,1.860742705570292,False,velocity gauss,35.32430382577431,4,False,,4,2026-09-29 14:51:26,False,energy,,,1.2889210716871833,2.360742705570292,2.360742705570292,3.955555555555556,2.7812500000000004
C000000021,VIS-024_SW_data_17-July-2026_09-35-47,3,AVC,1004.4,285.8,835.6,71.8,,warn,False,0,,,False,,32.553455589264,4,False,,4,2026-09-29 14:51:35,False,energy,,,-8.018018018018019,5.014084507042254,5.014084507042254,-7.385892116182573,5.297619047619048
C000000022,VIS-023_SW_data_17-July-2026_08-48-06,0,MVC,135.0,135.0,900.1,66.7,,ok,False,0,,,False,,24.8434291461122,4,False,,4,2026-09-29 14:57:48,False,energy,,,16.48148148148148,-1.1611219830397914,-3.5108481262327422,-8.768472906403941,2.247474747474748
C000000022,VIS-023_SW_data_17-July-2026_08-48-06,1,AVC,500.0,500.0,900.1,66.7,,ok,False,1,1.3444108761329308,1.3444108761329308,False,Keijzer velocity,20.458226270522175,4,False,,4,2026-09-29 14:58:51,False,energy,,,1.3444108761329308,1.1756935270805813,1.3444108761329308,3.26605504587156,1.3444108761329308
C000000022,VIS-023_SW_data_17-July-2026_08-48-06,2,AK,796.0,796.0,900.1,66.7,,ok,False,3,1.9126272912423627,1.9126272912423627,False,velocity gauss,20.804771366015146,4,False,,4,2026-09-29 14:59:20,False,energy,,,1.8855932203389834,1.8126272912423627,1.8126272912423627,1.6824196597353498,1.9243243243243244
C000000022,VIS-023_SW_data_17-July-2026_08-48-06,3,MVC,960.1,20.0,900.1,66.7,,ok,False,3,7.268472906403941,7.268472906403941,False,velocity gauss,20.108172857803815,4,False,,4,2026-09-29 15:06:39,False,energy,,,7.385892116182573,8.768472906403941,8.768472906403941,12.191780821917808,4.529262086513995
C000000023,VIS-022_SW_data_14-July-2026_11-41-10,0,MVC,42.1,42.1,817.1,73.4,,corrected,False,3,1.8027166882276844,1.8027166882276844,False,velocity median,36.967133295275104,4,False,,4,2026-09-29 15:11:32,False,energy,,,4.129930394431555,2.0965842167255597,2.3027166882276844,2.0506912442396317,2.4217687074829937
C000000023,VIS-022_SW_data_14-July-2026_11-41-10,1,AVC,451.4,451.4,817.1,73.4,,corrected,False,3,4.8799283154121875,4.8799283154121875,False,velocity median,33.720626922597575,4,False,,4,2026-09-29 15:12:28,False,energy,,,4.129930394431555,6.3799283154121875,6.3799283154121875,5.973154362416108,5.973154362416108
C000000023,VIS-022_SW_data_14-July-2026_11-41-10,2,MVC,874.8,14.2,817.1,73.4,,corrected,False,3,2.625368731563422,2.625368731563422,False,velocity median,42.29206145856446,4,False,,4,2026-09-29 15:13:44,False,energy,,,3.1560283687943267,2.4217687074829937,2.625368731563422,2.4217687074829937,2.4217687074829937
C000000023,VIS-022_SW_data_14-July-2026_11-41-10,3,AVC,1132.9,272.3,817.1,73.4,,corrected,False,0,,,False,,38.64917096274312,4,False,,4,2026-09-29 15:13:50,False,energy,,,1.6527390900649952,16.48148148148148,16.48148148148148,-8.768472906403941,-16.48148148148148
C000000025,VIS-025_SW_data_21-July-2026_09-53-09,0,MVC,57.2,57.2,792.1,75.8,,ok,False,3,3.955555555555556,3.955555555555556,False,velocity median,27.32350540644537,4,False,,4,2026-09-29 15:38:38,False,energy,,,5.615141955835963,3.7953091684434974,3.955555555555556,3.955555555555556,4.129930394431555
C000000025,VIS-025_SW_data_21-July-2026_09-53-09,1,AVC,355.3,355.3,792.1,75.8,,ok,False,3,3.384030418250951,3.384030418250951,False,velocity median,30.21366469372229,4,False,,4,2026-09-29 15:38:50,False,energy,,,3.1560283687943267,3.384030418250951,3.384030418250951,3.955555555555556,3.955555555555556
C000000025,VIS-025_SW_data_21-July-2026_09-53-09,2,MVC,873.7,38.7,792.1,75.8,,ok,False,3,3.7953091684434974,3.7953091684434974,False,velocity median,29.00687859174592,4,False,,4,2026-09-29 15:46:51,False,energy,,,2.9568106312292364,3.26605504587156,3.7953091684434974,4.129930394431555,4.320388349514563
C000000025,VIS-025_SW_data_21-July-2026_09-53-09,3,AVC,1145.9,310.8,792.1,75.8,,ok,False,2,2.360742705570292,2.360742705570292,False,velocity median,30.773873411924285,4,False,,4,2026-09-29 15:47:18,False,energy,,,2.3027166882276844,2.360742705570292,2.360742705570292,2.7812500000000004,4.759358288770054
C000000026,VIS-020_SW_data_14-July-2026_10-03-40,0,MVC,131.8,131.8,834.1,71.9,,ok,False,0,11.920000000000002,11.920000000000002,False,Keijzer velocity,30.63550914786961,4,False,,4,2026-09-29 15:52:49,False,energy,,,-2.3027166882276844,-4.529262086513995,-6.846153846153847,-9.673913043478262,-8.768472906403941
C000000026,VIS-020_SW_data_14-July-2026_10-03-40,1,AVC,503.3,503.3,834.1,71.9,,ok,False,0,,,False,,34.532520554088954,4,False,,4,2026-09-29 15:53:05,False,energy,,,-12.191780821917808,7.385892116182573,7.385892116182573,-5.297619047619048,-1.7450980392156865
C000000026,VIS-020_SW_data_14-July-2026_10-03-40,2,MVC,908.3,13.2,834.1,71.9,,ok,False,3,1.9010622154779977,1.9010622154779977,False,velocity gauss,31.326217810153732,4,False,,4,2026-09-29 15:56:36,False,energy,,,1.4710743801652892,2.360742705570292,2.7010622154779975,2.7010622154779975,2.866344605475041
C000000026,VIS-020_SW_data_14-July-2026_10-03-40,3,AVC,1170.7,275.6,834.1,71.9,,ok,False,0,,,False,,32.26554715315691,4,False,,4,2026-09-29 15:56:41,False,energy,,,-16.48148148148148,4.759358288770054,4.320388349514563,5.973154362416108,4.529262086513995
C000000027,VIS-019_SW_data_14-July-2026_09-20-26,0,MVC,56.2,56.2,920.6,65.2,,ok,False,3,2.7560283687943263,2.7560283687943263,False,velocity median,37.62039571228851,1,True,True,4,2026-09-29 16:00:10,False,energy,,,2.7812500000000004,3.1560283687943267,3.1560283687943267,2.9568106312292364,3.26605504587156
C000000027,VIS-019_SW_data_14-July-2026_09-20-26,1,AVC,465.5,465.5,920.6,65.2,,ok,False,3,3.916344605475041,3.916344605475041,False,velocity gauss,38.31975696802947,1,True,True,4,2026-09-29 16:00:46,False,energy,,,3.5108481262327422,2.866344605475041,2.866344605475041,4.320388349514563,12.191780821917808
C000000027,VIS-019_SW_data_14-July-2026_09-20-26,2,MVC,950.4,54.8,920.6,65.2,,ok,False,3,3.1560283687943267,3.1560283687943267,False,velocity gauss,37.62039571228851,1,True,True,4,2026-09-29 16:00:59,False,energy,,,2.3027166882276844,3.1560283687943267,3.1560283687943267,2.866344605475041,3.26605504587156
C000000027,VIS-019_SW_data_14-July-2026_09-20-26,3,AVC,1184.8,289.2,920.6,65.2,,ok,False,0,,,False,,37.670013488881565,4,False,,4,2026-09-29 16:01:06,False,energy,,,-1.0,-1.8855932203389834,1.0218140068886339,-1.5964125560538118,1.0
C000000028,VIS-018_SW_data_14-July-2026_08-30-41,0,MVC,48.6,48.6,1092.1,54.9,,ok,False,3,4.268472906403941,4.268472906403941,False,acceleration,35.81731013436332,1,True,True,4,2026-09-29 16:09:26,False,energy,,,4.759358288770054,8.768472906403941,8.768472906403941,5.615141955835963,4.529262086513995
C000000028,VIS-018_SW_data_14-July-2026_08-30-41,1,AVC,358.6,358.6,1092.1,54.9,,ok,False,3,3.955555555555556,3.955555555555556,False,velocity median,17.516736953598063,4,False,,4,2026-09-29 16:27:43,False,energy,,,4.129930394431555,3.955555555555556,3.955555555555556,4.129930394431555,3.7953091684434974
C000000028,VIS-018_SW_data_14-July-2026_08-30-41,2,AVC,529.2,529.2,1092.1,54.9,,ok,False,1,1.4000000000000004,1.4000000000000004,False,velocity median,24.60472469121959,4,False,,4,2026-09-29 16:39:41,False,energy,,,-1.8855932203389834,-1.4483319772172498,-1.6527390900649952,5.615141955835963,-1.033081834010447
C000000028,VIS-018_SW_data_14-July-2026_08-30-41,3,MVC,1157.8,50.7,1092.1,54.9,,ok,False,3,3.7953091684434974,3.7953091684434974,False,acceleration,35.817310134363325,1,True,False,4,2026-09-29 16:40:11,False,energy,,,3.1560283687943267,3.6475409836065578,3.7953091684434974,3.955555555555556,3.955555555555556
C000000029,VIS-031_SW_data_24-July-2026_11-11-50,0,MVC,99.4,99.4,850.1,70.6,,ok,False,1,8.346153846153847,8.346153846153847,False,velocity gauss,48.50324629080212,1,True,True,4,2026-09-29 16:44:24,False,energy,,,3.6475409836065578,6.3799283154121875,6.846153846153847,7.385892116182573,3.6475409836065578
C000000029,VIS-031_SW_data_24-July-2026_11-11-50,1,AVC,348.8,348.8,850.1,70.6,,ok,False,2,12.0,12.0,False,acceleration,21.413068195400594,4,False,,4,2026-09-29 16:44:56,False,energy,,,4.129930394431555,9.673913043478262,12.191780821917808,14.015748031496063,6.3799283154121875
C000000029,VIS-031_SW_data_24-July-2026_11-11-50,2,MVC,927.7,47.1,850.1,70.6,,ok,False,0,-2.7812500000000004,-2.7812500000000004,False,velocity gauss,36.62319244350397,4,False,,4,2026-09-29 16:47:21,False,energy,,,5.014084507042254,-2.4217687074829937,-2.7812500000000004,-2.4217687074829937,-2.7812500000000004
C000000029,VIS-031_SW_data_24-July-2026_11-11-50,3,AVC,1158.8,278.3,850.1,70.6,,ok,False,0,,,False,,34.853494954146996,4,False,,4,2026-09-29 16:47:30,False,energy,,,-1.3444108761329308,-1.4483319772172498,-1.4483319772172498,-12.191780821917808,1.7782217782217782
C000000030,VIS-029_SW_data_24-July-2026_09-36-27,0,MVC,46.4,46.4,831.1,72.2,,warn,False,2,4.73,4.73,False,velocity median,27.10378949052601,1,True,True,4,2026-09-29 16:50:17,False,energy,,,-20.0,-8.768472906403941,-8.768472906403941,-9.673913043478262,-9.673913043478262
