folder,n_frames,median_pair,min_pair,second_min,jump_after_slot,at_return_point,wrap_pair,pairs
C000000001/SWE_01_SW_data_21-April-2026_12-12-54,26,0.839,0.602,0.78,6,True,0.909,0.92 0.91 0.79 0.78 0.83 0.60 0.88 0.89 0.92 0.94 0.92 0.80 0.84 0.83 0.88 0.82 0.86 0.79 0.84 0.81 0.81 0.81 0.87 0.88 0.87
C000000002/SWE02_SW_data_28-April-2026_10-09-45,26,0.928,0.864,0.876,3,False,0.956,0.95 0.89 0.86 0.90 0.91 0.91 0.92 0.94 0.96 0.96 0.97 0.97 0.97 0.88 0.88 0.89 0.93 0.93 0.93 0.93 0.91 0.92 0.93 0.96 0.96
C000000003/VIS_03_SW_data_16-June-2026_10-09-42,26,0.96,0.919,0.946,1,True,0.966,0.92 0.97 0.98 0.97 0.97 0.95 0.95 0.97 0.96 0.96 0.96 0.96 0.96 0.95 0.96 0.96 0.96 0.96 0.96 0.95 0.96 0.96 0.97 0.96 0.97
C000000004/VIS_4_SW_data_16-June-2026_10-58-59,26,0.958,0.921,0.924,10,False,0.946,0.92 0.95 0.95 0.95 0.96 0.96 0.94 0.96 0.94 0.92 0.97 0.95 0.94 0.97 0.95 0.96 0.96 0.97 0.96 0.96 0.96 0.97 0.97 0.96 0.96
C000000005/VIS-005_SW_data_19-June-2026_09-12-20,26,0.934,0.866,0.873,11,True,0.957,0.95 0.90 0.87 0.92 0.92 0.92 0.95 0.97 0.93 0.92 0.87 0.96 0.95 0.91 0.91 0.93 0.95 0.95 0.93 0.94 0.93 0.95 0.95 0.96 0.96
C000000007/VIS-007_SW_data_30-June-2026_11-45-50,26,0.949,0.906,0.913,20,False,0.962,0.96 0.97 0.97 0.97 0.96 0.94 0.92 0.95 0.96 0.94 0.94 0.94 0.95 0.94 0.94 0.95 0.96 0.96 0.95 0.91 0.91 0.92 0.94 0.96 0.96
C000000008/VIS-010_SW_data_03-July-2026_10-36-33,26,0.945,0.901,0.919,9,False,0.936,0.93 0.93 0.92 0.95 0.95 0.95 0.96 0.96 0.90 0.95 0.95 0.95 0.95 0.94 0.95 0.95 0.92 0.94 0.95 0.94 0.93 0.95 0.95 0.93 0.94
C000000010/vis-006_SW_data_30-June-2026_09-43-28,26,0.941,0.824,0.91,16,True,0.949,0.95 0.92 0.92 0.94 0.95 0.95 0.93 0.91 0.91 0.91 0.95 0.92 0.94 0.94 0.96 0.82 0.93 0.94 0.94 0.92 0.94 0.95 0.95 0.96 0.96
C000000011/VIS-11_SW_data_07-July-2026_08-40-05,32,0.932,0.737,0.884,20,False,0.892,0.92 0.95 0.94 0.95 0.95 0.94 0.88 0.91 0.93 0.93 0.93 0.92 0.92 0.92 0.94 0.94 0.95 0.95 0.93 0.74 0.94 0.93 0.93 0.91 0.92 0.93 0.94 0.95 0.94 0.94 0.94
C000000012/VIS-014_SW_data_07-July-2026_11-41-37,32,0.943,0.911,0.92,16,True,0.822,0.92 0.93 0.95 0.92 0.93 0.94 0.94 0.94 0.94 0.95 0.96 0.95 0.95 0.94 0.92 0.91 0.92 0.93 0.94 0.96 0.97 0.97 0.95 0.92 0.93 0.96 0.92 0.94 0.94 0.95 0.94
C000000013/VIS-016_SW_data_10-July-2026_10-11-11,32,0.888,0.741,0.789,21,True,0.944,0.91 0.90 0.84 0.85 0.92 0.88 0.89 0.90 0.91 0.93 0.94 0.94 0.91 0.80 0.82 0.87 0.87 0.88 0.93 0.87 0.74 0.91 0.92 0.94 0.93 0.90 0.79 0.85 0.87 0.84 0.88
C000000014/VIS-008_SW_data_10-July-2026_08-36-06,32,0.929,0.815,0.818,3,False,0.863,0.83 0.86 0.82 0.89 0.96 0.96 0.96 0.82 0.87 0.84 0.94 0.96 0.95 0.96 0.94 0.89 0.85 0.91 0.94 0.94 0.93 0.90 0.91 0.91 0.91 0.94 0.94 0.95 0.95 0.93 0.93
