folder,n_frames,rr_ms,span_ms,best_stop_slot,best_delta_ms,best_score,norot_best_delta_ms,norot_best_score,current_score,ceiling,stop_is_return_point,b3_source,rpeak_frame,rpeak_frame_assumed_ms,rpeak_frame_fit_phase_ms,rpeak_frame_b1match_phase_ms,rpeak_frame_b1match_corr
C000000011/VIS-11_SW_data_07-July-2026_08-40-05,30,826.5720000000438,1198.7999999999997,30,-20.0,0.928,-20.0,0.928,0.927,0.943,False,control,0,0.0,849.1,835.1,0.97
C000000015/VIS-017_SW_data_10-July-2026_10-53-28,30,665.0589999994263,1198.7999999999997,30,0.0,0.907,0.0,0.907,0.907,0.935,False,control,0,0.0,0.0,70.9,0.935
C000000020/VIS-026_SW_data_21-July-2026_10-42-10,30,1299.115000000107,1198.7999999999997,30,6.0,0.959,6.0,0.959,0.959,0.962,False,control,0,0.0,6.0,67.7,0.963
C000000025/VIS-025_SW_data_21-July-2026_09-53-09,30,792.0669999998063,1198.7999999999997,30,4.0,0.962,4.0,0.962,0.961,0.964,False,control,0,0.0,4.0,7.7,0.97
C000000029/VIS-031_SW_data_24-July-2026_11-11-50,30,850.0729999999749,1198.7999999999997,30,-6.0,0.95,-6.0,0.95,0.95,0.953,False,control,0,0.0,865.1,863.7,0.956
C000000033/VIS-028_SW_data_24-July-2026_08-43-33,30,1181.600000000035,1198.7999999999997,28,-54.0,0.925,26.0,0.925,0.923,0.952,False,control,0,0.0,25.9,1110.2,0.964
C000000039/VIS-040_SW_data_04-August-2026_11-46-05,30,824.5740000000224,1198.7999999999997,30,-20.0,0.961,-20.0,0.961,0.96,0.97,False,control,0,0.0,761.6,90.6,0.972
C000000045/VIS-033_SW_data_28-July-2026_09-25-55,30,1112.5979999997653,1198.7999999999997,29,-44.0,0.94,8.0,0.94,0.939,0.946,False,control,0,0.0,1155.6,6.5,0.959
C000000011/VIS-11_SW_data_07-July-2026_08-43-46,30,857.5750000000698,1198.7999999999997,30,-28.0,0.955,-28.0,0.955,0.952,0.963,False,control,0,0.0,809.1,836.1,0.964
C000000011/VIS-11_SW_data_07-July-2026_08-48-43,30,844.0729999999749,1198.7999999999997,30,-4.0,0.955,-4.0,0.955,0.955,0.961,False,control,0,0.0,849.6,840.8,0.965
C000000011/VIS-11_SW_data_07-July-2026_08-52-16,30,898.0770000000484,1198.7999999999997,30,-26.0,0.937,-26.0,0.937,0.935,0.952,False,control,0,0.0,871.1,884.6,0.956
C000000012/VIS-014_SW_data_07-July-2026_11-43-19,30,240.5230000000447,1198.7999999999997,30,0.0,0.953,0.0,0.953,0.953,0.968,False,control,0,0.0,0.0,968.2,0.967
C000000012/VIS-014_SW_data_07-July-2026_11-52-35,30,829.0729999998584,1198.7999999999997,5,26.0,0.957,-22.0,0.952,0.949,0.966,False,control,0,0.0,1025.0,625.8,0.965
C000000012/VIS-014_SW_data_07-July-2026_11-56-44,30,708.061999999918,1198.7999999999997,30,2.0,0.964,2.0,0.964,0.963,0.967,False,control,0,0.0,2.0,14.3,0.973
C000000012/VIS-014_SW_data_07-July-2026_12-05-40,30,926.0800000000745,1198.7999999999997,30,-2.0,0.966,-2.0,0.966,0.966,0.968,False,control,0,0.0,930.6,886.5,0.969
C000000013/VIS-016_SW_data_10-July-2026_10-13-38,30,755.5659999998752,1198.7999999999997,30,-10.0,0.931,-10.0,0.931,0.93,0.946,False,control,0,0.0,764.1,87.1,0.934
C000000013/VIS-016_SW_data_10-July-2026_10-16-57,30,719.064000000013,1198.7999999999997,30,0.0,0.92,0.0,0.92,0.92,0.94,False,control,0,0.0,0.0,98.4,0.918
C000000013/VIS-016_SW_data_10-July-2026_10-19-58,30,805.0719999996945,1198.7999999999997,30,16.0,0.932,16.0,0.932,0.93,0.944,False,control,0,0.0,16.0,97.0,0.957
C000000014/VIS-008_SW_data_10-July-2026_08-38-51,30,981.5849999999627,1198.7999999999997,30,0.0,0.97,0.0,0.97,0.97,0.972,False,control,0,0.0,0.0,5.9,0.969
C000000014/VIS-008_SW_data_10-July-2026_08-45-21,30,982.5860000000102,1198.7999999999997,30,0.0,0.972,0.0,0.972,0.972,0.973,False,control,0,0.0,0.0,6.3,0.974
C000000014/VIS-008_SW_data_10-July-2026_08-51-48,30,983.0840000000317,1198.7999999999997,30,-4.0,0.968,-4.0,0.968,0.968,0.97,False,control,0,0.0,1019.1,1030.1,0.967
C000000014/VIS-008_SW_data_10-July-2026_08-54-18,30,1002.0859999998938,1198.7999999999997,30,0.0,0.968,0.0,0.968,0.968,0.971,False,control,0,0.0,0.0,1.1,0.97
C000000015/VIS-017_SW_data_10-July-2026_10-55-41,30,702.5620000000054,1198.7999999999997,30,-8.0,0.936,-8.0,0.936,0.935,0.952,False,control,0,0.0,755.6,10.3,0.951
C000000015/VIS-017_SW_data_10-July-2026_10-58-33,30,697.0620000000345,1198.7999999999997,30,-4.0,0.954,-4.0,0.954,0.954,0.959,False,control,0,0.0,725.1,5.9,0.952
C000000015/VIS-017_SW_data_10-July-2026_11-01-40,30,750.0669999999809,1198.7999999999997,30,24.0,0.948,24.0,0.948,0.947,0.957,False,control,0,0.0,24.0,128.0,0.964
C000000016/VIS-015_SW_data_10-July-2026_09-27-06,30,868.0750000001863,1198.7999999999997,30,-2.0,0.966,-2.0,0.966,0.963,0.968,False,control,0,0.0,851.1,1.2,0.964
C000000016/VIS-015_SW_data_10-July-2026_09-30-28,30,859.0920000001788,1198.7999999999997,30,-2.0,0.896,-2.0,0.896,0.894,0.924,False,control,0,0.0,936.6,475.6,0.919
C000000016/VIS-015_SW_data_10-July-2026_09-33-53,30,774.0679999999702,1198.7999999999997,30,-4.0,0.956,-4.0,0.956,0.955,0.969,False,control,0,0.0,740.6,58.1,0.964
C000000016/VIS-015_SW_data_10-July-2026_09-37-04,30,729.5640000002459,1198.7999999999997,30,-18.0,0.969,-18.0,0.969,0.968,0.975,False,control,0,0.0,738.1,2.7,0.979
C000000017/VIS-013_SW_data_07-July-2026_10-54-33,30,697.0610000006855,1198.7999999999997,30,-4.0,0.977,-4.0,0.977,0.977,0.977,False,control,0,0.0,704.1,2.1,0.976
C000000017/VIS-013_SW_data_07-July-2026_10-58-36,30,694.060999999987,1198.7999999999997,29,-36.0,0.956,4.0,0.955,0.954,0.966,False,control,0,0.0,4.0,32.9,0.965
C000000017/VIS-013_SW_data_07-July-2026_11-02-03,30,684.0580000000191,1198.7999999999997,30,-4.0,0.97,-4.0,0.97,0.97,0.971,False,control,0,0.0,679.6,1.4,0.972
C000000017/VIS-013_SW_data_07-July-2026_11-05-54,30,712.0659999999916,1198.7999999999997,30,2.0,0.976,2.0,0.976,0.976,0.977,False,control,0,0.0,2.0,12.6,0.976
C000000018/VIS-012_SW_data_07-July-2026_09-25-14,30,715.0640000002459,1198.7999999999997,30,0.0,0.962,0.0,0.962,0.962,0.964,False,control,0,0.0,0.0,-0.2,0.973
C000000018/VIS-012_SW_data_07-July-2026_09-30-37,30,726.5640000002459,1198.7999999999997,30,-28.0,0.947,-28.0,0.947,0.947,0.96,False,control,0,0.0,658.1,0.5,0.956
C000000018/VIS-012_SW_data_07-July-2026_09-33-48,30,707.061999999918,1198.7999999999997,30,-12.0,0.974,-12.0,0.974,0.973,0.976,False,control,0,0.0,701.1,713.9,0.978
C000000019/VIS-027_SW_data_21-July-2026_11-20-48,30,1237.6090000001714,1198.7999999999997,30,0.0,0.971,0.0,0.971,0.971,0.972,False,control,0,0.0,0.0,1344.5,0.968
C000000019/VIS-027_SW_data_21-July-2026_11-26-55,30,1143.0989999999292,1198.7999999999997,30,-4.0,0.966,-4.0,0.966,0.965,0.966,False,control,0,0.0,1275.1,1.6,0.967
C000000019/VIS-027_SW_data_21-July-2026_11-29-29,30,1324.1159999999218,1198.7999999999997,30,-10.0,0.973,-10.0,0.973,0.972,0.974,False,control,0,0.0,1345.6,0.6,0.975
C000000019/VIS-027_SW_data_21-July-2026_11-32-16,30,1170.1030000001192,1198.7999999999997,30,-2.0,0.978,-2.0,0.978,0.978,0.978,False,control,0,0.0,1370.6,1345.1,0.98
