folder,status,first,shift,method,n_frames,trigger_run_length,trigger_first,ecg_trustworthy,continuity_first,continuity_margin,combined_first,combined_margin,buffer1_first,expected_motion_first,combined_agrees,continuity_agrees,seconds,reason
C000000001/SWE_01_SW_data_21-April-2026_12-14-53,unwrapped,7,-1,trigger-count,26,216,7,True,17,0.0374,7,4.834,7,7,True,False,50.4,
C000000001/SWE_01_SW_data_21-April-2026_12-18-31,unwrapped,3,-1,trigger-count,26,264,3,True,18,0.0344,3,4.241,3,3,True,False,51.2,
C000000001/SWE_01_SW_data_21-April-2026_12-21-32,unwrapped,7,-1,trigger-count,26,268,7,True,16,0.0524,7,5.433,7,7,True,False,48.2,
C000000002/SWE02_SW_data_28-April-2026_10-09-45,unwrapped,14,-1,trigger-count,26,769,14,True,3,0.0445,14,3.574,14,14,True,False,12.1,
C000000002/SWE02_SW_data_28-April-2026_10-13-45,unwrapped,24,-1,trigger-count,26,259,24,True,12,0.0052,24,4.332,24,24,True,False,60.2,
C000000002/SWE02_SW_data_28-April-2026_10-18-32,unwrapped,16,-1,trigger-count,26,433,16,True,8,0.0008,16,3.733,16,16,True,False,51.8,
C000000002/SWE02_SW_data_28-April-2026_10-22-19,unwrapped,8,-1,combined,26,,,True,8,0.0839,8,4.867,8,8,,,48.3,
C000000003/VIS_03_SW_data_16-June-2026_10-10-39,unwrapped,14,-1,trigger-count,26,717,14,True,14,0.0125,14,1.95,14,14,True,True,11.3,
C000000003/VIS_03_SW_data_16-June-2026_10-15-05,unwrapped,3,-1,trigger-count,26,212,3,True,8,0.0021,3,2.937,3,3,True,False,54.0,
C000000003/VIS_03_SW_data_16-June-2026_10-18-58,unwrapped,17,-1,trigger-count,26,382,17,True,21,0.0006,17,1.377,17,17,True,False,45.8,
C000000003/VIS_03_SW_data_16-June-2026_10-23-03,unwrapped,4,-1,trigger-count,26,837,4,True,19,0.0039,4,2.337,4,11,True,False,44.6,
C000000004/VIS_4_SW_data_16-June-2026_11-00-39,unwrapped,13,-1,trigger-count,26,222,13,True,19,0.005,13,2.889,13,13,True,False,49.8,
C000000004/VIS_4_SW_data_16-June-2026_11-03-50,unwrapped,14,-1,trigger-count,26,171,14,True,14,0.0524,14,6.826,14,14,True,True,50.2,
C000000004/VIS_4_SW_data_16-June-2026_11-06-25,unwrapped,8,-1,trigger-count,26,243,8,True,8,0.0072,8,3.806,8,8,True,True,46.4,
C000000005/VIS-005_SW_data_19-June-2026_09-12-20,unwrapped,11,-1,trigger-count,26,220,11,False,3,0.0312,,,,,,False,43.0,
C000000005/VIS-005_SW_data_19-June-2026_09-16-29,unwrapped,15,-1,trigger-count,26,302,15,False,15,0.0116,,,,,,True,42.0,
C000000005/VIS-005_SW_data_19-June-2026_09-19-21,unwrapped,13,-1,trigger-count,26,326,13,True,13,0.0362,13,3.793,13,13,True,True,47.9,
C000000005/VIS-005_SW_data_19-June-2026_09-27-41,unwrapped,15,-1,trigger-count,26,146,15,False,15,0.0172,,,,,,True,40.3,
C000000007/VIS-007_SW_data_30-June-2026_11-45-50,unwrapped,20,-1,trigger-count,26,177,20,False,21,0.0073,,,,,,False,6.0,
C000000007/VIS-007_SW_data_30-June-2026_11-50-55,ambiguous,-1,-1,none,26,,,False,17,0.0302,,,,,,,5.8,no trigger count; no trustworthy ECG / buffer 1 and continuity margin below threshold
C000000007/VIS-007_SW_data_30-June-2026_11-57-47,ambiguous,-1,-1,none,26,,,True,3,0.0055,12,1.158,13,13,,,11.5,no trigger count; combined margin below threshold and continuity margin below threshold
C000000007/VIS-007_SW_data_30-June-2026_12-00-27,unwrapped,10,-1,trigger-count,26,375,10,False,10,0.0,,,,,,True,45.8,
C000000008/VIS-010_SW_data_03-July-2026_10-37-44,unwrapped,21,-1,trigger-count,26,126,21,True,21,0.0035,21,3.74,21,21,True,True,42.0,
C000000008/VIS-010_SW_data_03-July-2026_10-40-54,unwrapped,11,-1,trigger-count,26,246,11,True,17,0.0053,11,3.092,11,11,True,False,41.7,
C000000008/VIS-010_SW_data_03-July-2026_10-43-23,unwrapped,7,-1,trigger-count,26,112,7,True,7,0.0406,7,5.57,7,7,True,True,44.6,
C000000009/VIS-009_SW_data_03-July-2026_09-43-33,unwrapped,10,-1,combined,26,,,True,14,0.0119,10,1.769,10,10,,,12.4,
C000000009/VIS-009_SW_data_03-July-2026_09-47-50,unwrapped,17,-1,trigger-count,26,252,17,True,19,0.003,17,2.051,17,17,True,False,46.0,
C000000009/VIS-009_SW_data_03-July-2026_09-51-59,unwrapped,5,-1,trigger-count,26,110,5,True,5,0.1312,5,2.933,5,5,True,True,43.0,
C000000009/VIS-009_SW_data_03-July-2026_09-57-15,unwrapped,6,-1,combined,26,,,True,6,0.0133,6,3.656,6,6,,,46.1,
C000000010/vis-006_SW_data_30-June-2026_09-43-28,unwrapped,16,-1,trigger-count,26,251,16,True,16,0.0695,16,5.476,16,16,True,True,10.2,
C000000010/vis-006_SW_data_30-June-2026_09-47-28,unwrapped,11,-1,trigger-count,26,194,11,True,11,0.0036,11,2.982,11,11,True,True,50.0,
C000000010/vis-006_SW_data_30-June-2026_09-52-14,unwrapped,5,-1,combined,26,,,True,5,0.0153,5,4.931,5,5,,,44.3,
C000000010/vis-006_SW_data_30-June-2026_09-56-24,unwrapped,15,-1,trigger-count,26,276,15,True,15,0.039,5,1.284,6,5,False,True,48.0,
C000000011/VIS-11_SW_data_07-July-2026_08-42-03,unwrapped,7,-1,combined,32,,,True,7,0.0052,7,4.707,7,7,,,51.9,
C000000011/VIS-11_SW_data_07-July-2026_08-47-07,unwrapped,9,-1,combined,32,,,True,9,0.0152,9,4.268,9,9,,,49.5,
C000000011/VIS-11_SW_data_07-July-2026_08-50-39,unwrapped,20,-1,combined,32,,,True,20,0.0766,20,5.289,20,20,,,51.7,
C000000011/VIS-11_SW_data_07-July-2026_08-53-32,unwrapped,16,-1,trigger-count,32,49,16,True,16,0.0527,16,4.024,16,16,True,True,54.1,
C000000012/VIS-014_SW_data_07-July-2026_11-47-54,ambiguous,-1,-1,none,32,,,False,3,0.0513,,,,,,,4.0,no trigger count; no trustworthy ECG / buffer 1 and continuity margin below threshold
C000000012/VIS-014_SW_data_07-July-2026_11-53-20,unwrapped,27,-1,trigger-count,32,60,27,True,27,0.0122,27,0.802,28,28,True,True,61.5,
C000000012/VIS-014_SW_data_07-July-2026_12-03-49,unwrapped,15,-1,trigger-count,32,48,15,True,15,0.011,15,3.965,15,15,True,True,53.8,
C000000012/VIS-014_SW_data_07-July-2026_12-06-10,unwrapped,21,-1,trigger-count,32,118,21,False,21,0.0584,,,,,,True,51.7,
C000000013/VIS-016_SW_data_10-July-2026_10-13-38,unwrapped,4,-1,combined,32,,,True,23,0.017,4,4.339,4,4,,,54.4,
C000000013/VIS-016_SW_data_10-July-2026_10-16-57,unwrapped,5,-1,combined,32,,,True,5,0.1369,5,5.2,5,5,,,54.5,
C000000013/VIS-016_SW_data_10-July-2026_10-19-58,unwrapped,31,-1,trigger-count,32,96,31,True,31,0.0802,31,4.061,31,31,True,True,53.2,
C000000014/VIS-008_SW_data_10-July-2026_08-36-06,ambiguous,-1,-1,none,32,,,False,3,0.0018,,,,,,,4.7,no trigger count; no trustworthy ECG / buffer 1 and continuity margin below threshold
C000000014/VIS-008_SW_data_10-July-2026_08-44-48,unwrapped,24,-1,combined,32,,,True,17,0.0116,24,3.102,24,24,,,51.0,
C000000014/VIS-008_SW_data_10-July-2026_08-50-58,unwrapped,20,-1,combined,32,,,True,29,0.0281,20,3.536,20,20,,,50.8,
C000000014/VIS-008_SW_data_10-July-2026_08-53-46,unwrapped,29,-1,combined,32,,,True,6,0.0021,29,3.555,29,29,,,48.9,
C000000015/VIS-017_SW_data_10-July-2026_10-54-09,ambiguous,-1,-1,none,32,,,True,3,0.0139,12,0.652,12,12,,,7.4,no trigger count; combined margin below threshold and continuity margin below threshold
C000000015/VIS-017_SW_data_10-July-2026_10-57-02,unwrapped,10,-1,trigger-count,32,139,10,True,17,0.0036,10,0.347,10,10,True,False,53.1,
C000000015/VIS-017_SW_data_10-July-2026_10-59-53,unwrapped,11,-1,combined,32,,,True,11,0.1138,11,5.618,11,11,,,57.3,
C000000016/VIS-015_SW_data_10-July-2026_09-24-32,unwrapped,3,-1,combined,32,,,True,3,0.0248,3,5.599,3,3,,,14.4,
C000000016/VIS-015_SW_data_10-July-2026_09-27-54,unwrapped,7,-1,combined,32,,,True,7,0.0086,7,4.123,7,7,,,56.8,
C000000016/VIS-015_SW_data_10-July-2026_09-31-11,unwrapped,16,-1,combined,32,,,True,16,0.0728,16,4.299,16,16,,,58.8,
C000000016/VIS-015_SW_data_10-July-2026_09-34-55,unwrapped,3,-1,combined,32,,,True,3,0.0108,3,4.784,3,25,,,62.4,
C000000016/VIS-015_SW_data_10-July-2026_09-37-46,unwrapped,30,-1,trigger-count,32,127,30,True,30,0.0302,30,4.806,30,30,True,True,54.5,
C000000017/VIS-013_SW_data_07-July-2026_10-55-21,unwrapped,1,-1,combined,32,,,True,1,0.0019,1,5.712,1,1,,,55.8,
C000000017/VIS-013_SW_data_07-July-2026_10-59-19,unwrapped,8,-1,combined,32,,,True,8,0.0442,8,6.296,8,8,,,64.2,
C000000017/VIS-013_SW_data_07-July-2026_11-03-32,ambiguous,-1,-1,none,32,,,True,27,0.0085,0,1.009,30,1,,,9.5,no trigger count; combined margin below threshold and continuity margin below threshold
C000000018/VIS-012_SW_data_07-July-2026_09-21-31,unwrapped,7,-1,combined,32,,,True,7,0.0155,7,5.132,7,7,,,13.4,
C000000018/VIS-012_SW_data_07-July-2026_09-25-14,unwrapped,23,-1,combined,32,,,True,23,0.0187,23,4.047,23,23,,,60.7,
C000000018/VIS-012_SW_data_07-July-2026_09-30-37,unwrapped,1,-1,combined,32,,,True,1,0.0574,1,6.83,1,1,,,54.7,
C000000018/VIS-012_SW_data_07-July-2026_09-33-48,unwrapped,26,-1,combined,32,,,True,26,0.0472,26,6.758,26,26,,,53.6,
C000000019/VIS-027_SW_data_21-July-2026_11-20-11,unwrapped,13,-1,combined,32,,,True,17,0.0339,13,2.468,13,13,,,11.4,
C000000019/VIS-027_SW_data_21-July-2026_11-23-45,unwrapped,30,-1,combined,32,,,True,30,0.0983,30,4.306,30,30,,,58.2,
C000000019/VIS-027_SW_data_21-July-2026_11-28-51,unwrapped,12,-1,combined,32,,,True,12,0.0576,12,2.83,12,12,,,53.2,
C000000019/VIS-027_SW_data_21-July-2026_11-31-34,unwrapped,11,-1,combined,32,,,True,11,0.0067,11,2.16,11,12,,,50.9,
C000000020/VIS-026_SW_data_21-July-2026_10-43-57,unwrapped,11,-1,combined,32,,,True,12,0.0327,11,2.474,11,10,,,51.3,
C000000020/VIS-026_SW_data_21-July-2026_10-46-45,unwrapped,16,-1,combined,32,,,True,16,0.0012,16,1.479,16,16,,,54.6,
C000000020/VIS-026_SW_data_21-July-2026_10-49-46,unwrapped,10,-1,combined,32,,,True,26,0.0064,10,1.809,10,10,,,54.7,
C000000020/VIS-026_SW_data_21-July-2026_10-52-18,unwrapped,9,-1,combined,32,,,True,9,0.0238,9,2.77,8,8,,,49.7,
C000000021/VIS-024_SW_data_17-July-2026_09-36-34,unwrapped,26,-1,combined,32,,,True,26,0.037,26,5.575,26,26,,,9.0,
C000000021/VIS-024_SW_data_17-July-2026_09-41-11,unwrapped,5,-1,combined,32,,,True,5,0.0559,5,4.468,6,5,,,47.4,
C000000021/VIS-024_SW_data_17-July-2026_09-45-19,unwrapped,21,-1,trigger-count,32,86,21,True,21,0.0182,21,5.235,21,21,True,True,50.4,
C000000021/VIS-024_SW_data_17-July-2026_09-48-12,unwrapped,12,-1,combined,32,,,True,12,0.0789,12,3.727,12,25,,,48.9,
C000000022/VIS-023_SW_data_17-July-2026_08-48-50,unwrapped,31,-1,combined,32,,,True,18,0.0061,31,3.283,31,31,,,52.7,
C000000022/VIS-023_SW_data_17-July-2026_08-51-55,unwrapped,2,-1,combined,32,,,True,1,0.0148,2,3.059,2,2,,,52.3,
C000000022/VIS-023_SW_data_17-July-2026_08-57-53,unwrapped,13,-1,combined,32,,,True,13,0.0608,13,6.284,13,13,,,56.5,
C000000022/VIS-023_SW_data_17-July-2026_09-04-50,unwrapped,25,-1,combined,32,,,True,25,0.0584,25,5.662,25,25,,,59.2,
C000000023/VIS-022_SW_data_14-July-2026_11-41-10,unwrapped,3,-1,combined,32,,,True,3,0.0205,3,5.381,3,3,,,11.3,
C000000023/VIS-022_SW_data_14-July-2026_11-45-09,unwrapped,18,-1,trigger-count,32,51,18,True,18,0.1584,18,5.968,18,18,True,True,60.6,
C000000023/VIS-022_SW_data_14-July-2026_11-47-49,unwrapped,4,-1,trigger-count,32,133,4,True,4,0.0459,4,4.255,4,4,True,True,58.1,
C000000023/VIS-022_SW_data_14-July-2026_11-49-49,unwrapped,11,-1,trigger-count,32,108,11,True,23,0.0006,11,1.798,11,11,True,False,51.0,
C000000024/VIS-021_SW_data_14-July-2026_10-56-55,unwrapped,6,-1,combined,32,,,True,6,0.0607,6,4.74,6,6,,,55.9,
C000000024/VIS-021_SW_data_14-July-2026_11-01-58,unwrapped,6,-1,trigger-count,32,103,6,True,6,0.0075,6,3.964,6,6,True,True,53.1,
C000000024/VIS-021_SW_data_14-July-2026_11-05-06,unwrapped,27,-1,combined,32,,,True,27,0.0645,27,5.362,27,27,,,52.6,
C000000025/VIS-025_SW_data_21-July-2026_09-53-59,unwrapped,19,-1,combined,32,,,True,19,0.0306,19,4.883,20,19,,,46.9,
C000000025/VIS-025_SW_data_21-July-2026_09-56-31,unwrapped,1,-1,combined,32,,,True,29,0.0014,1,4.465,1,1,,,58.2,
C000000025/VIS-025_SW_data_21-July-2026_10-00-25,chronological,0,-1,combined,32,,,True,0,0.0157,0,5.349,0,0,,,13.9,
C000000025/VIS-025_SW_data_21-July-2026_10-03-36,unwrapped,7,-1,trigger-count,32,168,7,True,7,0.0108,7,3.585,7,7,True,True,56.8,
C000000026/VIS-020_SW_data_14-July-2026_10-05-15,unwrapped,1,-1,combined,32,,,True,1,0.0201,1,4.16,1,1,,,54.2,
C000000026/VIS-020_SW_data_14-July-2026_10-08-20,unwrapped,12,-1,combined,32,,,True,29,0.0065,12,2.445,12,12,,,49.8,
C000000026/VIS-020_SW_data_14-July-2026_10-12-12,unwrapped,7,-1,combined,32,,,True,7,0.0445,7,5.093,7,7,,,55.4,
C000000027/VIS-019_SW_data_14-July-2026_09-20-26,unwrapped,30,-1,combined,32,,,True,30,0.1068,30,5.147,30,30,,,12.3,
C000000027/VIS-019_SW_data_14-July-2026_09-23-05,unwrapped,26,-1,combined,32,,,True,16,0.0824,26,2.965,26,26,,,53.3,
C000000027/VIS-019_SW_data_14-July-2026_09-27-24,unwrapped,28,-1,trigger-count,32,157,28,True,26,0.0443,28,1.53,28,28,True,False,53.9,
C000000027/VIS-019_SW_data_14-July-2026_09-30-41,unwrapped,16,-1,combined,32,,,True,16,0.0043,16,3.728,16,16,,,59.2,
C000000028/VIS-018_SW_data_14-July-2026_08-32-28,ambiguous,-1,-1,none,32,,,True,18,0.0128,6,1.234,6,6,,,14.3,no trigger count; combined margin below threshold and continuity margin below threshold
C000000028/VIS-018_SW_data_14-July-2026_08-38-55,unwrapped,7,-1,combined,32,,,True,4,0.0194,7,2.772,7,7,,,57.9,
C000000028/VIS-018_SW_data_14-July-2026_08-43-02,unwrapped,6,-1,combined,32,,,True,11,0.0077,6,1.791,6,6,,,56.3,
C000000028/VIS-018_SW_data_14-July-2026_08-47-04,unwrapped,9,-1,trigger-count,32,170,9,True,9,0.0038,9,3.07,9,9,True,True,49.8,
C000000029/VIS-031_SW_data_24-July-2026_11-15-26,unwrapped,15,-1,combined,32,,,True,15,0.1369,15,6.438,15,15,,,54.7,
C000000029/VIS-031_SW_data_24-July-2026_11-19-50,unwrapped,28,-1,combined,32,,,True,28,0.0488,28,6.338,28,28,,,55.3,
C000000029/VIS-031_SW_data_24-July-2026_11-24-40,unwrapped,24,-1,trigger-count,32,185,24,True,24,0.0883,24,5.331,24,24,True,True,62.7,
C000000030/VIS-029_SW_data_24-July-2026_09-36-27,ambiguous,-1,-1,none,32,,,False,25,0.0073,,,,,,,5.1,no trigger count; no trustworthy ECG / buffer 1 and continuity margin below threshold
C000000030/VIS-029_SW_data_24-July-2026_09-40-03,unwrapped,26,-1,trigger-count,32,155,26,True,26,0.0924,26,6.409,26,26,True,True,61.4,
C000000030/VIS-029_SW_data_24-July-2026_09-46-58,ambiguous,-1,-1,none,32,,,False,27,0.002,,,,,,,4.2,no trigger count; no trustworthy ECG / buffer 1 and continuity margin below threshold
C000000030/VIS-029_SW_data_24-July-2026_09-50-57,ambiguous,-1,-1,none,32,,,True,2,0.0062,11,1.286,11,11,,,10.4,no trigger count; combined margin below threshold and continuity margin below threshold
C000000030/VIS-029_SW_data_24-July-2026_09-53-18,unwrapped,17,-1,combined,32,,,True,29,0.0031,17,2.949,17,17,,,60.5,
C000000031/VIS-032_SW_data_24-July-2026_12-02-02,unwrapped,29,-1,combined,32,,,True,29,0.0318,29,3.75,29,29,,,58.1,
C000000031/VIS-032_SW_data_24-July-2026_12-07-02,unwrapped,24,-1,combined,32,,,True,24,0.0497,24,2.555,24,12,,,60.5,
C000000031/VIS-032_SW_data_24-July-2026_12-09-49,unwrapped,20,-1,combined,32,,,True,20,0.0362,20,2.315,19,18,,,58.7,
C000000032/VIS-030_SW_data_24-July-2026_10-24-32,unwrapped,16,-1,combined,32,,,True,26,0.0004,16,3.436,16,16,,,19.0,
C000000032/VIS-030_SW_data_24-July-2026_10-32-50,unwrapped,7,-1,combined,32,,,True,7,0.0437,7,6.392,7,7,,,61.7,
C000000032/VIS-030_SW_data_24-July-2026_10-37-38,chronological,0,-1,trigger-count,32,97,0,True,11,0.0117,0,3.882,0,0,True,False,12.3,
C000000032/VIS-030_SW_data_24-July-2026_10-39-58,unwrapped,1,-1,combined,32,,,True,1,0.027,1,4.833,1,1,,,55.8,
C000000033/VIS-028_SW_data_24-July-2026_08-43-33,unwrapped,14,-1,trigger-count,32,175,14,True,14,0.0098,14,1.327,15,14,True,True,59.9,
C000000033/VIS-028_SW_data_24-July-2026_08-47-28,unwrapped,18,-1,combined,32,,,True,26,0.0027,18,2.993,18,19,,,55.6,
C000000033/VIS-028_SW_data_24-July-2026_08-50-33,unwrapped,8,-1,trigger-count,32,169,8,True,8,0.0735,8,2.931,8,8,True,True,63.3,
C000000033/VIS-028_SW_data_24-July-2026_08-52-53,unwrapped,3,-1,combined,32,,,True,19,0.0115,3,1.828,3,3,,,63.4,
C000000033/VIS-028_SW_data_24-July-2026_08-55-00,unwrapped,10,-1,trigger-count,32,139,10,True,21,0.0223,10,2.656,10,10,True,False,65.7,
C000000034/VIS-045_SW_data_07-August-2026_11-44-37,unwrapped,21,-1,combined,32,,,True,21,0.0226,21,3.692,21,21,,,59.1,
C000000034/VIS-045_SW_data_07-August-2026_11-48-26,ambiguous,-1,-1,none,32,,,False,31,0.0058,,,,,,,5.6,no trigger count; no trustworthy ECG / buffer 1 and continuity margin below threshold
C000000034/VIS-045_SW_data_07-August-2026_11-52-19,unwrapped,26,-1,trigger-count,32,155,26,True,26,0.0383,26,3.955,27,26,True,True,61.1,
C000000035/VIS-044_SW_data_07-August-2026_10-55-40,unwrapped,6,-1,combined,32,,,True,19,0.0286,6,2.648,6,6,,,52.3,
C000000035/VIS-044_SW_data_07-August-2026_10-59-23,ambiguous,-1,-1,none,32,,,False,18,0.0444,,,,,,,5.7,no trigger count; no trustworthy ECG / buffer 1 and continuity margin below threshold
C000000035/VIS-044_SW_data_07-August-2026_11-03-27,ambiguous,-1,-1,none,32,,,False,10,0.0024,,,,,,,5.0,no trigger count; no trustworthy ECG / buffer 1 and continuity margin below threshold
C000000035/VIS-044_SW_data_07-August-2026_11-07-37,unwrapped,16,-1,trigger-count,32,177,16,True,16,0.0184,16,2.309,16,16,True,True,56.9,
C000000036/VIS-043_SW_data_07-August-2026_10-06-37,unwrapped,2,-1,combined,32,,,True,9,0.0024,2,5.439,2,2,,,55.3,
C000000036/VIS-043_SW_data_07-August-2026_10-12-02,unwrapped,19,-1,combined,32,,,True,19,0.0163,19,5.333,19,19,,,49.5,
C000000036/VIS-043_SW_data_07-August-2026_10-16-28,unwrapped,21,-1,combined,32,,,True,21,0.0045,21,3.808,21,21,,,54.9,
C000000036/VIS-043_SW_data_07-August-2026_10-19-00,unwrapped,24,-1,combined,32,,,True,24,0.0259,24,5.279,24,24,,,49.8,
C000000037/VIS-042_SW_data_07-August-2026_08-42-03,unwrapped,28,-1,trigger-count,32,93,28,True,28,0.0151,28,5.257,28,28,True,True,58.4,
C000000037/VIS-042_SW_data_07-August-2026_08-47-33,unwrapped,25,-1,combined,32,,,True,7,0.006,25,2.351,25,25,,,58.4,
C000000037/VIS-042_SW_data_07-August-2026_08-51-24,unwrapped,9,-1,combined,32,,,True,9,0.0214,9,3.226,9,14,,,62.6,
C000000037/VIS-042_SW_data_07-August-2026_08-56-11,unwrapped,1,-1,combined,32,,,True,11,0.0033,1,3.765,1,1,,,66.5,
C000000037/VIS-042_SW_data_07-August-2026_09-00-06,unwrapped,2,-1,combined,32,,,True,1,0.0138,2,2.385,2,2,,,60.7,
C000000038/VIS-041_SW_data_04-August-2026_12-30-31,unwrapped,22,-1,combined,32,,,True,17,0.0035,22,3.351,22,22,,,57.2,
C000000038/VIS-041_SW_data_04-August-2026_12-42-56,unwrapped,20,-1,trigger-count,32,85,20,True,20,0.0193,20,4.033,20,20,True,True,53.3,
C000000039/VIS-040_SW_data_04-August-2026_11-50-50,unwrapped,31,-1,combined,32,,,True,31,0.085,31,5.94,31,31,,,10.1,
C000000039/VIS-040_SW_data_04-August-2026_11-55-30,unwrapped,29,-1,combined,32,,,True,29,0.0261,29,5.766,29,29,,,56.0,
C000000039/VIS-040_SW_data_04-August-2026_11-58-46,unwrapped,15,-1,combined,32,,,True,15,0.0241,15,5.063,15,15,,,52.9,
C000000040/VIS-039_SW_data_04-August-2026_10-57-58,unwrapped,16,-1,combined,32,,,True,8,0.0256,16,2.311,16,16,,,52.5,
C000000040/VIS-039_SW_data_04-August-2026_11-02-21,unwrapped,17,-1,combined,32,,,True,9,0.036,17,1.71,17,17,,,49.5,
C000000040/VIS-039_SW_data_04-August-2026_11-05-21,ambiguous,-1,-1,none,32,,,True,6,0.0148,6,1.231,6,7,,,11.1,no trigger count; combined margin below threshold and continuity margin below threshold
C000000040/VIS-039_SW_data_04-August-2026_11-09-14,unwrapped,4,-1,trigger-count,32,165,4,True,4,0.0186,4,2.761,4,4,True,True,52.4,
C000000041/VIS-038_SW_data_31-July-2026_09-01-39,unwrapped,4,-1,combined,32,,,True,4,0.0663,4,4.694,4,4,,,16.9,
C000000041/VIS-038_SW_data_31-July-2026_09-05-19,ambiguous,-1,-1,none,32,,,True,4,0.006,11,1.248,10,11,,,14.8,no trigger count; combined margin below threshold and continuity margin below threshold
C000000041/VIS-038_SW_data_31-July-2026_09-10-33,ambiguous,-1,-1,none,32,,,False,12,0.0361,,,,,,,5.1,no trigger count; no trustworthy ECG / buffer 1 and continuity margin below threshold
C000000041/VIS-038_SW_data_31-July-2026_09-14-12,ambiguous,-1,-1,none,32,,,False,18,0.0272,,,,,,,4.2,no trigger count; no trustworthy ECG / buffer 1 and continuity margin below threshold
C000000042/VIS-036_SW_data_28-July-2026_14-08-15,unwrapped,30,-1,combined,32,,,True,19,0.0184,30,4.528,30,30,,,40.9,
C000000042/VIS-036_SW_data_28-July-2026_14-14-03,unwrapped,24,-1,combined,32,,,True,24,0.0368,24,6.398,24,24,,,59.6,
C000000042/VIS-036_SW_data_28-July-2026_14-17-53,unwrapped,26,-1,combined,32,,,True,26,0.0294,26,3.502,24,26,,,60.0,
C000000042/VIS-036_SW_data_28-July-2026_14-20-59,chronological,0,-1,combined,32,,,True,24,0.0027,0,4.144,0,0,,,11.5,
C000000042/VIS-036_SW_data_28-July-2026_14-26-36,unwrapped,6,-1,combined,32,,,True,6,0.0175,6,8.718,6,6,,,48.7,
C000000043/VIS-035_SW_data_28-July-2026_12-27-05,unwrapped,7,-1,combined,32,,,True,26,0.0626,7,3.849,7,7,,,51.5,
C000000043/VIS-035_SW_data_28-July-2026_12-31-34,unwrapped,31,-1,combined,32,,,True,24,0.0006,31,6.052,31,31,,,52.7,
C000000043/VIS-035_SW_data_28-July-2026_12-35-12,unwrapped,8,-1,combined,32,,,True,27,0.0026,8,2.862,8,8,,,53.9,
C000000044/VIS-034_SW_data_28-July-2026_11-03-14,unwrapped,18,-1,combined,32,,,True,18,0.0015,18,4.203,18,18,,,48.0,
C000000044/VIS-034_SW_data_28-July-2026_11-07-15,unwrapped,11,-1,combined,32,,,True,30,0.0043,11,2.928,11,11,,,62.0,
C000000044/VIS-034_SW_data_28-July-2026_11-11-00,unwrapped,31,-1,trigger-count,32,160,31,True,31,0.0214,31,3.025,31,30,True,True,57.1,
C000000044/VIS-034_SW_data_28-July-2026_11-13-49,unwrapped,11,-1,trigger-count,32,76,11,True,11,0.0033,11,3.449,11,11,True,True,54.0,
C000000045/VIS-033_SW_data_28-July-2026_09-27-15,unwrapped,18,-1,combined,32,,,True,18,0.0159,18,3.067,18,18,,,55.7,
C000000045/VIS-033_SW_data_28-July-2026_09-33-03,unwrapped,18,-1,combined,32,,,True,18,0.0655,18,2.652,18,18,,,54.6,
C000000045/VIS-033_SW_data_28-July-2026_09-36-04,unwrapped,2,-1,trigger-count,32,163,2,True,5,0.0002,2,1.312,2,2,True,False,53.5,
C000000045/VIS-033_SW_data_28-July-2026_09-39-38,unwrapped,3,-1,trigger-count,32,68,3,True,3,0.0039,3,2.811,3,3,True,True,48.7,
C000000046/VIS-049_SW_data_04-September-2026_09-36-21,unwrapped,25,-1,combined,32,,,True,25,0.0356,25,3.31,26,25,,,56.8,
C000000046/VIS-049_SW_data_04-September-2026_09-40-58,unwrapped,9,-1,combined,32,,,True,9,0.0423,9,3.304,9,9,,,55.1,
C000000046/VIS-049_SW_data_04-September-2026_09-44-09,unwrapped,9,-1,trigger-count,32,138,9,True,9,0.0198,9,2.81,9,9,True,True,58.2,
C000000046/VIS-049_SW_data_04-September-2026_09-46-52,unwrapped,21,-1,trigger-count,32,118,21,True,10,0.0203,21,3.023,21,21,True,False,53.1,
C000000047/VIS-048_SW_data_04-September-2026_08-52-56,unwrapped,22,-1,combined,32,,,True,22,0.0351,22,5.038,22,22,,,55.7,
C000000047/VIS-048_SW_data_04-September-2026_08-56-31,ambiguous,-1,-1,none,32,,,True,19,0.0133,26,0.793,26,24,,,9.1,no trigger count; combined margin below threshold and continuity margin below threshold
C000000047/VIS-048_SW_data_04-September-2026_09-00-23,unwrapped,19,-1,trigger-count,32,84,19,True,19,0.0124,19,5.495,19,19,True,True,51.4,
C000000048/VIS-047_SW_data_28-August-2026_10-14-15,unwrapped,1,-1,combined,32,,,True,1,0.0566,1,3.696,1,1,,,51.2,
C000000048/VIS-047_SW_data_28-August-2026_10-17-13,unwrapped,26,-1,combined,32,,,True,26,0.0839,26,4.532,26,26,,,48.7,
C000000048/VIS-047_SW_data_28-August-2026_10-21-12,unwrapped,27,-1,combined,32,,,True,27,0.0684,27,3.518,25,27,,,58.6,
C000000048/VIS-047_SW_data_28-August-2026_10-23-48,unwrapped,14,-1,trigger-count,32,111,14,True,14,0.0619,14,6.307,14,14,True,True,57.9,
C000000049/VIS-046_SW_data_28-August-2026_08-47-17,unwrapped,31,-1,combined,32,,,True,31,0.0054,31,2.82,31,31,,,61.1,
C000000049/VIS-046_SW_data_28-August-2026_08-49-57,unwrapped,20,-1,trigger-count,32,149,20,True,28,0.0,20,3.757,20,20,True,False,52.8,
C000000049/VIS-046_SW_data_28-August-2026_08-54-13,unwrapped,29,-1,combined,32,,,True,29,0.0587,29,2.065,31,29,,,51.4,
C000000049/VIS-046_SW_data_28-August-2026_08-57-27,chronological,0,-1,combined,32,,,True,0,0.0008,0,2.259,4,0,,,10.3,
