subject,folder,roi_status,label,search_lo,search_hi,t_burst,t0,t1,t_mid,sem,c,screened,n_rois,roi_cover
C000000001,Z:\raw_data\C000000001\SWE_01_SW_data_21-April-2026_12-12-54,done,MVC,0.0,0.15,0.02538,0.00162,0.12162,0.06162,0.71501,3.38403,False,1,1.0
C000000001,Z:\raw_data\C000000001\SWE_01_SW_data_21-April-2026_12-12-54,done,AVC,0.24903,0.48903,0.31698,0.25498,0.37498,0.31498,0.635,20.0,False,1,1.0
C000000001,Z:\raw_data\C000000001\SWE_01_SW_data_21-April-2026_12-12-54,done,MVC,0.695,0.845,0.73494,0.68094,0.80094,0.74094,0.71576,5.29762,False,1,1.0
C000000002,Z:\raw_data\C000000002\SWE02_SW_data_28-April-2026_10-09-45,done,MVC,0.0,0.15,0.0621,0.0081,0.1281,0.0681,0.66149,5.01408,False,1,1.0
C000000002,Z:\raw_data\C000000002\SWE02_SW_data_28-April-2026_10-09-45,done,AVC,0.31858,0.55858,0.39906,0.33706,0.45706,0.39706,0.66989,-20.0,False,1,1.0
C000000003,Z:\raw_data\C000000003\VIS_03_SW_data_16-June-2026_10-09-42,done,MVC,0.0,0.15,0.0297,0.00162,0.12162,0.06162,0.61673,1.88559,False,1,1.0
C000000003,Z:\raw_data\C000000003\VIS_03_SW_data_16-June-2026_10-09-42,done,AVC,0.29975,0.53975,0.3753,0.3133,0.4333,0.3733,0.36823,-6.37993,False,1,1.0
C000000004,Z:\raw_data\C000000004\VIS_4_SW_data_16-June-2026_10-58-59,done,MVC,0.0,0.15,0.05238,0.00162,0.12162,0.06162,0.81212,6.84615,False,1,1.0
C000000004,Z:\raw_data\C000000004\VIS_4_SW_data_16-June-2026_10-58-59,done,AVC,0.26811,0.50811,0.3915,0.3295,0.4495,0.3895,0.24111,1.84839,True,0,
C000000004,Z:\raw_data\C000000004\VIS_4_SW_data_16-June-2026_10-58-59,done,MVC,0.824,0.974,0.87102,0.81702,0.93702,0.87702,0.78597,10.78788,False,1,1.0
C000000008,Z:\raw_data\C000000008\VIS-010_SW_data_03-July-2026_10-36-33,done,MVC,-0.0,0.15,0.0621,0.0081,0.1281,0.0681,0.37299,3.79531,False,1,1.0
C000000008,Z:\raw_data\C000000008\VIS-010_SW_data_03-July-2026_10-36-33,done,AVC,0.26702,0.50702,0.3645,0.3025,0.4225,0.3625,0.71327,5.01408,False,1,1.0
C000000008,Z:\raw_data\C000000008\VIS-010_SW_data_03-July-2026_10-36-33,done,MVC,0.85407,1.00407,0.91422,0.86022,0.98022,0.92022,0.42677,8.01802,False,1,1.0
C000000010,Z:\raw_data\C000000010\vis-006_SW_data_30-June-2026_09-43-28,done,MVC,-1e-05,0.14999,0.03294,0.00162,0.12162,0.06162,0.61797,2.95681,False,1,1.0
C000000010,Z:\raw_data\C000000010\vis-006_SW_data_30-June-2026_09-43-28,done,AVC,0.25162,0.49162,0.34398,0.28198,0.40198,0.34198,0.30714,-9.67391,False,1,1.0
C000000010,Z:\raw_data\C000000010\vis-006_SW_data_30-June-2026_09-43-28,done,MVC,0.72656,0.87656,0.75654,0.70254,0.82254,0.76254,0.50129,4.75936,False,1,1.0
C000000011,Z:\raw_data\C000000011\VIS-11_SW_data_07-July-2026_08-40-05,done,MVC,-1e-05,0.14999,0.02322,0.00162,0.12162,0.06162,0.71195,2.95681,False,1,1.0
C000000011,Z:\raw_data\C000000011\VIS-11_SW_data_07-July-2026_08-40-05,done,AVC,0.27356,0.51356,0.33966,0.27766,0.39766,0.33766,0.92274,12.19178,False,1,1.0
C000000011,Z:\raw_data\C000000011\VIS-11_SW_data_07-July-2026_08-40-05,done,MVC,0.87357,1.02357,0.88938,0.83538,0.95538,0.89538,0.74645,2.5538,False,1,0.975
C000000013,Z:\raw_data\C000000013\VIS-016_SW_data_10-July-2026_10-11-11,done,MVC,-1e-05,0.14999,0.0297,0.00162,0.12162,0.06162,0.83276,4.75936,False,1,1.0
C000000013,Z:\raw_data\C000000013\VIS-016_SW_data_10-July-2026_10-11-11,done,AVC,0.24524,0.48524,0.32562,0.26362,0.38362,0.32362,0.56044,5.01408,False,1,1.0
C000000013,Z:\raw_data\C000000013\VIS-016_SW_data_10-July-2026_10-11-11,done,MVC,0.68356,0.83356,0.70902,0.65502,0.77502,0.71502,0.61705,3.64754,False,1,1.0
C000000013,Z:\raw_data\C000000013\VIS-016_SW_data_10-July-2026_10-11-11,done,AVC,0.9288,1.1688,1.1097,1.0477,1.1677,1.1077,0.20862,-1.88559,True,0,
C000000015,Z:\raw_data\C000000015\VIS-017_SW_data_10-July-2026_10-53-28,done,MVC,-0.0,0.15,0.0351,0.00162,0.12162,0.06162,0.80086,20.0,False,1,1.0
C000000015,Z:\raw_data\C000000015\VIS-017_SW_data_10-July-2026_10-53-28,done,AVC,0.23647,0.47647,0.33102,0.26902,0.38902,0.32902,0.49368,20.0,False,1,1.0
C000000015,Z:\raw_data\C000000015\VIS-017_SW_data_10-July-2026_10-53-28,done,MVC,0.64055,0.79055,0.6777,0.6237,0.7437,0.6837,0.74247,7.38589,False,1,1.0
C000000015,Z:\raw_data\C000000015\VIS-017_SW_data_10-July-2026_10-53-28,done,AVC,0.87702,1.11702,0.98442,0.92242,1.04242,0.98242,0.51077,20.0,False,1,1.0
C000000016,Z:\raw_data\C000000016\VIS-015_SW_data_10-July-2026_09-24-32,done,MVC,-0.0,0.15,0.03726,0.00162,0.12162,0.06162,0.80199,2.5538,False,1,1.0
C000000016,Z:\raw_data\C000000016\VIS-015_SW_data_10-July-2026_09-24-32,done,AVC,0.27881,0.51881,0.3861,0.3241,0.4441,0.3841,0.7552,20.0,False,1,1.0
C000000016,Z:\raw_data\C000000016\VIS-015_SW_data_10-July-2026_09-24-32,done,MVC,0.89557,1.04557,0.93258,0.87858,0.99858,0.93858,0.81748,2.62537,False,1,1.0
C000000018,Z:\raw_data\C000000018\VIS-012_SW_data_07-July-2026_09-21-31,done,MVC,-0.0,0.15,0.03078,0.00162,0.12162,0.06162,0.55391,-20.0,False,1,1.0
C000000018,Z:\raw_data\C000000018\VIS-012_SW_data_07-July-2026_09-21-31,done,AVC,0.24588,0.48588,0.34722,0.28522,0.40522,0.34522,0.46512,2.95681,False,1,1.0
C000000018,Z:\raw_data\C000000018\VIS-012_SW_data_07-July-2026_09-21-31,done,MVC,0.70906,0.85906,0.73818,0.68418,0.80418,0.74418,0.58988,-7.38589,False,1,1.0
C000000018,Z:\raw_data\C000000018\VIS-012_SW_data_07-July-2026_09-21-31,done,AVC,0.95495,1.19495,1.04274,0.98074,1.10074,1.04074,0.40692,4.75936,False,1,1.0
C000000019,Z:\raw_data\C000000019\VIS-027_SW_data_21-July-2026_11-19-20,done,MVC,-0.0,0.15,0.0567,0.0027,0.1227,0.0627,0.87205,3.64754,False,1,1.0
C000000019,Z:\raw_data\C000000019\VIS-027_SW_data_21-July-2026_11-19-20,done,AVC,0.32365,0.56365,0.44766,0.38566,0.50566,0.44566,0.47481,-5.01408,False,1,1.0
C000000020,Z:\raw_data\C000000020\VIS-026_SW_data_21-July-2026_10-42-10,done,MVC,-1e-05,0.14999,0.05238,0.00162,0.12162,0.06162,0.67871,3.95556,False,1,1.0
C000000020,Z:\raw_data\C000000020\VIS-026_SW_data_21-July-2026_10-42-10,done,AVC,0.32889,0.56889,0.41526,0.35326,0.47326,0.41326,0.71373,6.84615,False,1,1.0
C000000021,Z:\raw_data\C000000021\VIS-024_SW_data_17-July-2026_09-35-47,done,MVC,-1e-05,0.14999,0.06858,0.01458,0.13458,0.07458,0.76929,3.26606,False,1,1.0
C000000021,Z:\raw_data\C000000021\VIS-024_SW_data_17-July-2026_09-35-47,done,AVC,0.2752,0.5152,0.39366,0.33166,0.45166,0.39166,0.88743,2.86634,False,1,1.0
C000000021,Z:\raw_data\C000000021\VIS-024_SW_data_17-July-2026_09-35-47,done,MVC,0.71856,0.86856,0.79218,0.73818,0.85818,0.79818,0.68035,5.29762,False,1,0.0
C000000021,Z:\raw_data\C000000021\VIS-024_SW_data_17-July-2026_09-35-47,done,AVC,0.99376,1.23376,1.06434,1.00234,1.12234,1.06234,0.2157,5.29762,True,0,
C000000022,Z:\raw_data\C000000022\VIS-023_SW_data_17-July-2026_08-48-06,done,MVC,-1e-05,0.14999,0.0135,0.00162,0.12162,0.06162,0.86097,9.67391,False,1,1.0
C000000022,Z:\raw_data\C000000022\VIS-023_SW_data_17-July-2026_08-48-06,done,AVC,0.28601,0.52601,0.35694,0.29494,0.41494,0.35494,0.87002,2.5538,False,1,1.0
C000000022,Z:\raw_data\C000000022\VIS-023_SW_data_17-July-2026_08-48-06,done,MVC,0.94008,1.09008,0.94446,0.89046,1.01046,0.95046,0.91906,14.01575,False,1,1.0
C000000023,Z:\raw_data\C000000023\VIS-022_SW_data_14-July-2026_11-41-10,done,MVC,-1e-05,0.14999,0.05562,0.00162,0.12162,0.06162,0.89888,2.36074,False,2,1.0
C000000023,Z:\raw_data\C000000023\VIS-022_SW_data_14-July-2026_11-41-10,done,AVC,0.27179,0.51179,0.44766,0.38566,0.50566,0.44566,0.88948,10.78788,False,1,1.0
C000000023,Z:\raw_data\C000000023\VIS-022_SW_data_14-July-2026_11-41-10,done,MVC,0.86057,1.01057,0.8991,0.8451,0.9651,0.9051,0.87511,2.86634,False,1,1.0
C000000025,Z:\raw_data\C000000025\VIS-025_SW_data_21-July-2026_09-53-09,done,MVC,-1e-05,0.14999,0.03402,0.00162,0.12162,0.06162,0.84438,3.26606,False,1,1.0
C000000025,Z:\raw_data\C000000025\VIS-025_SW_data_21-July-2026_09-53-09,done,AVC,0.26692,0.50692,0.35694,0.29494,0.41494,0.35494,0.68424,5.01408,False,1,1.0
C000000025,Z:\raw_data\C000000025\VIS-025_SW_data_21-July-2026_09-53-09,done,MVC,0.83507,0.98507,0.8721,0.8181,0.9381,0.8781,0.85085,3.26606,False,1,1.0
C000000026,Z:\raw_data\C000000026\VIS-020_SW_data_14-July-2026_10-03-40,done,MVC,-1e-05,0.14999,0.03402,0.00162,0.12162,0.06162,0.56135,3.79531,False,1,1.0
C000000026,Z:\raw_data\C000000026\VIS-020_SW_data_14-July-2026_10-03-40,done,AVC,0.27493,0.51493,0.35586,0.29386,0.41386,0.35386,0.87648,6.37993,False,1,1.0
C000000026,Z:\raw_data\C000000026\VIS-020_SW_data_14-July-2026_10-03-40,done,MVC,0.89507,1.04507,0.92178,0.86778,0.98778,0.92778,0.66483,2.42177,False,1,1.0
C000000027,Z:\raw_data\C000000027\VIS-019_SW_data_14-July-2026_09-20-26,done,MVC,-0.0,0.15,0.0351,0.00162,0.12162,0.06162,0.90359,3.15603,False,1,1.0
C000000027,Z:\raw_data\C000000027\VIS-019_SW_data_14-July-2026_09-20-26,done,AVC,0.28913,0.52913,0.38394,0.32194,0.44194,0.38194,0.75143,4.12993,False,1,1.0
C000000027,Z:\raw_data\C000000027\VIS-019_SW_data_14-July-2026_09-20-26,done,MVC,0.89557,1.04557,0.93042,0.87642,0.99642,0.93642,0.91805,3.05317,False,1,1.0
C000000028,Z:\raw_data\C000000028\VIS-018_SW_data_14-July-2026_08-30-41,done,MVC,-1e-05,0.14999,0.03618,0.00162,0.12162,0.06162,0.79259,9.67391,False,1,1.0
C000000028,Z:\raw_data\C000000028\VIS-018_SW_data_14-July-2026_08-30-41,done,AVC,0.31062,0.55062,0.36126,0.29926,0.41926,0.35926,0.82194,4.52926,False,1,1.0
C000000028,Z:\raw_data\C000000028\VIS-018_SW_data_14-July-2026_08-30-41,done,MVC,1.10709,1.25709,1.14318,1.07934,1.19934,1.13934,0.85543,3.79531,False,1,1.0
C000000029,Z:\raw_data\C000000029\VIS-031_SW_data_24-July-2026_11-11-50,done,MVC,-1e-05,0.14999,0.02646,0.00162,0.12162,0.06162,0.56113,5.61514,False,1,1.0
C000000029,Z:\raw_data\C000000029\VIS-031_SW_data_24-July-2026_11-11-50,done,AVC,0.27777,0.51777,0.3429,0.2809,0.4009,0.3409,0.55909,-20.0,False,1,1.0
C000000029,Z:\raw_data\C000000029\VIS-031_SW_data_24-July-2026_11-11-50,done,MVC,0.88057,1.03057,0.90882,0.85482,0.97482,0.91482,0.55497,-2.78125,False,1,1.0
C000000030,Z:\raw_data\C000000030\VIS-029_SW_data_24-July-2026_09-36-27,done,MVC,-1e-05,0.14999,0.04158,0.00162,0.12162,0.06162,0.86956,-12.19178,False,1,1.0
C000000030,Z:\raw_data\C000000030\VIS-029_SW_data_24-July-2026_09-36-27,done,AVC,0.27438,0.51438,0.38394,0.32194,0.44194,0.38194,0.72005,4.52926,False,1,0.973
C000000030,Z:\raw_data\C000000030\VIS-029_SW_data_24-July-2026_09-36-27,done,MVC,0.83557,0.98557,0.86994,0.81594,0.93594,0.87594,0.79543,-6.37993,False,1,1.0
C000000031,Z:\raw_data\C000000031\VIS-032_SW_data_24-July-2026_11-57-06,done,MVC,-0.0,0.15,0.06966,0.01566,0.13566,0.07566,0.75751,20.0,False,1,1.0
C000000031,Z:\raw_data\C000000031\VIS-032_SW_data_24-July-2026_11-57-06,done,AVC,0.28428,0.52428,0.41742,0.35542,0.47542,0.41542,0.67548,-12.19178,False,1,1.0
C000000031,Z:\raw_data\C000000031\VIS-032_SW_data_24-July-2026_11-57-06,done,MVC,0.91458,1.06458,0.95418,0.90018,1.02018,0.96018,0.6962,-12.19178,False,1,1.0
