subject,acq,rr_ms,n_mvc,kind,window,phase_ms,gap_ms,beat,shift_mm,dx,dz,reliable,agree,known_err_mm,corr0,corr,line_drawn,line_is_general,line_preload,line_d_mean,window_b,phase_b_ms,line_identical,line_both_general,line_angle,along_mm,perp_mm
C000000001,SWE_01_SW_data_21-April-2026_12-12-54,712.0,2,general->MVC,0,25.4,669.6000061929226,other,3.3658763019457503,-3.0338000000000003,-1.4577999999999989,True,1.0,0.2664147143083478,0.6451299576260672,0.86283486528408,True,False,September line of th,0.7978840636559138,,,,,,3.0048695042284717,1.516536363743954
C000000001,SWE_01_SW_data_21-April-2026_12-12-54,712.0,2,general->MVC,2,39.9,39.96002674102783,same,2.8899302413726176,-2.8367999999999998,-0.5516000000000005,True,1.0,0.2270172680656697,0.8190414941334726,0.9582841726222172,True,False,general line (buffer,1.2753824601457264,,,,,,2.8255337911113876,0.6066758568524945
C000000001,SWE_01_SW_data_21-April-2026_12-12-54,712.0,2,MVC->MVC,0,25.4,709.5600217580795,,1.0274262990599354,0.5515999999999996,0.8667999999999978,True,1.0,0.6254001279181207,0.8119246396600562,0.8691312751556092,True,,,0.7122326293899846,2.0,39.9,False,False,3.5118487426139025,0.5346350148311009,0.8773654887881926
C000000001,SWE_01_SW_data_21-April-2026_12-14-11,715.0,2,general->MVC,0,48.1,726.8400005996227,other,2.625648636051672,-2.3640000000000008,-1.1426000000000016,True,1.0,0.3151025864698684,0.8559238279950719,0.963999948747346,True,True,general line (buffer,1.9731598929203784e-15,,,,,,2.455278433104619,0.9303969990984142
C000000001,SWE_01_SW_data_21-April-2026_12-14-11,715.0,2,general->MVC,2,25.8,25.92003345489502,same,2.073653105029865,-2.0093999999999994,-0.5122,True,1.0,0.2438524143821432,0.9312368081626904,0.9756572146156182,True,True,general line (buffer,1.9731598929203784e-15,,,,,,2.0466425302747937,0.3336038867735007
C000000001,SWE_01_SW_data_21-April-2026_12-14-11,715.0,2,MVC->MVC,0,48.1,752.7600228786469,,0.6116524830326461,0.1576000000000004,0.5910000000000011,True,1.0,0.0895732102807538,0.956251468141858,0.9864822335804282,True,,,0.0,2.0,25.8,True,True,0.0,0.20893530624914747,0.5748606768622954
C000000001,SWE_01_SW_data_21-April-2026_12-14-53,764.0,2,general->MVC,0,25.4,744.1199980676174,other,1.8192392695849544,-1.7335999999999991,-0.5516000000000005,True,1.0,0.1911369142787439,0.91088162125933,0.960883112663949,True,True,general line (buffer,6.746196270768163e-16,,,,,,1.7531672882825164,0.48583534175286713
C000000001,SWE_01_SW_data_21-April-2026_12-14-53,764.0,2,general->MVC,2,24.3,23.76002073287964,same,1.7694943119433857,-1.7335999999999991,-0.3545999999999978,True,1.0,0.1911369142787439,0.9300924359544852,0.9694869472204672,True,True,general line (buffer,6.746196270768163e-16,,,,,,1.7457386133321666,0.2889754555685987
C000000001,SWE_01_SW_data_21-April-2026_12-14-53,764.0,2,MVC->MVC,0,25.4,767.8800076246262,,0.2009013688355583,0.0393999999999996,0.1970000000000027,True,1.0,0.0645157345149235,0.9922642478872046,0.9963950238858488,True,,,0.0,2.0,24.3,True,True,0.0,0.04680065218720254,0.19537415119419846
C000000001,SWE_01_SW_data_21-April-2026_12-15-49,766.0,2,general->MVC,0,29.7,713.8800248503685,other,1.2521515882671708,-1.2214,-0.2757999999999967,True,1.0,0.3382007096385213,0.8822010935308138,0.9332932460856068,True,True,general line (buffer,1.894273122933166e-15,,,,,,1.2258621741938645,0.2552362236844333
C000000001,SWE_01_SW_data_21-April-2026_12-15-49,766.0,2,general->MVC,2,29.8,30.23999929428101,same,1.5003073018551896,-1.4578000000000002,-0.3545999999999978,True,1.0,0.4414452627449955,0.848441654481772,0.9202104059173596,True,True,general line (buffer,1.894273122933166e-15,,,,,,1.463552976535532,0.33005254865548855
C000000001,SWE_01_SW_data_21-April-2026_12-15-49,766.0,2,MVC->MVC,0,29.7,744.120012037456,,0.2396608436937501,-0.2364000000000001,-0.0394000000000005,True,1.0,0.0849218464236368,0.989093770658244,0.9921095618537096,True,,,0.0,2.0,29.8,True,True,0.0,0.23702871097024233,0.03542188837125175
C000000001,SWE_01_SW_data_21-April-2026_12-16-46,762.0,2,general->MVC,0,29.7,727.9200181365013,other,1.8634992138447497,-1.8124,-0.4333999999999989,True,1.0,0.220448361300325,0.8408982892959104,0.8963018130888772,True,True,general line (buffer,1.0089706847793422e-15,,,,,,1.8630889617128432,0.03910039314072061
C000000001,SWE_01_SW_data_21-April-2026_12-16-46,762.0,2,general->MVC,2,29.9,30.23999929428101,same,1.6831687378275535,-1.6154000000000002,-0.4727999999999994,True,1.0,0.1931053598427569,0.8430820488493957,0.889437983263601,True,True,general line (buffer,1.0089706847793422e-15,,,,,,1.6789290947828812,0.11939051340678236
C000000001,SWE_01_SW_data_21-April-2026_12-16-46,762.0,2,MVC->MVC,0,29.7,758.1600053235888,,0.1762021566269838,0.1575999999999999,-0.078800000000001,True,1.0,0.0305181912963406,0.9927349974085292,0.9943162216077228,True,,,0.0,2.0,29.9,True,True,0.0,0.13729909041779978,0.11043622490127489
C000000001,SWE_01_SW_data_21-April-2026_12-17-37,772.0,2,general->MVC,0,31.9,727.9200293123722,other,1.6463354943631632,-1.5366,-0.5910000000000011,True,1.0,0.3017008452092922,0.8054476798438759,0.888954981688485,True,True,general line (buffer,7.815970093361102e-16,,,,,,1.6021202419061984,0.3789871903830338
C000000001,SWE_01_SW_data_21-April-2026_12-17-37,772.0,2,general->MVC,2,32.2,32.40001201629639,same,1.764222718366362,-1.5366,-0.8667999999999978,True,1.0,0.2837732193142953,0.7632802146065426,0.8744392439357382,True,True,general line (buffer,7.815970093361102e-16,,,,,,1.639210231840667,0.6522818530580652
C000000001,SWE_01_SW_data_21-April-2026_12-17-37,772.0,2,MVC->MVC,0,31.9,760.3200301527977,,0.1970000000000017,-0.1182,-0.1576000000000021,True,1.0,0.0432342456855614,0.9670258466406608,0.9717423715765694,True,,,0.0,2.0,32.2,True,True,0.0,0.1383205639661403,0.1402726686995352
C000000001,SWE_01_SW_data_21-April-2026_12-18-31,789.0,2,general->MVC,0,29.7,766.8000087141991,other,0.7135643488852286,-0.7092,-0.078800000000001,True,1.0,0.1092690258032905,0.8228323388624609,0.8328230483198402,True,True,general line (buffer,5.434892508766167e-15,,,,,,0.6529460082032269,0.287811727300108
C000000001,SWE_01_SW_data_21-April-2026_12-18-31,789.0,2,general->MVC,2,28.7,29.160022735595703,same,0.2758000000000002,-0.2758000000000002,0.0,True,1.0,0.1092690258032898,0.8698753698351844,0.8720288899125713,True,True,general line (buffer,5.434892508766167e-15,,,,,,0.2631114671213664,0.08269217538100102
C000000001,SWE_01_SW_data_21-April-2026_12-18-31,789.0,2,MVC->MVC,0,29.7,795.9600193426013,,0.1671600430725009,0.1181999999999998,0.1182000000000016,True,1.0,0.0879754511213212,0.9753748332854704,0.9775918497976868,True,,,0.0,2.0,28.7,True,True,0.0,0.07732255360301302,0.14820156107244453
C000000002,SWE02_SW_data_28-April-2026_10-09-45,1173.0,1,general->MVC,0,63.2,62.6400038599968,same,0.8984582349781227,-0.5515999999999996,-0.7092000000000027,True,1.0,0.122720006518905,0.8857166759012283,0.924834025206794,True,False,September line of th,1.2158465988964666,,,,,,0.609204775495334,0.6603762121046481
C000000003,VIS_03_SW_data_16-June-2026_10-09-42,998.0,1,general->MVC,0,26.5,25.919999927282333,same,0.6353059105659257,-0.6303999999999998,-0.078800000000001,True,1.0,0.159641598588839,0.8620280104193176,0.8811491246862938,True,True,general line (buffer,1.925570813909872e-15,,,,,,0.5114132040436203,0.3769219212646543
C000000004,VIS_4_SW_data_16-June-2026_10-58-59,798.0,2,general->MVC,0,52.4,771.1200192570686,other,0.2868363296376495,-0.078800000000001,-0.2757999999999967,True,1.0,0.5879333295536134,0.940329334811065,0.9419508014488552,True,False,September line of th,4.154370943384961,,,,,,0.23203321264470347,0.16862878825922986
C000000004,VIS_4_SW_data_16-June-2026_10-58-59,798.0,2,general->MVC,1,36.2,36.71997785568237,same,0.229739504656908,-0.1182000000000016,-0.1970000000000027,True,1.0,0.625400127918119,0.9411422576395236,0.943392819640786,True,True,general line (buffer,1.2505552149377765e-15,,,,,,0.21449581866574738,0.08229084867050687
C000000004,VIS_4_SW_data_16-June-2026_10-58-59,798.0,2,MVC->MVC,0,52.4,807.8400138765574,,0.0394000000000005,-0.0394000000000005,0.0,True,1.0,0.3603226332052973,0.9776284452740994,0.977912482752573,True,,,1.771019026981331,1.0,36.2,False,False,13.594238323825802,0.031027697039699275,0.02428254550932987
C000000005,VIS-005_SW_data_19-June-2026_09-12-20,,1,general->MVC,0,,819.7200298309326,,1.859746778462058,-1.4972000000000003,-1.103200000000001,True,0.6666666666666666,0.705290294843195,0.3065971259765209,0.5200686109449979,True,False,September line of th,1.6191870365620853,,,,,,1.4887997021825803,1.114510442652317
C000000007,VIS-007_SW_data_30-June-2026_11-45-50,,1,general->MVC,1,,395.28000354766846,,8.456441559545008,-8.3528,1.319900000000004,False,0.0,6.785876156400144,0.4102258150326233,0.6614863646100948,True,False,September line of th,1.5020897367560655,,,,,,7.978956531321035,2.8013669022977687
C000000008,VIS-010_SW_data_03-July-2026_10-36-33,792.6,2,general->MVC,0,63.2,790.5600145459175,other,1.1123088240232568,-0.4334000000000007,1.0244,True,1.0,0.6210063123672733,0.7363122395384877,0.850799804165127,True,False,September line of th,3.379011005898412,,,,,,0.019159599664412996,1.1121437990389103
C000000008,VIS-010_SW_data_03-July-2026_10-36-33,792.6,2,general->MVC,3,60.1,60.47999858856201,same,1.0401898480565916,-0.6303999999999998,0.8273999999999972,True,1.0,0.5816067399884572,0.7931436020741253,0.881491934726222,True,True,general line (buffer,7.991625917824732e-16,,,,,,0.2755079470262294,1.0030405231721138
C000000008,VIS-010_SW_data_03-July-2026_10-36-33,792.6,2,MVC->MVC,0,63.2,851.0400019586086,,0.2841174405065653,-0.1576000000000004,-0.2364000000000032,True,1.0,0.047323989688107,0.9121127259574908,0.9185531492113808,True,,,2.149684983796647,3.0,60.1,False,False,2.151815719413932,0.23452769218845892,0.16037294533915966
C000000010,vis-006_SW_data_30-June-2026_09-43-28,722.6,2,general->MVC,0,31.9,694.4400407373905,other,2.3205897612460475,-1.4972,-1.772999999999996,True,1.0,0.2247669904589999,0.3778905034945763,0.6474264872936419,True,False,September line of th,0.9712750289259828,,,,,,2.310644911575773,0.21460878968247044
C000000010,vis-006_SW_data_30-June-2026_09-43-28,722.6,2,general->MVC,2,30.0,30.23999929428101,same,1.2239392958803117,-1.0244,-0.6697999999999951,True,1.0,0.1648146838118506,0.6908086624083731,0.7673919015673828,True,True,general line (buffer,2.1414944045261443e-15,,,,,,1.2000621319648137,0.24057905026011617
C000000010,vis-006_SW_data_30-June-2026_09-43-28,722.6,2,MVC->MVC,0,31.9,724.6800288558006,,0.7360527426754103,-0.197,0.7091999999999956,True,1.0,0.0944546452007525,0.6737197460787837,0.712200794032818,True,,,0.9868181867788036,2.0,30.0,False,False,3.505367268421615,0.3567369430255411,0.6438263690474209
C000000011,VIS-11_SW_data_07-July-2026_08-40-05,826.6,2,general->MVC,0,22.1,851.0400131344795,other,2.978024962957834,-1.3002000000000002,-2.6792000000000016,True,0.6666666666666666,0.2421824931740516,0.5002976511822375,0.9281153252317184,True,False,September line of th,4.046784111571997,,,,,,1.8895507843069572,2.301788546657788
C000000011,VIS-11_SW_data_07-July-2026_08-40-05,826.6,2,general->MVC,3,14.7,15.12002944946289,same,1.3419156456350003,-1.3396,-0.078800000000001,True,1.0,0.2421824931740516,0.967524957416511,0.9793899369398272,True,True,general line (buffer,5.115907697472721e-16,,,,,,1.320999818388157,0.23600228773987805
C000000011,VIS-11_SW_data_07-July-2026_08-40-05,826.6,2,MVC->MVC,0,22.1,866.160030476749,,2.561303058991653,-0.0393999999999996,2.561,True,0.6666666666666666,0.5593328883589807,0.4688494774893667,0.925135262845681,True,,,2.7324481176159683,3.0,14.7,False,False,3.726805391283434,0.5593560715912724,2.499478774699633
C000000012,VIS-014_SW_data_07-July-2026_11-41-37,,1,general->MVC,0,,946.080021560192,,2.101538531647708,2.0882000000000005,-0.2364000000000032,True,1.0,0.0593622775843376,0.7476506129836986,0.9078141123497384,True,True,general line (buffer,2.444036587698627e-15,,,,,,1.5045278868809648,1.4672627704666605
C000000013,VIS-016_SW_data_10-July-2026_10-11-11,697.1,2,general->MVC,0,29.7,653.4000262618065,other,11.613647084357266,-11.3866,-2.2852000000000032,False,0.6666666666666666,4.6215731780423015,0.256207397568635,0.5612982175753912,True,False,September line of th,1.0444417214863333,,,,,,10.982531313318011,3.7763480443398407
C000000013,VIS-016_SW_data_10-July-2026_10-11-11,697.1,2,general->MVC,2,20.1,20.51997184753418,same,0.5358979380441771,-0.5122,-0.1576000000000021,True,1.0,0.2745714478965356,0.819221594498504,0.8316526452514138,True,True,general line (buffer,3.43702215877966e-15,,,,,,0.5216943007728636,0.12256286770924371
C000000013,VIS-016_SW_data_10-July-2026_10-11-11,697.1,2,MVC->MVC,0,29.7,673.9200158044696,,12.25289323710935,12.1352,1.694200000000002,False,1.0,15.138288961438146,0.2165859237398354,0.5994642468016532,True,,,1.0337224009845012,2.0,20.1,False,False,2.175407014687489,11.330327513833254,4.664447567426732
C000000014,VIS-008_SW_data_10-July-2026_08-36-06,,2,general->MVC,0,,1005.4799802601336,,0.6604643518010659,-0.197,-0.6304000000000016,True,1.0,0.1273830443975967,0.9128463498141298,0.9465034855975846,True,False,September line of th,1.8237345035718604,,,,,,0.41971257161329534,0.5099554070992448
C000000014,VIS-008_SW_data_10-July-2026_08-36-06,,2,general->MVC,2,,32.40001201629639,,0.7527359430769867,-0.5122,-0.5516000000000005,True,1.0,0.0812231494095119,0.9267786241120164,0.9531071032581812,True,False,September line of th,1.2546350415939986,,,,,,0.6821024177079636,0.31835152230977504
C000000014,VIS-008_SW_data_10-July-2026_08-36-06,,2,MVC->MVC,0,,1037.8800090402365,,0.2121754934010999,-0.197,0.078800000000001,True,1.0,0.0451933623444862,0.9904209228668366,0.9920638336632972,True,,,0.6110731016254909,2.0,,False,False,0.6852500747167231,0.1528754399915969,0.14713102951918677
C000000015,VIS-017_SW_data_10-July-2026_10-53-28,664.8,2,general->MVC,0,35.1,605.8799847960472,other,1.7659816646839803,-1.379,1.103200000000001,True,1.0,0.1549322432549157,0.8022998553217726,0.9308526318034228,True,False,September line of th,1.758266049401007,,,,,,1.2255143046208634,1.2715368375197176
C000000015,VIS-017_SW_data_10-July-2026_10-53-28,664.8,2,general->MVC,2,27.4,27.00001001358032,same,0.2786000717875017,-0.197,-0.1970000000000027,True,1.0,0.1008692222632861,0.944254543019926,0.9495005416117523,True,False,September line of th,1.0449682970005654,,,,,,0.22072031084143434,0.17000160111617088
C000000015,VIS-017_SW_data_10-July-2026_10-53-28,664.8,2,MVC->MVC,0,35.1,632.880013436079,,1.533060024917483,0.6698,-1.3789999999999978,True,1.0,0.1659344448871287,0.7698281732219512,0.9569361638722992,True,,,0.8449631450104412,2.0,27.4,False,False,1.009146892829209,0.4867117662894938,1.4537484983845574
C000000016,VIS-015_SW_data_10-July-2026_09-24-32,856.1,2,general->MVC,0,36.2,859.6799969673157,other,1.4211334771934685,-1.0244,-0.9849999999999994,True,1.0,0.1322691196009119,0.9082957693733302,0.9532787870101356,True,True,general line (buffer,1.0577187465443522e-15,,,,,,1.1840784925333283,0.7858616185563456
C000000016,VIS-015_SW_data_10-July-2026_09-24-32,856.1,2,general->MVC,2,37.0,36.72003746032715,same,0.8748219704602761,-0.7092,-0.5122,True,1.0,0.1376982207582959,0.9314361505115908,0.9412014669823748,True,True,general line (buffer,1.0577187465443522e-15,,,,,,0.7893856616888858,0.3770726151817446
C000000016,VIS-015_SW_data_10-July-2026_09-24-32,856.1,2,MVC->MVC,0,36.2,896.4000232517719,,0.5182260896558567,0.0788000000000002,0.5122,True,1.0,0.2438524143821432,0.9294717191693216,0.9505114493521452,True,,,0.0,2.0,37.0,True,True,0.0,0.16915407036190425,0.4898419954230139
C000000018,VIS-012_SW_data_07-July-2026_09-21-31,699.6,2,general->MVC,0,30.8,678.2399993389845,other,0.5641221498930882,-0.2363999999999997,-0.5122,True,1.0,0.1696449232956927,0.8988494981762036,0.9132463917705166,True,False,September line of th,2.965841309786346,,,,,,0.5230776586201474,0.21124290059659837
C000000018,VIS-012_SW_data_07-July-2026_09-21-31,699.6,2,general->MVC,2,29.1,29.160022735595703,same,0.4873510849480069,-0.1181999999999998,-0.4727999999999994,True,1.0,0.1576801826483011,0.906885829292109,0.9198557650683497,True,True,general line (buffer,1.460842054119505e-15,,,,,,0.4099731555132577,0.26350159725986777
C000000018,VIS-012_SW_data_07-July-2026_09-21-31,699.6,2,MVC->MVC,0,30.8,707.4000099673867,,0.1969999999999991,0.1969999999999991,0.0,True,1.0,0.0903185473753842,0.9768982817864912,0.97936889499866,True,,,2.2136839454718142,2.0,29.1,False,False,2.957255981655934,0.1435274063286984,0.1349402965483489
C000000019,VIS-027_SW_data_21-July-2026_11-19-20,1231.1,1,general->MVC,0,56.7,56.16000294685364,same,0.6001229207420774,-0.5516000000000001,0.2364000000000032,True,1.0,0.132715635853501,0.9343016806082072,0.9471764483592738,True,False,general line (buffer,0.0074521462083285,,,,,,0.4945264463644443,0.3399869318755592
C000000020,VIS-026_SW_data_21-July-2026_10-42-10,1297.6,1,general->MVC,0,53.5,52.92000249028206,same,1.3941143138207854,-0.9455999999999998,-1.0244,True,1.0,0.2742843050559047,0.8585074741702214,0.9183665613997688,True,False,September line of th,1.0225218228416586,,,,,,1.0569023171685268,0.9091271704023581
C000000021,VIS-024_SW_data_17-July-2026_09-35-47,835.6,2,general->MVC,0,70.7,648.0000242590904,other,2.15982448360972,1.6942,-1.3395999999999972,True,1.0,0.1008692222632837,0.4674554792137037,0.7238270466849724,True,False,September line of th,2.240243693878425,,,,,,0.8974035387013681,1.9645632310328562
C000000021,VIS-024_SW_data_17-July-2026_09-35-47,835.6,2,general->MVC,2,191.3,191.1600232124329,same,0.8358002153624964,0.1181999999999998,-0.8273999999999972,True,1.0,0.069456461182527,0.7510487067358986,0.823101737940734,True,False,September line of th,3.1768870590845064,,,,,,0.2719147969823841,0.7903317930983318
C000000021,VIS-024_SW_data_17-July-2026_09-35-47,835.6,2,MVC->MVC,0,70.7,839.1600362956524,,1.1282442997861764,-1.0244,0.4727999999999994,True,1.0,0.0974925638189904,0.7029473949997558,0.7683043039962187,True,,,1.134987597336482,2.0,191.3,False,False,3.048010938294749,0.6963051810576968,0.8877467515188145
C000000022,VIS-023_SW_data_17-July-2026_08-48-06,900.1,2,general->MVC,0,12.4,927.7200503274798,other,3.1096061551264027,2.8762000000000008,-1.1820000000000022,True,1.0,0.1241563530392223,0.5815039345658988,0.9038965468288536,True,True,general line (buffer,1.3793276254547329e-15,,,,,,1.358235263045391,2.7972928717279544
C000000022,VIS-023_SW_data_17-July-2026_08-48-06,900.1,2,general->MVC,2,4.4,4.319965839385986,same,0.0788000000000002,0.0788000000000002,0.0,True,1.0,0.0350827592985497,0.9851933444672016,0.9856799067084944,True,False,September line of th,1.0550391554817184,,,,,,0.05877988773612222,0.05248204262153771
C000000022,VIS-023_SW_data_17-July-2026_08-48-06,900.1,2,MVC->MVC,0,12.4,932.040034327656,,3.043761567534488,-2.8368,1.103200000000001,True,1.0,0.0738010840028788,0.5967613515291847,0.8859718117992942,True,,,1.0550391554817184,2.0,4.4,False,False,4.178891241837669,1.381327361798868,2.7122719626810623
C000000023,VIS-022_SW_data_14-July-2026_11-41-10,817.1,2,general->MVC,0,111.8,748.4399974346161,other,0.9975283254123658,0.1575999999999999,-0.9849999999999994,True,1.0,0.4360753145960009,0.8082683176951201,0.8555558407215336,True,True,general line (buffer,1.4950985009320929e-15,,,,,,0.0710129433889016,0.994997448173232
C000000023,VIS-022_SW_data_14-July-2026_11-41-10,817.1,2,general->MVC,2,38.5,38.88005018234253,same,0.9472402440775006,-0.6698,-0.6698000000000022,True,1.0,0.0784596711693329,0.918094761904116,0.9566657379897412,True,True,general line (buffer,1.4950985009320929e-15,,,,,,0.8048133584075534,0.49953932590813865
C000000023,VIS-022_SW_data_14-July-2026_11-41-10,817.1,2,MVC->MVC,0,111.8,787.3200327157974,,0.5045661899097071,-0.3151999999999999,0.3939999999999983,True,1.0,0.2701739439694403,0.813434075268593,0.8216704086709896,True,,,0.0,2.0,38.5,True,True,0.0,0.21712003380974593,0.45546232656329916
C000000025,VIS-025_SW_data_21-July-2026_09-53-09,792.1,2,general->MVC,0,34.0,801.3599999248981,other,1.423861706767899,0.3546,-1.3789999999999978,True,1.0,0.0791090386744739,0.726051727495365,0.9143302292269424,True,False,September line of th,1.5619821075865086,,,,,,0.5411156573142923,1.3170330312521839
C000000025,VIS-025_SW_data_21-July-2026_09-53-09,792.1,2,general->MVC,2,36.0,35.64000129699707,same,1.3244496215409642,0.6698,-1.1426000000000016,True,1.0,0.0488802618650921,0.7276534907073229,0.8959584260870941,True,False,September line of th,1.4664813786243207,,,,,,0.14711642825793747,1.316253606466714
C000000025,VIS-025_SW_data_21-July-2026_09-53-09,792.1,2,MVC->MVC,0,34.0,837.0000179857016,,0.8112956551097783,0.7092,0.3940000000000054,True,1.0,0.0451933623444872,0.8362716541026538,0.848128613007224,True,,,0.0933559401670501,2.0,36.0,False,False,0.0,0.8039766662149044,0.10872975757341113
C000000026,VIS-020_SW_data_14-July-2026_10-03-40,834.1,2,general->MVC,0,25.4,869.4000206887722,other,0.6686401722899992,-0.4728000000000003,-0.4727999999999994,True,1.0,0.0491202605856279,0.8817235290174875,0.907869348481308,True,True,general line (buffer,2.145765662785165e-15,,,,,,0.5582865977899489,0.3679616212706476
C000000026,VIS-020_SW_data_14-July-2026_10-03-40,834.1,2,general->MVC,2,26.7,27.00001001358032,same,0.1420587202532816,-0.1181999999999998,-0.078800000000001,True,1.0,0.0849218464236377,0.919544685675692,0.922064156552013,True,False,general line (buffer,0.2142681886339155,,,,,,0.13164144209251635,0.05339672952347152
C000000026,VIS-020_SW_data_14-July-2026_10-03-40,834.1,2,MVC->MVC,0,25.4,896.4000195264816,,0.3151999999999972,0.0,0.3151999999999972,True,1.0,0.0895732102807546,0.9227456020539264,0.93284686110887,True,,,0.2142681886339155,2.0,26.7,False,False,1.1598534798998743,0.0634416588397663,0.3087494063535296
C000000027,VIS-019_SW_data_14-July-2026_09-20-26,920.6,2,general->MVC,0,35.1,860.7599958777428,other,0.5641221498930884,-0.2364000000000001,-0.5122,True,1.0,0.0771932639548308,0.8994096581759987,0.915152394750958,True,False,September line of th,0.1365624546767595,,,,,,0.4798505256977571,0.2966096306386327
C000000027,VIS-019_SW_data_14-July-2026_09-20-26,920.6,2,general->MVC,2,33.8,33.480048179626465,same,0.6229686990531708,-0.3546,-0.5122,True,1.0,0.0645157345149235,0.905224204439045,0.9208211807645926,True,False,September line of th,0.2111214301734499,,,,,,0.578411916221983,0.23136476648879306
C000000027,VIS-019_SW_data_14-July-2026_09-20-26,920.6,2,MVC->MVC,0,35.1,894.2400328814983,,0.0394000000000005,0.0,0.0394000000000005,True,1.0,0.0849218464236368,0.990690973360968,0.99081484294392,True,,,0.0763611135807946,2.0,33.8,False,False,0.0,0.021748288049946836,0.03285379684140904
C000000028,VIS-018_SW_data_14-July-2026_08-30-41,1092.1,2,general->MVC,0,36.2,1071.3599920272827,other,3.1327336177849534,-3.1126000000000005,-0.3545999999999978,True,0.6666666666666666,0.8146648145096247,0.8946784148653302,0.931596885045302,True,False,September line of th,1.0974324528032953,,,,,,3.1152378829396596,0.33062494264290904
C000000028,VIS-018_SW_data_14-July-2026_08-30-41,1092.1,2,general->MVC,2,36.1,35.64000129699707,same,2.260955877499603,-2.0882000000000005,-0.8667999999999978,True,1.0,0.2410082986123088,0.9274369350790612,0.9626051757595058,True,False,September line of th,0.7878334490442555,,,,,,2.226706132452248,0.3920475477535195
C000000028,VIS-018_SW_data_14-July-2026_08-30-41,1092.1,2,MVC->MVC,0,36.2,1107.0000119507313,,0.780080201005,0.5516000000000005,-0.5516000000000005,True,1.0,0.2393846277437217,0.921876616019196,0.9614679941654848,True,,,0.3983847154253964,2.0,36.1,False,False,0.7412235154455601,0.418475671614174,0.6583336785149816
C000000029,VIS-031_SW_data_24-July-2026_11-11-50,850.1,2,general->MVC,0,25.4,855.3600274026394,other,2.7717556963051413,2.758,-0.2757999999999967,True,0.6666666666666666,0.6811346416091313,0.888735154270602,0.9409387603870342,True,True,general line (buffer,3.552713678800501e-16,,,,,,2.7431640489932763,0.3970902168409731
C000000029,VIS-031_SW_data_24-July-2026_11-11-50,850.1,2,general->MVC,2,27.2,27.00001001358032,same,0.3176529552829601,-0.0393999999999996,-0.3151999999999972,True,1.0,0.3821332228425049,0.9480426476965336,0.9584384459648332,True,False,general line (buffer,2.0660115915080035,,,,,,0.05325408155884762,0.3131571535145282
C000000029,VIS-031_SW_data_24-July-2026_11-11-50,850.1,2,MVC->MVC,0,25.4,882.3600262403488,,2.9155999999999995,-2.9155999999999995,0.0,True,1.0,0.2689024358387248,0.9007555159748648,0.9447810877627022,True,,,2.0660115915080035,2.0,27.2,False,False,1.2410070076022148,2.9127667217839552,0.12850441419635086
C000000030,VIS-029_SW_data_24-July-2026_09-36-27,831.1,2,general->MVC,0,41.6,793.8000001013279,other,0.2009013688355559,-0.197,0.0394000000000005,True,1.0,0.1652921050746248,0.8265386881680041,0.8308537439614173,True,False,September line of th,0.8433325665333703,,,,,,0.1506434515475643,0.13292069254196914
C000000030,VIS-029_SW_data_24-July-2026_09-36-27,831.1,2,general->MVC,2,33.3,33.480048179626465,same,0.4744388264044168,-0.4728000000000003,0.0394000000000005,True,1.0,0.077193263954831,0.8207738486700176,0.8369094262045141,True,False,September line of th,0.3763014895624039,,,,,,0.38921905354597,0.2712945417010444
C000000030,VIS-029_SW_data_24-July-2026_09-36-27,831.1,2,MVC->MVC,0,41.6,827.2800352424383,,0.1182000000000016,0.0,0.1182000000000016,True,1.0,0.09749256381899,0.9128853416677122,0.9154899246253412,True,,,0.5027202644825078,2.0,33.3,False,False,8.537736462515939e-07,0.05930307821103299,0.10224668657074655
C000000031,VIS-032_SW_data_24-July-2026_11-57-06,889.1,2,general->MVC,0,69.7,844.5600122213364,other,1.745202085719587,-1.5366,0.8273999999999972,True,1.0,0.9452924203652556,0.6921801826124956,0.7725660423040476,True,True,general line (buffer,3.580474974981753e-15,,,,,,0.649850405397782,1.6196989753050821
C000000031,VIS-032_SW_data_24-July-2026_11-57-06,889.1,2,general->MVC,2,66.6,66.95997714996338,same,0.8122518082466745,-0.6303999999999998,0.5121999999999929,True,1.0,0.1520055262153242,0.8222682270900536,0.8659386723609667,True,True,general line (buffer,3.580474974981753e-15,,,,,,0.15593643673019786,0.7971429154799543
C000000031,VIS-032_SW_data_24-July-2026_11-57-06,889.1,2,MVC->MVC,0,69.7,911.5200079977512,,1.696031568102434,1.6942000000000004,-0.078800000000001,True,1.0,0.1670938658359418,0.7645457460260994,0.8172308384228487,True,,,0.0,2.0,66.6,True,True,0.0,1.2504304289018748,1.1458389164608938
C000000032,VIS-030_SW_data_24-July-2026_10-24-32,781.6,2,general->MVC,0,51.3,752.7600228786469,other,1.4752656438757032,-1.2213999999999992,-0.8273999999999972,True,1.0,0.631631348177081,0.7301644871169287,0.8369928643583783,True,False,September line of th,0.3903448641520556,,,,,,1.4486349359347126,0.27904397931047553
C000000032,VIS-030_SW_data_24-July-2026_10-24-32,781.6,2,general->MVC,2,51.3,50.75997114181519,same,1.3448045954710326,-1.1426000000000016,-0.7092000000000027,True,1.0,0.6131657198506812,0.7651781828977735,0.8444937031107446,True,False,September line of th,1.4905501825931518,,,,,,1.3093263696460777,0.30686130050794924
C000000032,VIS-030_SW_data_24-July-2026_10-24-32,781.6,2,MVC->MVC,0,51.3,803.5200126469135,,0.1624503616493346,0.1575999999999986,0.0394000000000005,True,1.0,0.1576801826482943,0.9336358638551602,0.9353195789232812,True,,,1.1721054896852487,2.0,51.3,False,False,5.089689592106693,0.13927441854998407,0.08362270228570383
C000000033,VIS-028_SW_data_24-July-2026_08-43-33,1181.6,1,general->MVC,0,34.0,1150.2000577747822,other,2.906000412938717,-2.8368,0.6303999999999945,True,1.0,0.5567346225985914,0.7082687832104825,0.8694306061852076,True,True,general line (buffer,6.665175222069189e-15,,,,,,2.5126836807154236,1.4598832558346522
C000000035,VIS-044_SW_data_07-August-2026_10-54-57,1151.1,2,general->MVC,0,43.7,1031.399980187416,other,3.279680234413102,1.5760000000000003,-2.876199999999997,True,1.0,0.4163291966701296,0.1232119980756233,0.8588953682234254,True,False,September line of th,2.3784330302644485,,,,,,0.19109470676895102,3.2741083141895095
C000000035,VIS-044_SW_data_07-August-2026_10-54-57,1151.1,2,general->MVC,2,27.6,28.079986572265625,same,0.4809382912599101,0.3940000000000001,-0.2758000000000038,True,1.0,0.1394896411924517,0.9034980203458732,0.9163048001497288,True,False,general line (buffer,2.257650698804604,,,,,,0.2377595640426876,0.41805744785403987
C000000035,VIS-044_SW_data_07-August-2026_10-54-57,1151.1,2,MVC->MVC,0,43.7,1059.4799853861332,,2.6418574072042635,-0.7880000000000003,2.5216000000000065,True,1.0,0.0694564611825271,0.2971997779717651,0.8911372393496121,True,,,0.3909462541286825,2.0,27.6,False,False,1.8139273176945765,0.36886259347218775,2.6159799210118186
C000000036,VIS-043_SW_data_07-August-2026_10-03-38,835.1,2,general->MVC,0,44.8,800.2800270915031,other,1.142599999999998,-0.7880000000000003,-0.8273999999999972,True,1.0,0.2270690643835045,0.7538112655758573,0.8055501960922985,True,False,general line (buffer,1.519790188197202,,,,,,1.1193415167595178,0.22936723579992502
C000000036,VIS-043_SW_data_07-August-2026_10-03-38,835.1,2,general->MVC,2,45.4,45.35996913909912,same,0.3077238372307237,-0.2363999999999997,0.1970000000000027,True,1.0,0.229965649608802,0.7549939477950369,0.7621081546439054,True,False,general line (buffer,1.3745866644865057,,,,,,0.08160180504420315,0.2967071037463188
C000000036,VIS-043_SW_data_07-August-2026_10-03-38,835.1,2,MVC->MVC,0,44.8,845.6400129944086,,1.4768431873425156,1.0244,1.0638000000000003,True,1.0,0.3452454199551383,0.7408726806407783,0.8343217510270119,True,,,0.1941649114583501,2.0,45.4,False,False,0.9553632135921892,1.4483952819648,0.28847340810221656
C000000037,VIS-042_SW_data_07-August-2026_08-39-39,1056.1,2,general->MVC,0,47.0,1069.2000426352024,other,2.5046130958693045,0.8274000000000008,-2.3640000000000043,True,1.0,0.2364701249629663,0.488946572751955,0.8096521629416709,True,True,general line (buffer,1.255884285455977e-15,,,,,,0.20519351522956353,2.4961935784926133
C000000037,VIS-042_SW_data_07-August-2026_08-39-39,1056.1,2,general->MVC,2,46.0,46.4400053024292,same,0.3077238372307237,0.2363999999999997,-0.1970000000000027,True,1.0,0.2202519466429323,0.8437349836365804,0.8530665606364991,True,False,September line of th,0.461077920305358,,,,,,0.1791491709981206,0.25019898986743944
C000000037,VIS-042_SW_data_07-August-2026_08-39-39,1056.1,2,MVC->MVC,0,47.0,1115.640066564083,,2.044248791121077,-0.9455999999999988,1.812399999999997,True,1.0,0.1876208943588121,0.5702723151853788,0.9229305605333642,True,,,0.4610779203053581,2.0,46.0,False,False,1.3835210119962125,0.4585368448193,1.9921588997725928
C000000039,VIS-040_SW_data_04-August-2026_11-46-05,824.6,2,general->MVC,0,81.5,714.9600088596344,other,5.385275250161314,-1.5366,5.1614,False,0.6666666666666666,2.997457922974065,0.5745537254628068,0.7775037128852993,True,False,September line of th,3.256628499648661,,,,,,0.031883562743230565,5.385180865897338
C000000039,VIS-040_SW_data_04-August-2026_11-46-05,824.6,2,general->MVC,2,79.3,78.84001731872559,same,1.3049670187403226,-0.6304000000000016,1.1426000000000016,True,1.0,0.3042626496959527,0.8186555212064273,0.8748798761950284,True,False,September line of th,1.7779951023924372,,,,,,0.2706176286038777,1.2765990048127172
C000000039,VIS-040_SW_data_04-August-2026_11-46-05,824.6,2,MVC->MVC,0,81.5,793.8000150024891,,2.917196860001049,0.8274000000000008,-2.797399999999996,False,0.6666666666666666,4.274912159331466,0.7164726752093106,0.7574345851168561,True,,,1.5696853683636822,2.0,79.3,False,False,4.418822628040164,0.02245984961715053,2.9171103981774764
C000000040,VIS-039_SW_data_04-August-2026_10-57-58,949.6,2,general->MVC,0,41.6,992.5200380384922,other,0.6229686990531705,-0.3545999999999996,-0.5122,True,1.0,0.2028179479237497,0.9299891595640604,0.9451388513946444,True,True,general line (buffer,1.1356804615303238e-15,,,,,,0.5140749464655061,0.3518763268770531
C000000040,VIS-039_SW_data_04-August-2026_10-57-58,949.6,2,general->MVC,2,41.6,41.03994369506836,same,0.2009013688355583,-0.0393999999999996,-0.1970000000000027,True,1.0,0.1452459982237043,0.9424776557756204,0.9453058985818266,True,False,September line of th,0.2011086825533175,,,,,,0.10712601431352774,0.16995698590319516
C000000040,VIS-039_SW_data_04-August-2026_10-57-58,949.6,2,MVC->MVC,0,41.6,1033.559998497367,,0.4188277450217433,0.2758000000000002,0.3151999999999972,True,1.0,0.1485185510298304,0.9550411716112728,0.9605538624877256,True,,,0.2011086825533175,2.0,41.6,False,False,0.0,0.3701446650816136,0.1959836904224902
C000000042,VIS-036_SW_data_28-July-2026_14-07-08,888.1,2,general->MVC,0,39.4,885.6000192463398,other,1.040935771313485,-0.9062,-0.5122,True,1.0,0.0540832691319611,0.8452946919569753,0.9033535765180578,True,False,September line of th,1.2694740891953955,,,,,,1.0050472216639033,0.27097483688650603
C000000042,VIS-036_SW_data_28-July-2026_14-07-08,888.1,2,general->MVC,2,39.9,39.96002674102783,same,0.9691118614484088,-0.8668000000000005,-0.4333999999999989,True,1.0,0.0895732102807526,0.8459555854810958,0.8960396375611921,True,False,September line of th,0.9871592532393964,,,,,,0.9216811994879917,0.29946880724104874
C000000042,VIS-036_SW_data_28-July-2026_14-07-08,888.1,2,MVC->MVC,0,39.4,925.5600348114968,,0.078800000000001,0.0,0.078800000000001,True,1.0,0.0540832691319611,0.9878073761489587,0.9887723162274772,True,,,1.4588950170070905,2.0,39.9,False,False,3.186165631230067,0.05529522959891296,0.05614158515399841
C000000044,VIS-034_SW_data_28-July-2026_11-02-22,1011.1,2,general->MVC,0,43.7,956.8799883127213,other,2.0672801164815566,2.0488,-0.2757999999999967,True,1.0,0.1773431701532333,0.5115595062144938,0.7321049162438528,True,False,September line of th,0.5076006501778721,,,,,,0.7818917542308176,1.9137116722917937
C000000044,VIS-034_SW_data_28-July-2026_11-02-22,1011.1,2,general->MVC,2,47.1,47.52004146575928,same,1.070346523327843,0.1181999999999998,-1.0638000000000003,True,1.0,0.0849218464236395,0.735590627285444,0.8695469560787692,True,True,general line (buffer,3.398857964222902e-15,,,,,,0.863389243577887,0.6326141747337036
C000000044,VIS-034_SW_data_28-July-2026_11-02-22,1011.1,2,MVC->MVC,0,43.7,1004.400048404932,,3.054453077066336,-2.639800000000001,-1.5366,True,1.0,0.0771932639548312,0.567059291861592,0.7420281298426538,True,,,0.5035565233041532,2.0,47.1,False,False,2.869844978049159,2.6477270136388524,1.5229002794822422
C000000045,VIS-033_SW_data_28-July-2026_09-25-55,1112.6,1,general->MVC,0,43.7,43.20000112056732,same,0.3632500516173376,0.0788000000000002,0.3545999999999978,True,1.0,0.049120260585628,0.8896219514000611,0.8944600931050265,True,False,September line of th,0.9812489924777436,,,,,,0.16486270249463225,0.32368331641616144
