subject,acq,window,label,confidence,hand_speed,phase_ms,len_ev_mm,len_gen_mm,proj_dist_mean_mm,sign,disp_repro,disp_overlap,disp_corr,disp_auto_ev,disp_auto_gen,disp_track_ev,disp_track_gen,disp_anch_ev,disp_anch_gen,vel_repro,vel_overlap,vel_corr,vel_auto_ev,vel_auto_gen,vel_track_ev,vel_track_gen,vel_anch_ev,vel_anch_gen
C000000001,SWE_01_SW_data_21-April-2026_12-12-54,0,MVC,3,3.953173241852488,25.4,32.990399600226525,39.4093322451412,1.0534806212094288,1.0,1.0,1.0,0.9966641507304375,3.1560283687943267,3.26605504587156,0.9631608399388815,0.9570100066777246,2.470733276157805,2.470733276157805,0.9999999999999998,1.0,0.9842691261557784,3.0531732418524875,3.384030418250951,1.7813611351683891,1.6632003253803913,4.770828886049962,5.429087427058819
C000000001,SWE_01_SW_data_21-April-2026_12-12-54,2,MVC,3,4.759358288770054,39.9,34.689434910151,39.4093322451412,1.434317610545659,1.0,0.9999999999999992,0.76,0.9833683724858883,1.5964125560538118,2.006764374295378,1.000531954922791,0.8157739157120594,5.88033938646938,4.988389981964558,1.0,0.76,0.9754500305923158,4.759358288770054,5.297619047619048,1.63061747887613,1.7811929630978143,6.236162022691185,7.013703231883779
C000000002,SWE02_SW_data_28-April-2026_10-09-45,0,MVC,3,5.615141955835963,63.2,37.2279827979307,33.6569406432915,1.2899624716762572,1.0,0.9999999999999996,0.9,0.9934578884349025,16.48148148148148,6.3799283154121875,1.5584215955758336,1.764676477639549,3.550943457640339,5.357334231435447,0.9999999999999999,0.9,0.9625199061381132,5.615141955835963,5.014084507042254,2.39548411016707,2.248604126243403,3.9009263740746754,5.95491734670585
C000000004,VIS_4_SW_data_16-June-2026_10-58-59,0,MVC,2,5.615141955835963,52.4,37.72495115134614,24.414318267490096,4.154782999827492,1.0,0.9999999999999992,0.424,0.9677130985944514,-7.385892116182573,7.385892116182573,0.6105638650484947,,3.8103226678655147,3.9009263740746754,0.9999999999999988,0.424,0.9533864895185659,5.615141955835963,6.846153846153847,2.0756433325507224,,4.185870140181955,3.9009263740746754
C000000005,VIS-005_SW_data_19-June-2026_09-12-20,0,MVC,2,6.23,,24.064021488440247,25.045028850891384,1.3707245508500265,1.0,0.9999999999999994,0.832,0.970893591366138,9.673913043478262,5.615141955835963,,,4.1781695667608325,4.64422292053188,0.9999999999999997,0.832,0.9449498910386909,14.015748031496063,8.018018018018019,,,4.328077812035852,3.939771766251956
C000000007,VIS-007_SW_data_30-June-2026_11-45-50,1,MVC,3,10.809999999999999,,34.83683706923808,43.57282299452654,0.7113204564694797,-1.0,0.9999999999999999,0.964,0.994211148540797,-20.0,20.0,,,6.75625,6.75625,0.9999999999999998,0.964,0.9811952616595259,20.0,-20.0,,,,7.688448444738877
C000000008,VIS-010_SW_data_03-July-2026_10-36-33,0,MVC,2,6.559999999999999,63.2,43.953825717023385,32.98173597445846,3.3792698809962394,1.0,1.0,0.272,0.9263524811339736,-5.297619047619048,-1.5964125560538118,0.8727373116101098,,9.332410343884266,6.185699831864255,0.9999999999999993,0.272,0.9137938407880204,-3.384030418250951,3.7953091684434974,1.9055578658114076,1.7778671119664649,4.72084619666793,5.564957416741086
C000000010,vis-006_SW_data_30-June-2026_09-43-28,0,MVC,2,2.7812500000000004,31.9,30.12879051797183,32.44528085911605,0.9725426914408264,1.0,1.0,1.0,0.9817626846404054,3.0531732418524875,3.6475409836065578,0.624842428800896,0.5675286505866112,4.346643398524433,1.7588266813624807,1.0,1.0,0.9563443593580999,2.7812500000000004,2.9568106312292364,1.7821265996280997,1.7096888212577617,3.1280236213713173,2.4729198045853775
C000000011,VIS-11_SW_data_07-July-2026_08-40-05,0,MVC,1,2.086033519553073,22.1,48.779492294895604,32.249244997427645,3.594797445537081,1.0,0.9999999999999992,0.372,0.972919172335517,1.6527390900649952,2.0965842167255597,0.5903593296354059,0.4842167561854603,1.319180732550625,1.3037709497206706,1.0,0.372,0.8895158561369599,2.486033519553073,2.9568106312292364,1.4384440151048334,1.2881460596316563,1.66864630410776,3.1472139490640605
C000000013,VIS-016_SW_data_10-July-2026_10-11-11,0,MVC,3,4.320388349514563,29.7,22.705215795256933,23.512309590572674,1.1264442394782501,1.0,0.9999999999999991,1.0,0.9872200519973299,14.015748031496063,-20.0,1.4095947651085834,1.5014466579554597,2.7321579516310375,3.4155668902304095,1.0,1.0,0.9788460160999517,4.320388349514563,4.529262086513995,1.2389442305948446,1.1596451644801666,4.2200421344897405,4.073875836460446
C000000014,VIS-008_SW_data_10-July-2026_08-36-06,0,MVC,2,5.795309168443497,,34.07249629593245,31.157264403775933,1.8242359535077988,1.0,0.9999999999999994,0.616,0.9958991627854051,6.3799283154121875,7.385892116182573,0.4072082958001166,0.41276909538315903,3.6220682302771854,6.366497988712214,0.9999999999999998,0.616,0.9864229157154412,3.7953091684434974,3.26605504587156,3.152384377968779,2.6454078195173283,5.337717841655447,3.6220682302771854
C000000014,VIS-008_SW_data_10-July-2026_08-36-06,2,MVC,3,4.7660550458715605,,36.26144587629101,31.157264403775933,1.2563955246683076,1.0,0.9999999999999998,0.792,0.9939138902447127,3.5108481262327422,3.7953091684434974,0.3308238108839559,0.3034492988300895,2.9787844036697253,2.9787844036697253,0.9999999999999993,0.792,0.9875941725734652,3.26605504587156,3.384030418250951,3.197196144638329,3.180466339194838,3.429849517745847,4.494113703643826
C000000015,VIS-017_SW_data_10-July-2026_10-53-28,0,MVC,1,7.385892116182573,35.1,34.56662057436534,34.976100741579714,1.5529768487390685,1.0,0.9999999999999999,0.776,0.9898825194993833,3.384030418250951,4.320388349514563,1.2257040777453774,,4.616182572614108,5.131094027309842,1.0,0.776,0.9687323930267825,7.385892116182573,20.0,,1.841922876151259,6.414561376246977,6.192385232036254
C000000015,VIS-017_SW_data_10-July-2026_10-53-28,2,MVC,2,3.455555555555556,27.4,34.290629148817594,34.976100741579714,0.8469243470467003,1.0,0.9999999999999997,0.924,0.9965189121506633,2.360742705570292,3.1560283687943267,0.4502772917779914,0.40403982117121284,4.474905516775144,4.370970454721627,0.9999999999999993,0.924,0.9838694508897119,3.955555555555556,7.385892116182573,2.104754628512049,2.1877635602649987,4.025843368039447,2.731856534201017
C000000018,VIS-012_SW_data_07-July-2026_09-21-31,0,MVC,2,3.0,30.8,41.13992942022369,31.95901291819912,2.9660843967860657,1.0,0.9999999999999993,0.324,0.6382184843570259,20.0,-8.768472906403941,0.661068486827802,0.5618047719412378,1.9884573022181398,1.897161364166271,1.0,0.324,0.7916785626663,20.0,-20.0,1.3601997024139578,1.6812769507776928,3.7065959503475527,3.3346345903325987
C000000019,VIS-027_SW_data_21-July-2026_11-19-20,0,MVC,3,3.955555555555556,56.7,28.287794330380887,29.50382224359803,0.03824494534811839,1.0,1.0,1.0,0.99998649090664,5.014084507042254,4.529262086513995,1.6519024624906524,1.650911157947867,4.501326173423029,3.475957784500677,0.9999999999999999,1.0,0.9999749217475621,3.955555555555556,3.6475409836065578,0.4585603512763401,0.4524095461280969,5.062563450953419,5.561532455201084
C000000020,VIS-026_SW_data_21-July-2026_10-42-10,0,MVC,3,2.76605504587156,53.5,49.53483930526595,62.23148803877279,0.648982968726392,1.0,0.9999999999999996,0.94,0.9975561513671249,2.360742705570292,2.866344605475041,0.6689156249489842,0.5079583266893154,1.728784403669725,4.222491684045426,0.9999999999999996,0.94,0.993685084609457,3.26605504587156,3.955555555555556,1.6202735108039545,1.3552621265199327,1.728784403669725,1.9443338250560809
C000000021,VIS-024_SW_data_17-July-2026_09-35-47,0,MVC,2,2.7010622154779975,70.7,41.33042663132654,32.553455589264,2.231575890492837,1.0,1.0,0.468,0.9844543800588841,1.4048934490923441,2.1948212083847105,0.8355406275665325,0.7936482471881937,4.321699544764797,2.9672803749391354,0.9999999999999998,0.468,0.9717180907475941,2.7010622154779975,2.9568106312292364,2.145654842777507,2.2538782373651394,3.888011799518112,1.8545502343369595
C000000021,VIS-024_SW_data_17-July-2026_09-35-47,2,MVC,2,3.0163446054750422,191.3,44.63872695739515,32.553455589264,3.1776711368750874,1.0,0.9999999999999994,0.36,0.9960556139498407,1.5964125560538118,1.9243243243243244,1.9463469279893373,2.1376388122780017,4.604568528686128,4.291122804398596,1.0,0.36,0.9878728948656279,2.866344605475041,2.9568106312292364,0.4743691423284058,0.3238524272529321,1.9300429468921627,1.8852153784219015
C000000022,VIS-023_SW_data_17-July-2026_08-48-06,2,MVC,2,6.787878787878787,4.4,26.089776071766448,22.70140107221745,1.055650441456511,1.0,0.9999999999999991,0.916,0.9888391716849637,6.3799283154121875,7.385892116182573,,,5.366289362709976,4.827775773334198,1.0,0.916,0.9796783264790898,10.787878787878787,14.015748031496063,,,4.242424242424242,4.242424242424242
C000000025,VIS-025_SW_data_21-July-2026_09-53-09,0,MVC,3,3.384030418250951,34.0,26.20954316865572,25.385729356626058,1.5622487111507768,1.0,0.9999999999999996,0.98,0.9816837708926675,4.529262086513995,3.955555555555556,1.9274143752610062,1.7114316641961438,4.230495621678979,3.546878048012823,0.9999999999999994,0.98,0.9410390642452235,3.384030418250951,3.26605504587156,1.0434136008032189,1.0527314441525135,2.2167987800080144,2.115019011406844
C000000025,VIS-025_SW_data_21-July-2026_09-53-09,2,MVC,3,3.955555555555556,36.0,26.209543168655724,25.385729356626058,1.4667593677341282,1.0,0.9999999999999998,0.992,0.9783775626985758,2.7812500000000004,2.247474747474748,1.8519725050823408,1.5996354361690759,5.182943547747786,4.1459063405661,0.9999999999999994,0.992,0.9352748400031089,3.955555555555556,2.866344605475041,0.9861293651706141,1.0235673992677186,2.531007925017167,2.4722222222222228
C000000026,VIS-020_SW_data_14-July-2026_10-03-40,2,MVC,2,2.247474747474748,26.7,30.278587803050062,32.02880994241778,0.22071609422285438,1.0,1.0,1.0,0.9992328843374049,1.0,1.0,1.2771131561683458,1.2995341462998484,3.595959595959597,3.595959595959597,0.9999999999999996,1.0,0.998584865442372,2.247474747474748,2.3027166882276844,1.7187595318977034,1.73652989023102,1.5984823059030646,1.7355168328121435
C000000027,VIS-019_SW_data_14-July-2026_09-20-26,0,MVC,3,3.0531732418524875,35.1,37.620395712288506,36.92884396059512,0.14266670934858955,1.0,1.0,1.0,0.9996310415081022,2.7812500000000004,2.866344605475041,1.452349665985127,1.4507530586986883,3.599096087653706,3.641635223156583,0.9999999999999999,1.0,0.9995532517129102,3.0531732418524875,3.1560283687943267,0.4084816425835305,0.4057996032357932,1.9082332761578047,1.9082332761578047
C000000027,VIS-019_SW_data_14-July-2026_09-20-26,2,MVC,3,3.0531732418524875,33.8,37.620395712288506,36.92884396059512,0.21558434685703604,1.0,0.9999999999999993,1.0,0.9995766112004464,2.1445783132530125,2.0965842167255597,1.5004347931901143,1.5001111157082974,3.1257730806386967,2.4422743920765853,1.0,1.0,0.9993881767694812,3.0531732418524875,3.0531732418524875,0.21283447182239637,0.2345559542449928,1.9082332761578047,1.9082332761578047
C000000028,VIS-018_SW_data_14-July-2026_08-30-41,0,MVC,2,3.5,36.2,38.07243402109836,32.811382524893624,1.0984996360332133,1.0,0.9999999999999999,0.88,0.9997101334949711,6.3799283154121875,4.759358288770054,0.9168359915957803,0.8917010837519926,5.038033267184563,5.534584563192569,1.0,0.88,0.9964069516579893,20.0,9.673913043478262,1.4363770537170961,1.4386901349195043,2.3750297752790943,2.213354924860649
C000000028,VIS-018_SW_data_14-July-2026_08-30-41,2,MVC,3,2.3703883495145632,36.1,39.05841982984621,32.811382524893624,0.7916461944137473,1.0,0.9999999999999997,0.888,0.9993631316543197,3.7953091684434974,3.26605504587156,0.9520977699016046,0.9261567240213783,1.481492718446602,3.2938475275451387,0.9999999999999999,0.888,0.9973703924603137,4.320388349514563,3.7953091684434974,1.4526536968038466,1.470218165858425,2.6974443839781532,2.6974443839781532
C000000029,VIS-031_SW_data_24-July-2026_11-11-50,2,MVC,1,11.25,27.2,37.37308713901087,36.62319244350397,2.329304753942737,1.0,1.0,0.308,0.9800336207762546,2.9568106312292364,5.973154362416108,,,7.03125,7.456714883318024,1.0,0.308,0.9301669487960801,-2.7812500000000004,-2.866344605475041,,,7.03125,7.03125
C000000030,VIS-029_SW_data_24-July-2026_09-36-27,0,MVC,1,-9.673913043478262,41.6,27.10378949052602,30.088816995444525,0.8440704355702171,1.0,0.9999999999999998,1.0,0.9946182528951981,-20.0,-20.0,,,-6.046195652173914,-6.046195652173914,1.0,1.0,0.9913335618340796,-9.673913043478262,-12.191780821917808,,,,
C000000030,VIS-029_SW_data_24-July-2026_09-36-27,2,MVC,1,-8.120000000000001,33.3,27.103789490526015,30.088816995444525,0.3780426503957871,1.0,0.9999999999999992,1.0,0.9989700298009369,8.768472906403941,2.3027166882276844,,,-5.075000000000001,-6.64974568942079,1.0,1.0,0.9979642497217115,-6.846153846153847,-6.846153846153847,,,-5.075000000000001,-5.257085559864086
C000000032,VIS-030_SW_data_24-July-2026_10-24-32,0,MVC,2,6.5,51.3,18.283008424712605,18.283008424712605,0.39141722647111965,1.0,1.0,0.984,0.9975693116075179,8.768472906403941,14.015748031496063,,,,,1.0,0.984,0.9880582115640417,20.0,20.0,,,,
C000000032,VIS-030_SW_data_24-July-2026_10-24-32,2,MVC,1,3.0,51.3,26.81900675713687,18.283008424712605,1.4908128181885942,1.0,0.9999999999999998,0.788,0.9945157066507864,-20.0,20.0,1.4924244374804505,1.4134743368746725,3.3346345903325987,3.2571836918113295,0.9999999999999998,0.788,0.9539662325007235,-20.0,-16.48148148148148,1.3870261177102208,1.3930675942854172,4.800000000000001,2.108779969463809
C000000035,VIS-044_SW_data_07-August-2026_10-54-57,0,MVC,2,2.5108481262327422,43.7,38.38235997373454,31.879041748296164,2.5920132509131526,1.0,1.0,0.276,0.9831741069618549,5.615141955835963,2.866344605475041,1.199561160712835,1.187507584975783,2.5405248300682852,1.569280078895464,1.0,0.276,0.8929747682773984,3.5108481262327422,2.866344605475041,1.0013976251028471,1.2253500363181782,3.6569281742835513,4.017357001972388
C000000035,VIS-044_SW_data_07-August-2026_10-54-57,2,MVC,1,1.5510622154779974,27.6,35.10621449109204,31.879041748296164,2.257949743285726,1.0,0.9999999999999996,0.36,0.9721549556941239,2.0506912442396317,2.1445783132530125,0.5395401760801473,0.3964270842962499,1.8718765834293292,2.2857472401730425,1.0,0.36,0.8117442912974722,2.7010622154779975,2.0965842167255597,1.0397250802443718,1.4576748344899633,1.15625661192518,2.4240590883984248
C000000036,VIS-043_SW_data_07-August-2026_10-03-38,0,MVC,3,3.6475409836065578,44.8,32.49333759578691,32.061266724898616,1.520216242915219,1.0,1.0,0.892,0.9759791917210293,2.1948212083847105,2.1445783132530125,0.7449911296803389,0.586802604273054,5.18907762273653,5.250409376808269,1.0,0.892,0.9190639819235215,3.6475409836065578,3.5108481262327422,0.5986632243783662,0.47087608643052636,2.2797131147540988,2.4176598346641316
C000000036,VIS-043_SW_data_07-August-2026_10-03-38,2,MVC,3,2.9568106312292364,45.4,33.110531257124286,32.061266724898616,1.375100488729212,1.0,1.0,0.856,0.9729418766096319,1.0,1.0,0.7093218106963622,0.6422404212721505,2.7555323476913056,1.891949445610839,0.9999999999999997,0.856,0.9082949807999708,2.9568106312292364,2.7010622154779975,1.9898962845467736,2.1526947817148607,3.8290364582547887,4.060733603133982
C000000037,VIS-042_SW_data_07-August-2026_08-39-39,2,MVC,2,2.8203883495145634,46.0,38.421729307250345,37.77492261737506,0.4667658754659872,1.0,0.9999999999999992,1.0,0.9970184173869486,8.768472906403941,10.787878787878787,0.26697583647807227,0.3025176566960684,1.762742718446602,1.762742718446602,0.9999999999999992,1.0,0.9856367450061073,4.320388349514563,4.320388349514563,1.7907555231430379,1.7677868493830715,1.804658072422107,1.762742718446602
C000000039,VIS-040_SW_data_04-August-2026_11-46-05,0,MVC,2,3.973154362416108,81.5,38.80896463950806,37.417896094903064,3.2569166166397494,1.0,0.9999999999999998,0.124,0.968043343066772,16.48148148148148,12.191780821917808,0.7957343865536484,0.5507460097051557,2.4832214765100673,2.4832214765100673,0.999999999999999,0.124,0.8609797182939486,5.973154362416108,2.866344605475041,1.3252011828127792,1.3407993428091678,5.1451901407837815,4.738931507350013
C000000039,VIS-040_SW_data_04-August-2026_11-46-05,2,MVC,1,2.0696649029982366,79.3,33.95000076936249,37.417896094903064,1.7785257213208285,1.0,1.0,0.836,0.9586804983246775,2.5538020086083217,2.1445783132530125,0.7412761107253564,0.7609669992899118,1.293540564373898,1.293540564373898,0.9999999999999996,0.836,0.6920339723114598,1.5696649029982364,1.9243243243243244,1.330688483133871,1.3835890716184354,2.3830657769991044,1.3088294302463956
C000000040,VIS-039_SW_data_04-August-2026_10-57-58,2,MVC,3,3.4568106312292364,41.6,32.81010645453443,32.81010645453442,0.20493642672428014,1.0,1.0,1.0,0.9988211692145746,2.9568106312292364,2.9568106312292364,2.054947023297477,2.06033595204284,4.975864845282904,4.975864845282904,0.9999999999999994,1.0,0.9979138956236164,2.9568106312292364,2.9568106312292364,0.7481798877346366,0.7536594461588298,2.160506644518273,2.160506644518273
C000000042,VIS-036_SW_data_28-July-2026_14-07-08,0,MVC,1,1.4500000000000004,39.4,40.05908577055311,35.616921432430324,1.2716180020562216,1.0,1.0,0.784,0.9886092481040967,1.0933660933660934,1.1330362826225335,0.5312393752708628,0.4386675991056876,0.9062500000000002,0.9062500000000002,0.999999999999999,0.784,0.8940146879255354,-8.768472906403941,1.7131857555341674,1.8036682498031127,2.027649200244163,2.239643974960226,1.7499111375980978
C000000042,VIS-036_SW_data_28-July-2026_14-07-08,2,MVC,1,2.3027166882276844,39.9,30.182431540802355,35.616921432430324,0.9892811117560353,1.0,1.0,0.932,0.9877517993040345,1.119496855345912,1.0,0.3559435761482956,0.5613019081122551,3.4741254222441476,3.684346701164295,0.9999999999999994,0.932,0.9483100451893106,2.3027166882276844,1.624087591240876,2.617251773731685,2.2912286144574425,3.19981224667637,1.863745106621428
C000000044,VIS-034_SW_data_28-July-2026_11-02-22,0,MVC,3,2.884030418250951,43.7,36.849151231800796,36.39740742986109,0.5119436825829569,1.0,0.9999999999999999,0.996,0.9917749364385229,4.129930394431555,5.615141955835963,1.56895143195805,1.4341261830661904,4.402585724305995,4.351157676406417,0.9999999999999996,0.996,0.9673228558894978,3.384030418250951,2.7812500000000004,2.2770665707233815,2.2710016047200257,3.4398921789925416,3.9607809536938294
C000000045,VIS-033_SW_data_28-July-2026_09-25-55,0,MVC,1,2.4800000000000004,43.7,40.38218837971669,32.54623462797871,0.9838112547165714,1.0,0.9999999999999992,0.88,0.9923117073382575,-16.48148148148148,20.0,0.522537555378069,0.5098507910602943,1.5683200610441175,1.6056123384806567,0.9999999999999993,0.88,0.974290285700109,-14.015748031496063,-20.0,1.2788453265206847,1.2322050043892148,3.875838428167405,3.785817419672172
