subject,n_sw,n_strain_folders,strain_files_manifest,strain_missing,strain_size_mismatch,second,b1_iq,b3_iq,b3_variants,b4_gif,unwrap_status,unwrap_method
C000000001,14,4,19,0,0,SWE_01_SW_data_21-April-2026_12-14-11,True,True,,True,,
C000000002,15,9,27,0,0,SWE02_SW_data_28-April-2026_10-11-53,True,True,,True,,
C000000003,15,9,27,0,0,VIS_03_SW_data_16-June-2026_10-10-39,True,True,,True,,
C000000004,14,13,39,0,0,VIS_4_SW_data_16-June-2026_11-00-06,True,True,,True,,
C000000005,16,18,54,0,0,VIS-005_SW_data_19-June-2026_09-12-54,True,True,,True,,
C000000006,0,0,0,0,0,,,,,,,
C000000007,14,10,30,0,0,VIS-007_SW_data_30-June-2026_11-47-50,True,True,,True,,
C000000008,14,11,33,0,0,VIS-010_SW_data_03-July-2026_10-37-16,True,True,,True,,
C000000009,16,11,33,0,0,VIS-009_SW_data_03-July-2026_09-45-12,True,True,,True,,
C000000010,14,13,39,0,0,vis-006_SW_data_30-June-2026_09-44-14,True,True,,True,,
C000000011,15,10,30,0,0,VIS-11_SW_data_07-July-2026_08-40-50,True,True,,True,,
C000000012,16,4,6,0,0,VIS-014_SW_data_07-July-2026_11-42-46,True,True,,True,,
C000000013,15,10,30,0,0,VIS-016_SW_data_10-July-2026_10-11-53,True,True,,True,,
C000000014,15,14,42,0,0,VIS-008_SW_data_10-July-2026_08-38-51,True,True,,True,,
C000000015,13,14,42,0,0,VIS-017_SW_data_10-July-2026_10-54-09,True,True,,True,,
C000000016,17,11,33,0,0,VIS-015_SW_data_10-July-2026_09-25-23,True,True,,True,,
C000000017,15,15,45,0,0,VIS-013_SW_data_07-July-2026_10-53-54,True,True,,True,,
C000000018,15,11,33,0,0,VIS-012_SW_data_07-July-2026_09-22-43,True,True,,True,,
C000000019,15,9,27,0,0,VIS-027_SW_data_21-July-2026_11-20-11,True,True,,True,,
C000000020,17,12,36,0,0,VIS-026_SW_data_21-July-2026_10-43-19,True,True,,True,,
C000000021,16,14,42,0,0,VIS-024_SW_data_17-July-2026_09-36-34,True,True,,True,,
C000000022,17,10,30,0,0,VIS-023_SW_data_17-July-2026_08-48-50,True,True,,True,,
C000000023,14,11,33,0,0,VIS-022_SW_data_14-July-2026_11-41-58,True,True,,True,,
C000000024,13,8,24,0,0,VIS-021_SW_data_14-July-2026_10-56-18,True,True,,True,,
C000000025,15,12,36,0,0,VIS-025_SW_data_21-July-2026_09-53-59,True,True,,True,,
C000000026,14,13,39,0,0,VIS-020_SW_data_14-July-2026_10-04-27,True,True,,True,,
C000000027,14,12,36,0,0,VIS-019_SW_data_14-July-2026_09-21-01,True,True,,True,,
C000000028,16,11,33,0,0,VIS-018_SW_data_14-July-2026_08-31-36,True,True,,True,,
C000000029,14,13,39,0,0,VIS-031_SW_data_24-July-2026_11-13-37,True,True,,True,,
C000000030,17,10,30,0,0,VIS-029_SW_data_24-July-2026_09-37-10,True,True,,True,,
C000000031,15,14,42,0,0,VIS-032_SW_data_24-July-2026_11-58-23,True,True,,True,,
C000000032,16,13,39,0,0,VIS-030_SW_data_24-July-2026_10-27-00,True,True,,True,,
C000000033,17,7,21,0,0,VIS-028_SW_data_24-July-2026_08-45-28,True,True,,True,,
C000000034,14,8,24,0,0,VIS-045_SW_data_07-August-2026_11-42-57,True,True,,True,,
C000000035,14,9,27,0,0,VIS-044_SW_data_07-August-2026_10-55-40,True,True,,True,,
C000000036,16,12,36,0,0,VIS-043_SW_data_07-August-2026_10-04-23,True,True,,True,,
C000000037,20,10,30,0,0,VIS-042_SW_data_07-August-2026_08-40-25,True,True,,True,,
C000000038,10,9,27,0,0,VIS-041_SW_data_04-August-2026_12-29-03,True,True,,True,,
C000000039,13,9,27,0,0,VIS-040_SW_data_04-August-2026_11-50-50,True,True,,True,,
C000000040,16,15,45,0,0,VIS-039_SW_data_04-August-2026_10-58-42,True,True,,True,,
C000000041,15,13,39,0,0,VIS-038_SW_data_31-July-2026_09-02-26,True,True,,True,,
C000000042,18,13,39,0,0,VIS-036_SW_data_28-July-2026_14-08-15,True,True,,True,,
C000000043,14,13,39,0,0,VIS-035_SW_data_28-July-2026_12-25-18,True,True,,True,,
C000000044,15,14,42,0,0,VIS-034_SW_data_28-July-2026_11-03-14,True,True,,True,,
C000000045,15,13,39,0,0,VIS-033_SW_data_28-July-2026_09-26-33,True,True,,True,,
C000000046,17,11,33,0,0,VIS-049_SW_data_04-September-2026_09-34-47,True,True,,True,,
C000000047,12,8,24,0,0,VIS-048_SW_data_04-September-2026_08-52-20,True,True,,True,,
C000000048,17,6,18,0,0,VIS-047_SW_data_28-August-2026_10-13-27,True,True,,True,,
C000000049,15,14,42,0,0,VIS-046_SW_data_28-August-2026_08-47-17,True,True,,True,,
