acq,subject,n_frames,log_len,run_seen,after_run,countable,run_s
1st,C000000002,26,2000,769,1096,True,30.3
1st,C000000003,26,2000,236,1096,True,9.3
1st,C000000004,26,2000,505,1096,True,19.9
1st,C000000005,26,1500,221,1095,True,8.7
1st,C000000007,26,1500,177,1096,True,7.0
1st,C000000008,26,1500,219,1095,True,8.6
1st,C000000009,26,1500,404,1096,False,15.9
1st,C000000010,26,1500,251,1096,True,9.9
1st,C000000011,32,1500,194,1306,False,7.6
1st,C000000012,32,1500,129,1306,True,5.1
1st,C000000013,32,1500,186,1314,False,7.3
1st,C000000014,32,1500,187,1313,False,7.4
1st,C000000015,32,1500,187,1313,False,7.4
1st,C000000016,32,1500,186,1314,False,7.3
1st,C000000017,32,1500,195,1305,False,7.7
1st,C000000018,32,1500,194,1306,False,7.6
1st,C000000019,32,1500,186,1314,False,7.3
1st,C000000020,32,1500,186,1314,False,7.3
1st,C000000021,32,1500,186,1314,False,7.3
1st,C000000022,32,1500,186,1314,False,7.3
1st,C000000023,32,1500,186,1314,False,7.3
1st,C000000024,32,1500,174,1313,True,6.9
1st,C000000025,32,1500,187,1313,False,7.4
1st,C000000026,32,1500,186,1314,False,7.3
1st,C000000027,32,1500,186,1314,False,7.3
1st,C000000028,32,1500,186,1314,False,7.3
1st,C000000029,32,1500,186,1314,False,7.3
1st,C000000030,32,1500,186,1314,False,7.3
1st,C000000031,32,1500,186,1314,False,7.3
1st,C000000032,32,1500,186,1314,False,7.3
1st,C000000033,32,1500,176,1313,True,6.9
1st,C000000034,32,1500,186,1314,False,7.3
1st,C000000035,32,1500,153,1313,True,6.0
1st,C000000036,32,1500,186,1314,False,7.3
1st,C000000037,32,1500,187,1313,False,7.4
1st,C000000038,32,1500,186,1314,False,7.3
1st,C000000039,32,1500,186,1314,False,7.3
1st,C000000040,32,1500,187,1313,False,7.4
1st,C000000041,32,1500,186,1314,False,7.3
1st,C000000042,32,1500,186,1314,False,7.3
1st,C000000043,32,1500,186,1314,False,7.3
1st,C000000044,32,1500,186,1314,False,7.3
1st,C000000045,32,1500,186,1314,False,7.3
1st,C000000001,26,2000,319,1096,True,12.6
2nd,C000000001,26,2000,265,1096,True,10.4
2nd,C000000002,26,2000,444,1096,True,17.5
2nd,C000000003,26,2000,717,1096,True,28.3
2nd,C000000004,26,2000,900,1096,True,35.5
2nd,C000000005,26,1500,298,1095,True,11.7
2nd,C000000007,26,1500,405,1095,False,16.0
2nd,C000000008,26,1500,404,1096,False,15.9
2nd,C000000009,26,1500,359,1096,True,14.2
2nd,C000000010,26,1500,404,1096,False,15.9
2nd,C000000011,32,1500,195,1305,False,7.7
2nd,C000000012,32,1500,194,1306,False,7.6
2nd,C000000013,32,1500,186,1314,False,7.3
2nd,C000000014,32,1500,187,1313,False,7.4
2nd,C000000015,32,1500,186,1314,False,7.3
2nd,C000000016,32,1500,186,1314,False,7.3
2nd,C000000017,32,1500,193,1305,True,7.6
2nd,C000000018,32,1500,194,1306,False,7.6
2nd,C000000019,32,1500,186,1314,False,7.3
2nd,C000000020,32,1500,186,1314,False,7.3
2nd,C000000021,32,1500,186,1314,False,7.3
2nd,C000000022,32,1500,186,1314,False,7.3
2nd,C000000023,32,1500,186,1314,False,7.3
2nd,C000000024,32,1500,186,1314,False,7.3
2nd,C000000025,32,1500,187,1313,False,7.4
2nd,C000000026,32,1500,186,1314,False,7.3
2nd,C000000027,32,1500,186,1314,False,7.3
2nd,C000000028,32,1500,173,1314,True,6.8
2nd,C000000029,32,1500,186,1314,False,7.3
2nd,C000000030,32,1500,186,1314,False,7.3
2nd,C000000031,32,1500,116,1314,True,4.6
2nd,C000000032,32,1500,186,1314,False,7.3
2nd,C000000033,32,1500,187,1313,False,7.4
2nd,C000000034,32,1500,186,1314,False,7.3
2nd,C000000035,32,1500,187,1313,False,7.4
2nd,C000000036,32,1500,186,1314,False,7.3
2nd,C000000037,32,1500,83,1314,True,3.3
2nd,C000000038,32,1500,186,1314,False,7.3
2nd,C000000039,32,1500,186,1314,False,7.3
2nd,C000000040,32,1500,186,1314,False,7.3
2nd,C000000041,32,1500,187,1313,False,7.4
2nd,C000000042,32,1500,187,1313,False,7.4
2nd,C000000043,32,1500,186,1314,False,7.3
2nd,C000000044,32,1500,187,1313,False,7.4
2nd,C000000045,32,1500,187,1313,False,7.4
2nd,C000000046,32,1500,186,1314,False,7.3
2nd,C000000047,32,1500,187,1313,False,7.4
2nd,C000000048,32,1500,187,1313,False,7.4
2nd,C000000049,32,1500,187,1313,False,7.4
