folder,kind,suggested,view,p_view,frame_agreement,top_fine,confident,review,proposed_path
VIS-046_SW_data_28-August-2026_08-46-35,SW,PLAX,PLAX,0.985,1.0,Parasternal_Long,True,False,Z:\raw_data\C000000049\PLAX\VIS-046_SW_data_28-August-2026_08-46-35
VIS-046_SW_data_28-August-2026_08-47-17,SW,PLAX,PLAX,0.969,1.0,Parasternal_Long,True,False,Z:\raw_data\C000000049\PLAX\VIS-046_SW_data_28-August-2026_08-47-17
VIS-046_SW_data_28-August-2026_08-48-05,SW,PLAX,PLAX,0.976,1.0,Parasternal_Long,True,False,Z:\raw_data\C000000049\PLAX\VIS-046_SW_data_28-August-2026_08-48-05
VIS-046_SW_data_28-August-2026_08-48-41,SW,PLAX,PLAX,0.988,1.0,Parasternal_Long,True,False,Z:\raw_data\C000000049\PLAX\VIS-046_SW_data_28-August-2026_08-48-41
VIS-046_SW_data_28-August-2026_08-49-26,SW,PLAX,PLAX,0.999,1.0,Parasternal_Long,True,False,Z:\raw_data\C000000049\PLAX\VIS-046_SW_data_28-August-2026_08-49-26
VIS-046_SW_data_28-August-2026_08-49-57,SW,PLAX,PLAX,0.999,1.0,Parasternal_Long,True,False,Z:\raw_data\C000000049\PLAX\VIS-046_SW_data_28-August-2026_08-49-57
VIS-046_SW_data_28-August-2026_08-51-53,SW,PSAX,PSAX,0.961,1.0,Parasternal_Short,True,False,Z:\raw_data\C000000049\PSAX\VIS-046_SW_data_28-August-2026_08-51-53
VIS-046_SW_data_28-August-2026_08-52-49,SW,PSAX,PSAX,0.968,1.0,Parasternal_Short,True,False,Z:\raw_data\C000000049\PSAX\VIS-046_SW_data_28-August-2026_08-52-49
VIS-046_SW_data_28-August-2026_08-53-39,SW,PSAX,PSAX,0.963,1.0,Parasternal_Short,True,False,Z:\raw_data\C000000049\PSAX\VIS-046_SW_data_28-August-2026_08-53-39
VIS-046_SW_data_28-August-2026_08-54-13,SW,PSAX,PSAX,0.974,1.0,Parasternal_Short,True,False,Z:\raw_data\C000000049\PSAX\VIS-046_SW_data_28-August-2026_08-54-13
VIS-046_SW_data_28-August-2026_08-55-37,SW,PSAX,PSAX,0.762,0.906,Parasternal_Short,False,True,Z:\raw_data\C000000049\PSAX\VIS-046_SW_data_28-August-2026_08-55-37
VIS-046_SW_data_28-August-2026_08-56-11,SW,PSAX,PSAX,0.877,1.0,Parasternal_Short,True,False,Z:\raw_data\C000000049\PSAX\VIS-046_SW_data_28-August-2026_08-56-11
VIS-046_SW_data_28-August-2026_08-56-44,SW,PSAX,PSAX,0.922,1.0,Parasternal_Short,True,False,Z:\raw_data\C000000049\PSAX\VIS-046_SW_data_28-August-2026_08-56-44
VIS-046_SW_data_28-August-2026_08-57-27,SW,PSAX,PSAX,0.831,0.938,Parasternal_Short,True,False,Z:\raw_data\C000000049\PSAX\VIS-046_SW_data_28-August-2026_08-57-27
VIS-046_SW_data_28-August-2026_08-58-00,SW,PSAX,PSAX,0.917,1.0,Parasternal_Short,True,False,Z:\raw_data\C000000049\PSAX\VIS-046_SW_data_28-August-2026_08-58-00
VIS-046_Strain_data_28-August-2026_09-00-18,Strain,Apical,Apical,1.0,1.0,A4C,True,False,Z:\raw_data\C000000049\Apical\VIS-046_Strain_data_28-August-2026_09-00-18
VIS-046_Strain_data_28-August-2026_09-01-13,Strain,pending,,,,,,True,
VIS-046_Strain_data_28-August-2026_09-02-05,Strain,pending,,,,,,True,
VIS-046_Strain_data_28-August-2026_09-04-05,Strain,pending,,,,,,True,
VIS-046_Strain_data_28-August-2026_09-04-42,Strain,pending,,,,,,True,
VIS-046_Strain_data_28-August-2026_09-05-23,Strain,pending,,,,,,True,
VIS-046_Strain_data_28-August-2026_09-06-50,Strain,pending,,,,,,True,
VIS-046_Strain_data_28-August-2026_09-07-38,Strain,pending,,,,,,True,
VIS-046_Strain_data_28-August-2026_09-08-17,Strain,pending,,,,,,True,
VIS-046_Strain_data_28-August-2026_09-08-51,Strain,pending,,,,,,True,
VIS-046_Strain_data_28-August-2026_09-09-46,Strain,pending,,,,,,True,
VIS-046_Strain_data_28-August-2026_09-10-40,Strain,pending,,,,,,True,
VIS-046_Strain_data_28-August-2026_09-11-21,Strain,pending,,,,,,True,
VIS-046_Strain_data_28-August-2026_09-11-59,Strain,pending,,,,,,True,
