rank,subject,confidence,lowest_loop,n_loops,file
1,C000000038,0.617,0.5,10,01_C000000038_conf0.62.gif
2,C000000007,0.791,0.012,14,02_C000000007_conf0.79.gif
3,C000000035,0.866,0.304,14,03_C000000035_conf0.87.gif
4,C000000039,0.915,0.401,13,04_C000000039_conf0.92.gif
5,C000000003,0.916,0.014,15,05_C000000003_conf0.92.gif
6,C000000020,0.936,0.729,17,06_C000000020_conf0.94.gif
7,C000000044,0.943,0.153,15,07_C000000044_conf0.94.gif
8,C000000034,0.951,0.383,14,08_C000000034_conf0.95.gif
9,C000000028,0.952,0.319,16,09_C000000028_conf0.95.gif
10,C000000005,0.963,0.5,16,10_C000000005_conf0.96.gif
11,C000000042,0.966,0.598,18,11_C000000042_conf0.97.gif
12,C000000008,0.972,0.765,14,12_C000000008_conf0.97.gif
13,C000000037,0.986,0.788,20,13_C000000037_conf0.99.gif
14,C000000032,0.988,0.82,16,14_C000000032_conf0.99.gif
15,C000000033,0.993,0.89,17,15_C000000033_conf0.99.gif
16,C000000025,0.994,0.94,15,16_C000000025_conf0.99.gif
17,C000000041,0.994,0.936,15,17_C000000041_conf0.99.gif
18,C000000012,0.997,0.98,16,18_C000000012_conf1.00.gif
19,C000000010,0.997,0.962,14,19_C000000010_conf1.00.gif
20,C000000031,0.998,0.98,15,20_C000000031_conf1.00.gif
21,C000000029,0.998,0.98,14,21_C000000029_conf1.00.gif
22,C000000004,0.999,0.991,14,22_C000000004_conf1.00.gif
23,C000000043,0.999,0.992,14,23_C000000043_conf1.00.gif
24,C000000016,0.999,0.994,17,24_C000000016_conf1.00.gif
25,C000000015,0.999,0.989,13,25_C000000015_conf1.00.gif
26,C000000046,0.999,0.997,17,26_C000000046_conf1.00.gif
27,C000000009,0.999,0.997,16,27_C000000009_conf1.00.gif
28,C000000014,0.999,0.996,15,28_C000000014_conf1.00.gif
29,C000000030,0.999,0.994,17,29_C000000030_conf1.00.gif
30,C000000002,0.999,0.993,15,30_C000000002_conf1.00.gif
31,C000000026,0.999,0.997,14,31_C000000026_conf1.00.gif
32,C000000011,1.0,0.997,15,32_C000000011_conf1.00.gif
33,C000000048,1.0,0.996,17,33_C000000048_conf1.00.gif
34,C000000023,1.0,0.998,14,34_C000000023_conf1.00.gif
35,C000000047,1.0,0.998,12,35_C000000047_conf1.00.gif
36,C000000045,1.0,0.999,15,36_C000000045_conf1.00.gif
37,C000000040,1.0,0.998,16,37_C000000040_conf1.00.gif
38,C000000036,1.0,0.999,16,38_C000000036_conf1.00.gif
39,C000000021,1.0,1.0,16,39_C000000021_conf1.00.gif
40,C000000019,1.0,0.999,15,40_C000000019_conf1.00.gif
41,C000000022,1.0,0.999,17,41_C000000022_conf1.00.gif
42,C000000017,1.0,0.999,15,42_C000000017_conf1.00.gif
43,C000000013,1.0,0.999,15,43_C000000013_conf1.00.gif
44,C000000001,1.0,1.0,14,44_C000000001_conf1.00.gif
45,C000000049,1.0,1.0,15,45_C000000049_conf1.00.gif
46,C000000027,1.0,1.0,14,46_C000000027_conf1.00.gif
47,C000000018,1.0,1.0,15,47_C000000018_conf1.00.gif
48,C000000024,1.0,1.0,13,48_C000000024_conf1.00.gif
