subject,folder,label,p_plax_sup,p_apical
C000000001,SWE_01_SW_data_21-April-2026_12-12-54,PLAX,0.9999,0.0
C000000001,SWE_01_SW_data_21-April-2026_12-14-11,PLAX,1.0,0.0
C000000001,SWE_01_SW_data_21-April-2026_12-14-53,PLAX,1.0,0.0
C000000001,SWE_01_SW_data_21-April-2026_12-15-49,PLAX,1.0,0.0
C000000001,SWE_01_SW_data_21-April-2026_12-16-46,PLAX,1.0,1e-04
C000000001,SWE_01_SW_data_21-April-2026_12-17-37,PLAX,1.0,0.0
C000000001,SWE_01_SW_data_21-April-2026_12-18-31,PSAX,0.0,1e-04
C000000001,SWE_01_SW_data_21-April-2026_12-19-03,PSAX,0.0001,1e-04
C000000001,SWE_01_SW_data_21-April-2026_12-19-36,PSAX,0.0,0.0002
C000000001,SWE_01_SW_data_21-April-2026_12-20-24,PSAX,0.0,1e-04
C000000001,SWE_01_SW_data_21-April-2026_12-21-32,PSAX,0.0002,0.0002
C000000001,SWE_01_SW_data_21-April-2026_12-22-36,PSAX,0.0,0.0011
C000000001,SWE_01_SW_data_21-April-2026_12-23-44,PSAX,0.0001,0.0002
C000000001,SWE_01_SW_data_21-April-2026_12-24-24,PSAX,0.0001,0.0002
C000000002,SWE02_SW_data_28-April-2026_10-09-45,PLAX,0.9994,0.0007
C000000002,SWE02_SW_data_28-April-2026_10-11-53,PLAX,1.0,0.0
C000000002,SWE02_SW_data_28-April-2026_10-12-32,PLAX,1.0,1e-04
C000000002,SWE02_SW_data_28-April-2026_10-13-12,PLAX,0.9999,1e-04
C000000002,SWE02_SW_data_28-April-2026_10-13-45,PLAX,1.0,0.0002
C000000002,SWE02_SW_data_28-April-2026_10-14-30,PLAX,1.0,1e-04
C000000002,SWE02_SW_data_28-April-2026_10-16-34,PSAX,0.0002,1e-04
C000000002,SWE02_SW_data_28-April-2026_10-17-52,PSAX,0.0015,1e-04
C000000002,SWE02_SW_data_28-April-2026_10-18-32,PSAX,0.0002,1e-04
C000000002,SWE02_SW_data_28-April-2026_10-19-37,PSAX,0.0,1e-04
C000000002,SWE02_SW_data_28-April-2026_10-20-20,PSAX,0.0001,0.0003
C000000002,SWE02_SW_data_28-April-2026_10-21-04,PSAX,0.0,0.0002
C000000002,SWE02_SW_data_28-April-2026_10-22-19,PSAX,0.0,0.0016
C000000002,SWE02_SW_data_28-April-2026_10-23-21,PSAX,0.0001,0.0017
C000000002,SWE02_SW_data_28-April-2026_10-24-12,PSAX,0.0066,0.0022
C000000003,VIS_03_SW_data_16-June-2026_10-09-42,PLAX,1.0,0.0004
C000000003,VIS_03_SW_data_16-June-2026_10-10-39,PLAX,1.0,0.0029
C000000003,VIS_03_SW_data_16-June-2026_10-12-10,PLAX,1.0,0.0006
C000000003,VIS_03_SW_data_16-June-2026_10-13-59,PLAX,0.9834,0.0005
C000000003,VIS_03_SW_data_16-June-2026_10-14-33,PLAX,0.9847,0.0014
C000000003,VIS_03_SW_data_16-June-2026_10-15-05,PLAX,0.9981,0.001
C000000003,VIS_03_SW_data_16-June-2026_10-16-31,PSAX,0.004,0.0378
C000000003,VIS_03_SW_data_16-June-2026_10-17-36,PSAX,0.9861,0.0228
C000000003,VIS_03_SW_data_16-June-2026_10-18-12,PSAX,0.194,0.0257
C000000003,VIS_03_SW_data_16-June-2026_10-18-58,PSAX,0.0342,0.0731
C000000003,VIS_03_SW_data_16-June-2026_10-19-41,PSAX,0.0046,0.0275
C000000003,VIS_03_SW_data_16-June-2026_10-20-18,PSAX,0.0001,0.0162
C000000003,VIS_03_SW_data_16-June-2026_10-21-54,PSAX,0.0,0.0069
C000000003,VIS_03_SW_data_16-June-2026_10-23-03,PSAX,0.0,0.0038
C000000003,VIS_03_SW_data_16-June-2026_10-23-36,PSAX,0.0,0.006
C000000004,VIS_4_SW_data_16-June-2026_10-58-59,PLAX,0.991,0.0011
C000000004,VIS_4_SW_data_16-June-2026_11-00-06,PLAX,1.0,0.0006
C000000004,VIS_4_SW_data_16-June-2026_11-00-39,PLAX,0.998,0.0009
C000000004,VIS_4_SW_data_16-June-2026_11-01-20,PLAX,0.9996,0.0009
C000000004,VIS_4_SW_data_16-June-2026_11-01-48,PLAX,0.9999,0.0006
C000000004,VIS_4_SW_data_16-June-2026_11-02-20,PLAX,0.9997,0.0007
C000000004,VIS_4_SW_data_16-June-2026_11-03-50,PSAX,0.0036,0.0005
C000000004,VIS_4_SW_data_16-June-2026_11-04-18,PSAX,0.0004,0.0018
C000000004,VIS_4_SW_data_16-June-2026_11-04-50,PSAX,0.0001,0.0015
C000000004,VIS_4_SW_data_16-June-2026_11-05-52,PSAX,0.0001,0.0023
C000000004,VIS_4_SW_data_16-June-2026_11-06-25,PSAX,0.0004,0.0028
C000000004,VIS_4_SW_data_16-June-2026_11-07-32,PSAX,0.0001,0.006
C000000004,VIS_4_SW_data_16-June-2026_11-08-03,PSAX,0.0001,0.0103
C000000004,VIS_4_SW_data_16-June-2026_11-08-35,PSAX,0.0043,0.0425
C000000005,VIS-005_SW_data_19-June-2026_09-12-20,PLAX,1.0,0.0006
C000000005,VIS-005_SW_data_19-June-2026_09-12-54,PLAX,1.0,0.0007
C000000005,VIS-005_SW_data_19-June-2026_09-14-24,PLAX,0.9999,0.0045
C000000005,VIS-005_SW_data_19-June-2026_09-15-51,PLAX,0.9912,0.0026
C000000005,VIS-005_SW_data_19-June-2026_09-16-29,PLAX,0.9327,0.0022
C000000005,VIS-005_SW_data_19-June-2026_09-17-03,PLAX,0.9995,0.0029
C000000005,VIS-005_SW_data_19-June-2026_09-18-05,PSAX,0.0008,1e-04
C000000005,VIS-005_SW_data_19-June-2026_09-18-42,PSAX,0.0073,1e-04
C000000005,VIS-005_SW_data_19-June-2026_09-19-21,PSAX,0.001,1e-04
C000000005,VIS-005_SW_data_19-June-2026_09-20-29,PSAX,0.0009,0.0005
C000000005,VIS-005_SW_data_19-June-2026_09-21-07,PSAX,0.0042,0.0018
C000000005,VIS-005_SW_data_19-June-2026_09-27-12,Unclear,0.0376,0.1108
C000000005,VIS-005_SW_data_19-June-2026_09-27-41,PSAX,0.0006,0.0019
C000000005,VIS-005_SW_data_19-June-2026_09-28-50,PSAX,0.0001,0.0017
C000000005,VIS-005_SW_data_19-June-2026_09-29-28,PSAX,0.0,0.0017
C000000005,VIS-005_SW_data_19-June-2026_09-30-03,PSAX,0.0003,0.0074
C000000007,VIS-007_SW_data_30-June-2026_11-45-50,PLAX,0.9978,0.0031
C000000007,VIS-007_SW_data_30-June-2026_11-47-50,PLAX,0.0123,0.0059
C000000007,VIS-007_SW_data_30-June-2026_11-49-10,PLAX,0.9993,0.0084
C000000007,VIS-007_SW_data_30-June-2026_11-50-12,PLAX,1.0,0.0002
C000000007,VIS-007_SW_data_30-June-2026_11-50-55,PLAX,0.9998,0.0008
C000000007,VIS-007_SW_data_30-June-2026_11-51-26,PLAX,0.9996,0.0002
C000000007,VIS-007_SW_data_30-June-2026_11-53-29,PLAX,0.0534,0.0058
C000000007,VIS-007_SW_data_30-June-2026_11-54-10,PLAX,0.02,0.0033
C000000007,VIS-007_SW_data_30-June-2026_11-57-47,PSAX,0.0,0.001
C000000007,VIS-007_SW_data_30-June-2026_11-58-24,PSAX,0.0001,0.0006
C000000007,VIS-007_SW_data_30-June-2026_11-58-59,PSAX,0.0,0.0002
C000000007,VIS-007_SW_data_30-June-2026_11-59-49,PSAX,0.0027,0.005
C000000007,VIS-007_SW_data_30-June-2026_12-00-27,PSAX,0.0002,0.0028
C000000007,VIS-007_SW_data_30-June-2026_12-01-29,PSAX,0.0009,0.0055
C000000008,VIS-010_SW_data_03-July-2026_10-36-33,PLAX,0.9991,0.0026
C000000008,VIS-010_SW_data_03-July-2026_10-37-16,PLAX,1.0,0.0038
C000000008,VIS-010_SW_data_03-July-2026_10-37-44,PLAX,0.9999,0.0048
C000000008,VIS-010_SW_data_03-July-2026_10-38-22,PLAX,0.9991,0.0135
C000000008,VIS-010_SW_data_03-July-2026_10-39-08,PLAX,0.9857,0.0248
C000000008,VIS-010_SW_data_03-July-2026_10-39-52,PLAX,0.9712,0.0087
C000000008,VIS-010_SW_data_03-July-2026_10-40-54,PSAX,0.0938,0.0049
C000000008,VIS-010_SW_data_03-July-2026_10-41-24,PSAX,0.0142,0.0071
C000000008,VIS-010_SW_data_03-July-2026_10-41-56,PSAX,0.2354,0.0074
C000000008,VIS-010_SW_data_03-July-2026_10-42-38,PSAX,0.0014,0.0067
C000000008,VIS-010_SW_data_03-July-2026_10-43-23,PSAX,0.0,0.0043
C000000008,VIS-010_SW_data_03-July-2026_10-43-54,PSAX,0.0,0.0117
C000000008,VIS-010_SW_data_03-July-2026_10-44-27,PSAX,0.0,0.0185
C000000008,VIS-010_SW_data_03-July-2026_10-44-58,PSAX,0.0,0.0086
C000000009,VIS-009_SW_data_03-July-2026_09-43-33,PLAX,0.9974,0.0003
C000000009,VIS-009_SW_data_03-July-2026_09-45-12,PLAX,1.0,1e-04
C000000009,VIS-009_SW_data_03-July-2026_09-45-57,PLAX,1.0,0.0
C000000009,VIS-009_SW_data_03-July-2026_09-47-12,PLAX,0.9999,0.0003
C000000009,VIS-009_SW_data_03-July-2026_09-47-50,PLAX,0.9999,0.0
C000000009,VIS-009_SW_data_03-July-2026_09-48-24,PLAX,0.9998,0.0
C000000009,VIS-009_SW_data_03-July-2026_09-49-49,PSAX,0.0001,0.0
C000000009,VIS-009_SW_data_03-July-2026_09-50-42,PSAX,0.0003,1e-04
C000000009,VIS-009_SW_data_03-July-2026_09-51-59,PSAX,0.0011,0.0
C000000009,VIS-009_SW_data_03-July-2026_09-54-19,PSAX,0.001,1e-04
C000000009,VIS-009_SW_data_03-July-2026_09-55-35,PSAX,0.0009,1e-04
C000000009,VIS-009_SW_data_03-July-2026_09-56-29,PSAX,0.0017,1e-04
C000000009,VIS-009_SW_data_03-July-2026_09-57-15,PSAX,0.0016,0.0019
C000000009,VIS-009_SW_data_03-July-2026_09-57-46,PSAX,0.0003,0.0005
C000000009,VIS-009_SW_data_03-July-2026_09-58-21,PSAX,0.0017,0.0002
C000000009,VIS-009_SW_data_03-July-2026_10-02-09,Apical,0.0002,0.999
C000000010,vis-006_SW_data_30-June-2026_09-43-28,PLAX,0.9999,1e-04
C000000010,vis-006_SW_data_30-June-2026_09-44-14,PLAX,0.9994,0.0002
C000000010,vis-006_SW_data_30-June-2026_09-44-49,PLAX,0.9998,0.0002
C000000010,vis-006_SW_data_30-June-2026_09-46-57,PLAX,1.0,0.0011
C000000010,vis-006_SW_data_30-June-2026_09-47-28,PLAX,0.9999,0.0002
C000000010,vis-006_SW_data_30-June-2026_09-48-33,PLAX,0.9998,0.0004
C000000010,vis-006_SW_data_30-June-2026_09-50-42,PSAX,0.0,0.0003
C000000010,vis-006_SW_data_30-June-2026_09-51-19,PSAX,0.0,0.0009
C000000010,vis-006_SW_data_30-June-2026_09-52-14,PSAX,0.0002,0.004
C000000010,vis-006_SW_data_30-June-2026_09-53-44,PSAX,0.0001,0.0006
C000000010,vis-006_SW_data_30-June-2026_09-55-00,PSAX,0.0002,0.0043
C000000010,vis-006_SW_data_30-June-2026_09-55-36,PSAX,0.0381,0.009
C000000010,vis-006_SW_data_30-June-2026_09-56-24,PSAX,0.0,0.0028
C000000010,vis-006_SW_data_30-June-2026_09-56-54,PSAX,0.0001,0.0029
C000000011,VIS-11_SW_data_07-July-2026_08-40-05,PLAX,0.9999,0.0024
C000000011,VIS-11_SW_data_07-July-2026_08-40-50,PLAX,0.9996,0.0019
C000000011,VIS-11_SW_data_07-July-2026_08-42-03,PLAX,0.9999,1e-04
C000000011,VIS-11_SW_data_07-July-2026_08-42-55,PLAX,0.9999,0.0003
C000000011,VIS-11_SW_data_07-July-2026_08-43-46,PLAX,0.9999,1e-04
C000000011,VIS-11_SW_data_07-July-2026_08-44-19,PLAX,1.0,1e-04
C000000011,VIS-11_SW_data_07-July-2026_08-47-07,PSAX,0.0007,0.0004
C000000011,VIS-11_SW_data_07-July-2026_08-47-48,PSAX,0.0013,1e-04
C000000011,VIS-11_SW_data_07-July-2026_08-48-43,PSAX,0.0033,0.0002
C000000011,VIS-11_SW_data_07-July-2026_08-50-02,PSAX,0.0003,0.0004
C000000011,VIS-11_SW_data_07-July-2026_08-50-39,PSAX,0.0001,0.0004
C000000011,VIS-11_SW_data_07-July-2026_08-51-19,PSAX,0.0,0.0003
C000000011,VIS-11_SW_data_07-July-2026_08-52-16,PSAX,0.0,0.0003
C000000011,VIS-11_SW_data_07-July-2026_08-52-47,PSAX,0.0001,0.0003
C000000011,VIS-11_SW_data_07-July-2026_08-53-32,PSAX,0.0002,0.0002
C000000012,VIS-014_SW_data_07-July-2026_11-41-37,PLAX,0.9989,0.0002
C000000012,VIS-014_SW_data_07-July-2026_11-42-46,PLAX,0.9979,0.0003
C000000012,VIS-014_SW_data_07-July-2026_11-43-19,PLAX,0.9982,0.0003
C000000012,VIS-014_SW_data_07-July-2026_11-47-54,PLAX,0.9829,0.0008
C000000012,VIS-014_SW_data_07-July-2026_11-51-16,PLAX,0.9975,0.0002
C000000012,VIS-014_SW_data_07-July-2026_11-52-00,PLAX,0.9995,0.0009
C000000012,VIS-014_SW_data_07-July-2026_11-52-35,PLAX,0.9981,0.0004
C000000012,VIS-014_SW_data_07-July-2026_11-53-20,PLAX,0.9993,0.0011
C000000012,VIS-014_SW_data_07-July-2026_11-55-12,PLAX,0.9799,0.0003
C000000012,VIS-014_SW_data_07-July-2026_11-55-56,PSAX,0.0,0.007
C000000012,VIS-014_SW_data_07-July-2026_11-56-44,PSAX,0.0,0.0152
C000000012,VIS-014_SW_data_07-July-2026_12-03-49,PSAX,0.0,0.0099
C000000012,VIS-014_SW_data_07-July-2026_12-04-31,PSAX,0.0,0.0117
C000000012,VIS-014_SW_data_07-July-2026_12-05-09,PSAX,0.0,0.0094
C000000012,VIS-014_SW_data_07-July-2026_12-05-40,PLAX,0.9992,0.0014
C000000012,VIS-014_SW_data_07-July-2026_12-06-10,PLAX,0.9968,0.0039
C000000013,VIS-016_SW_data_10-July-2026_10-11-11,PLAX,1.0,1e-04
C000000013,VIS-016_SW_data_10-July-2026_10-11-53,PLAX,1.0,1e-04
C000000013,VIS-016_SW_data_10-July-2026_10-12-47,PLAX,1.0,1e-04
C000000013,VIS-016_SW_data_10-July-2026_10-13-38,PLAX,1.0,1e-04
C000000013,VIS-016_SW_data_10-July-2026_10-14-12,PLAX,1.0,1e-04
C000000013,VIS-016_SW_data_10-July-2026_10-14-46,PLAX,1.0,0.0
C000000013,VIS-016_SW_data_10-July-2026_10-16-00,PSAX,0.001,1e-04
C000000013,VIS-016_SW_data_10-July-2026_10-16-57,PSAX,0.0003,1e-04
C000000013,VIS-016_SW_data_10-July-2026_10-17-32,PSAX,0.0,1e-04
C000000013,VIS-016_SW_data_10-July-2026_10-18-26,PSAX,0.0,0.0002
C000000013,VIS-016_SW_data_10-July-2026_10-19-06,PSAX,0.0,0.0004
C000000013,VIS-016_SW_data_10-July-2026_10-19-58,PSAX,0.0,0.0002
C000000013,VIS-016_SW_data_10-July-2026_10-20-33,PSAX,0.0,0.0006
C000000013,VIS-016_SW_data_10-July-2026_10-21-05,PSAX,0.0,0.001
C000000013,VIS-016_SW_data_10-July-2026_10-22-00,PSAX,0.0,0.0013
C000000014,VIS-008_SW_data_10-July-2026_08-36-06,PLAX,1.0,1e-04
C000000014,VIS-008_SW_data_10-July-2026_08-38-51,PLAX,1.0,1e-04
C000000014,VIS-008_SW_data_10-July-2026_08-42-17,PLAX,0.9993,0.0003
C000000014,VIS-008_SW_data_10-July-2026_08-43-45,PLAX,0.9997,0.0002
C000000014,VIS-008_SW_data_10-July-2026_08-44-48,PLAX,1.0,1e-04
C000000014,VIS-008_SW_data_10-July-2026_08-45-21,PLAX,1.0,1e-04
C000000014,VIS-008_SW_data_10-July-2026_08-49-37,PSAX,0.004,0.0003
C000000014,VIS-008_SW_data_10-July-2026_08-50-21,PSAX,0.0019,1e-04
C000000014,VIS-008_SW_data_10-July-2026_08-50-58,PSAX,0.0037,1e-04
C000000014,VIS-008_SW_data_10-July-2026_08-51-48,PSAX,0.0001,1e-04
C000000014,VIS-008_SW_data_10-July-2026_08-52-22,PSAX,0.0001,1e-04
C000000014,VIS-008_SW_data_10-July-2026_08-53-00,PSAX,0.0,1e-04
C000000014,VIS-008_SW_data_10-July-2026_08-53-46,PSAX,0.0,1e-04
C000000014,VIS-008_SW_data_10-July-2026_08-54-18,PSAX,0.0,1e-04
C000000014,VIS-008_SW_data_10-July-2026_08-55-26,PSAX,0.0004,0.0015
C000000015,VIS-017_SW_data_10-July-2026_10-53-28,PLAX,0.989,0.0003
C000000015,VIS-017_SW_data_10-July-2026_10-54-09,PLAX,0.9996,0.0
C000000015,VIS-017_SW_data_10-July-2026_10-54-55,PLAX,0.9998,0.0
C000000015,VIS-017_SW_data_10-July-2026_10-55-41,PLAX,1.0,1e-04
C000000015,VIS-017_SW_data_10-July-2026_10-56-30,PLAX,0.9999,0.0
C000000015,VIS-017_SW_data_10-July-2026_10-57-02,PLAX,1.0,1e-04
C000000015,VIS-017_SW_data_10-July-2026_10-57-56,PSAX,0.0003,1e-04
C000000015,VIS-017_SW_data_10-July-2026_10-58-33,PSAX,0.0002,1e-04
C000000015,VIS-017_SW_data_10-July-2026_10-59-04,PSAX,0.0006,0.0
C000000015,VIS-017_SW_data_10-July-2026_10-59-53,PSAX,0.0001,1e-04
C000000015,VIS-017_SW_data_10-July-2026_11-00-50,PSAX,0.0,0.0
C000000015,VIS-017_SW_data_10-July-2026_11-01-40,PSAX,0.0,1e-04
C000000015,VIS-017_SW_data_10-July-2026_11-02-36,PSAX,0.0,1e-04
C000000016,VIS-015_SW_data_10-July-2026_09-24-32,PLAX,1.0,0.0
C000000016,VIS-015_SW_data_10-July-2026_09-25-23,PLAX,1.0,1e-04
C000000016,VIS-015_SW_data_10-July-2026_09-26-07,PLAX,1.0,0.0
C000000016,VIS-015_SW_data_10-July-2026_09-27-06,PLAX,1.0,0.0
C000000016,VIS-015_SW_data_10-July-2026_09-27-54,PLAX,1.0,1e-04
C000000016,VIS-015_SW_data_10-July-2026_09-29-08,PSAX,0.0011,0.0
C000000016,VIS-015_SW_data_10-July-2026_09-29-55,PSAX,0.0011,0.0
C000000016,VIS-015_SW_data_10-July-2026_09-30-28,PSAX,0.0021,0.0
C000000016,VIS-015_SW_data_10-July-2026_09-31-11,PSAX,0.0013,1e-04
C000000016,VIS-015_SW_data_10-July-2026_09-32-03,PSAX,0.0034,1e-04
C000000016,VIS-015_SW_data_10-July-2026_09-33-05,PSAX,0.0007,1e-04
C000000016,VIS-015_SW_data_10-July-2026_09-33-53,PSAX,0.001,1e-04
C000000016,VIS-015_SW_data_10-July-2026_09-34-55,PSAX,0.0004,1e-04
C000000016,VIS-015_SW_data_10-July-2026_09-35-44,PSAX,0.0057,1e-04
C000000016,VIS-015_SW_data_10-July-2026_09-36-21,PSAX,0.001,0.0003
C000000016,VIS-015_SW_data_10-July-2026_09-37-04,PSAX,0.0007,0.0004
C000000016,VIS-015_SW_data_10-July-2026_09-37-46,PSAX,0.0006,0.0007
C000000017,VIS-013_SW_data_07-July-2026_10-52-55,PLAX,0.9994,0.0273
C000000017,VIS-013_SW_data_07-July-2026_10-53-54,PLAX,1.0,0.0152
C000000017,VIS-013_SW_data_07-July-2026_10-54-33,PLAX,1.0,0.0132
C000000017,VIS-013_SW_data_07-July-2026_10-55-21,PLAX,1.0,1e-04
C000000017,VIS-013_SW_data_07-July-2026_10-56-23,PLAX,1.0,0.0004
C000000017,VIS-013_SW_data_07-July-2026_10-57-19,PLAX,1.0,0.0022
C000000017,VIS-013_SW_data_07-July-2026_10-58-36,PSAX,0.0001,0.0004
C000000017,VIS-013_SW_data_07-July-2026_10-59-19,PSAX,0.0002,0.0002
C000000017,VIS-013_SW_data_07-July-2026_11-00-34,PSAX,0.0001,0.0002
C000000017,VIS-013_SW_data_07-July-2026_11-01-20,PSAX,0.0001,0.0013
C000000017,VIS-013_SW_data_07-July-2026_11-02-03,PSAX,0.0002,0.0008
C000000017,VIS-013_SW_data_07-July-2026_11-03-32,PSAX,0.0,0.0007
C000000017,VIS-013_SW_data_07-July-2026_11-04-32,PSAX,0.0,0.0007
C000000017,VIS-013_SW_data_07-July-2026_11-05-11,PSAX,0.0001,0.0015
C000000017,VIS-013_SW_data_07-July-2026_11-05-54,PSAX,0.0001,0.0013
C000000018,VIS-012_SW_data_07-July-2026_09-21-31,PLAX,1.0,0.0002
C000000018,VIS-012_SW_data_07-July-2026_09-22-43,PLAX,1.0,0.0066
C000000018,VIS-012_SW_data_07-July-2026_09-23-42,PLAX,1.0,1e-04
C000000018,VIS-012_SW_data_07-July-2026_09-24-36,PLAX,1.0,1e-04
C000000018,VIS-012_SW_data_07-July-2026_09-25-14,PLAX,1.0,1e-04
C000000018,VIS-012_SW_data_07-July-2026_09-26-12,PLAX,1.0,1e-04
C000000018,VIS-012_SW_data_07-July-2026_09-27-30,PSAX,0.0001,1e-04
C000000018,VIS-012_SW_data_07-July-2026_09-29-07,PSAX,0.0,0.0024
C000000018,VIS-012_SW_data_07-July-2026_09-30-37,PSAX,0.0,0.0015
C000000018,VIS-012_SW_data_07-July-2026_09-31-30,PSAX,0.0,0.0005
C000000018,VIS-012_SW_data_07-July-2026_09-32-10,PSAX,0.0,0.0002
C000000018,VIS-012_SW_data_07-July-2026_09-33-06,PSAX,0.0,0.0006
C000000018,VIS-012_SW_data_07-July-2026_09-33-48,PSAX,0.0001,0.0003
C000000018,VIS-012_SW_data_07-July-2026_09-34-29,PSAX,0.0001,0.0015
C000000018,VIS-012_SW_data_07-July-2026_09-35-02,PSAX,0.0001,0.0034
C000000019,VIS-027_SW_data_21-July-2026_11-19-20,PLAX,1.0,0.0
C000000019,VIS-027_SW_data_21-July-2026_11-20-11,PLAX,1.0,0.0
C000000019,VIS-027_SW_data_21-July-2026_11-20-48,PLAX,1.0,0.0
C000000019,VIS-027_SW_data_21-July-2026_11-21-41,PLAX,0.9999,0.0002
C000000019,VIS-027_SW_data_21-July-2026_11-22-43,PLAX,0.9999,1e-04
C000000019,VIS-027_SW_data_21-July-2026_11-23-45,PLAX,1.0,0.0
C000000019,VIS-027_SW_data_21-July-2026_11-26-55,PSAX,0.0002,0.0
C000000019,VIS-027_SW_data_21-July-2026_11-27-33,PSAX,0.0006,1e-04
C000000019,VIS-027_SW_data_21-July-2026_11-28-12,PSAX,0.0003,0.0
C000000019,VIS-027_SW_data_21-July-2026_11-28-51,PSAX,0.0,1e-04
C000000019,VIS-027_SW_data_21-July-2026_11-29-29,PSAX,0.0,1e-04
C000000019,VIS-027_SW_data_21-July-2026_11-30-06,PSAX,0.0001,1e-04
C000000019,VIS-027_SW_data_21-July-2026_11-30-54,PSAX,0.0,0.0002
C000000019,VIS-027_SW_data_21-July-2026_11-31-34,PSAX,0.0002,0.0002
C000000019,VIS-027_SW_data_21-July-2026_11-32-16,PSAX,0.0,1e-04
C000000020,VIS-026_SW_data_21-July-2026_10-42-10,PLAX,0.9773,0.002
C000000020,VIS-026_SW_data_21-July-2026_10-43-19,PLAX,0.8577,0.0034
C000000020,VIS-026_SW_data_21-July-2026_10-43-57,PLAX,0.7288,0.0027
C000000020,VIS-026_SW_data_21-July-2026_10-44-45,PLAX,0.7903,0.0025
C000000020,VIS-026_SW_data_21-July-2026_10-45-21,PLAX,0.901,0.0033
C000000020,VIS-026_SW_data_21-July-2026_10-45-56,PLAX,0.9937,0.0034
C000000020,VIS-026_SW_data_21-July-2026_10-46-45,PLAX,0.9971,0.0012
C000000020,VIS-026_SW_data_21-July-2026_10-47-20,PLAX,0.9227,0.002
C000000020,VIS-026_SW_data_21-July-2026_10-48-19,PSAX,0.0018,0.0004
C000000020,VIS-026_SW_data_21-July-2026_10-49-00,PSAX,0.0012,0.0004
C000000020,VIS-026_SW_data_21-July-2026_10-49-46,PSAX,0.0302,0.0004
C000000020,VIS-026_SW_data_21-July-2026_10-50-25,PSAX,0.006,0.0005
C000000020,VIS-026_SW_data_21-July-2026_10-50-55,PSAX,0.0006,0.0005
C000000020,VIS-026_SW_data_21-July-2026_10-51-26,PSAX,0.0077,0.0005
C000000020,VIS-026_SW_data_21-July-2026_10-52-18,PSAX,0.0015,0.0006
C000000020,VIS-026_SW_data_21-July-2026_10-53-50,PSAX,0.1903,0.0007
C000000020,VIS-026_SW_data_21-July-2026_10-54-19,PSAX,0.0176,0.0009
C000000021,VIS-024_SW_data_17-July-2026_09-35-47,PLAX,1.0,1e-04
C000000021,VIS-024_SW_data_17-July-2026_09-36-34,PLAX,1.0,1e-04
C000000021,VIS-024_SW_data_17-July-2026_09-37-09,PLAX,1.0,1e-04
C000000021,VIS-024_SW_data_17-July-2026_09-38-05,PLAX,1.0,1e-04
C000000021,VIS-024_SW_data_17-July-2026_09-38-39,PLAX,1.0,1e-04
C000000021,VIS-024_SW_data_17-July-2026_09-41-11,PLAX,1.0,0.0002
C000000021,VIS-024_SW_data_17-July-2026_09-42-45,PSAX,0.0001,1e-04
C000000021,VIS-024_SW_data_17-July-2026_09-44-15,PSAX,0.0005,1e-04
C000000021,VIS-024_SW_data_17-July-2026_09-44-51,PSAX,0.0004,0.0002
C000000021,VIS-024_SW_data_17-July-2026_09-45-19,PSAX,0.0004,1e-04
C000000021,VIS-024_SW_data_17-July-2026_09-46-29,PSAX,0.0001,1e-04
C000000021,VIS-024_SW_data_17-July-2026_09-47-05,PSAX,0.0001,1e-04
C000000021,VIS-024_SW_data_17-July-2026_09-47-39,PSAX,0.0002,1e-04
C000000021,VIS-024_SW_data_17-July-2026_09-48-12,PSAX,0.0,1e-04
C000000021,VIS-024_SW_data_17-July-2026_09-48-42,PSAX,0.0001,1e-04
C000000021,VIS-024_SW_data_17-July-2026_09-49-14,PSAX,0.0,1e-04
C000000022,VIS-023_SW_data_17-July-2026_08-48-06,PLAX,1.0,0.0006
C000000022,VIS-023_SW_data_17-July-2026_08-48-50,PLAX,1.0,0.0002
C000000022,VIS-023_SW_data_17-July-2026_08-49-31,PLAX,1.0,1e-04
C000000022,VIS-023_SW_data_17-July-2026_08-50-35,PLAX,1.0,0.0003
C000000022,VIS-023_SW_data_17-July-2026_08-51-14,PLAX,0.9997,0.0088
C000000022,VIS-023_SW_data_17-July-2026_08-51-55,PLAX,1.0,1e-04
C000000022,VIS-023_SW_data_17-July-2026_08-52-58,PLAX,1.0,0.0004
C000000022,VIS-023_SW_data_17-July-2026_08-54-08,PLAX,0.9988,0.0016
C000000022,VIS-023_SW_data_17-July-2026_08-57-01,PSAX,0.0,0.0009
C000000022,VIS-023_SW_data_17-July-2026_08-57-53,PSAX,0.0,0.0006
C000000022,VIS-023_SW_data_17-July-2026_08-58-40,PSAX,0.0,0.0008
C000000022,VIS-023_SW_data_17-July-2026_08-59-39,PSAX,0.0,0.0017
C000000022,VIS-023_SW_data_17-July-2026_09-03-07,PSAX,0.0,0.0042
C000000022,VIS-023_SW_data_17-July-2026_09-04-50,PSAX,0.0002,0.0051
C000000022,VIS-023_SW_data_17-July-2026_09-05-59,PSAX,0.0,0.0016
C000000022,VIS-023_SW_data_17-July-2026_09-06-37,PSAX,0.0,0.0032
C000000022,VIS-023_SW_data_17-July-2026_09-07-26,PSAX,0.0,0.005
C000000023,VIS-022_SW_data_14-July-2026_11-41-10,PLAX,1.0,0.0
C000000023,VIS-022_SW_data_14-July-2026_11-41-58,PLAX,1.0,0.0
C000000023,VIS-022_SW_data_14-July-2026_11-42-34,PLAX,1.0,1e-04
C000000023,VIS-022_SW_data_14-July-2026_11-44-18,PLAX,1.0,1e-04
C000000023,VIS-022_SW_data_14-July-2026_11-45-09,PLAX,1.0,0.0
C000000023,VIS-022_SW_data_14-July-2026_11-45-57,PSAX,0.0016,1e-04
C000000023,VIS-022_SW_data_14-July-2026_11-46-25,PSAX,0.001,1e-04
C000000023,VIS-022_SW_data_14-July-2026_11-46-53,PSAX,0.0016,1e-04
C000000023,VIS-022_SW_data_14-July-2026_11-47-49,PSAX,0.0,1e-04
C000000023,VIS-022_SW_data_14-July-2026_11-48-18,PSAX,0.0001,1e-04
C000000023,VIS-022_SW_data_14-July-2026_11-48-46,PSAX,0.0001,1e-04
C000000023,VIS-022_SW_data_14-July-2026_11-49-20,PSAX,0.0001,1e-04
C000000023,VIS-022_SW_data_14-July-2026_11-49-49,PSAX,0.0,1e-04
C000000023,VIS-022_SW_data_14-July-2026_11-50-19,PSAX,0.0,1e-04
C000000024,VIS-021_SW_data_14-July-2026_10-55-16,PLAX,0.9999,0.0075
C000000024,VIS-021_SW_data_14-July-2026_10-56-18,PLAX,1.0,0.0004
C000000024,VIS-021_SW_data_14-July-2026_10-56-55,PLAX,1.0,0.0007
C000000024,VIS-021_SW_data_14-July-2026_10-57-50,PLAX,1.0,0.0092
C000000024,VIS-021_SW_data_14-July-2026_10-58-27,PLAX,1.0,0.0149
C000000024,VIS-021_SW_data_14-July-2026_11-00-39,PLAX,1.0,0.0006
C000000024,VIS-021_SW_data_14-July-2026_11-01-58,PSAX,0.0,0.0036
C000000024,VIS-021_SW_data_14-July-2026_11-02-31,PSAX,0.0,0.0034
C000000024,VIS-021_SW_data_14-July-2026_11-03-09,PSAX,0.0,0.003
C000000024,VIS-021_SW_data_14-July-2026_11-04-05,PSAX,0.0,0.0024
C000000024,VIS-021_SW_data_14-July-2026_11-05-06,PSAX,0.0,0.0048
C000000024,VIS-021_SW_data_14-July-2026_11-08-01,PSAX,0.0,0.0152
C000000024,VIS-021_SW_data_14-July-2026_11-09-07,PSAX,0.0,0.0036
C000000025,VIS-025_SW_data_21-July-2026_09-53-09,PLAX,0.9996,1e-04
C000000025,VIS-025_SW_data_21-July-2026_09-53-59,PLAX,0.9988,0.0002
C000000025,VIS-025_SW_data_21-July-2026_09-54-43,PLAX,0.9992,1e-04
C000000025,VIS-025_SW_data_21-July-2026_09-55-24,PLAX,0.9999,0.0002
C000000025,VIS-025_SW_data_21-July-2026_09-55-57,PLAX,0.9998,0.0002
C000000025,VIS-025_SW_data_21-July-2026_09-56-31,PLAX,0.9999,0.0004
C000000025,VIS-025_SW_data_21-July-2026_09-57-31,PSAX,0.0,1e-04
C000000025,VIS-025_SW_data_21-July-2026_09-58-27,PSAX,0.0,0.0004
C000000025,VIS-025_SW_data_21-July-2026_09-59-00,PSAX,0.0001,1e-04
C000000025,VIS-025_SW_data_21-July-2026_10-00-25,PSAX,0.0071,0.0013
C000000025,VIS-025_SW_data_21-July-2026_10-01-26,PSAX,0.0004,0.0006
C000000025,VIS-025_SW_data_21-July-2026_10-02-24,PSAX,0.0001,0.0002
C000000025,VIS-025_SW_data_21-July-2026_10-03-03,PSAX,0.0006,0.001
C000000025,VIS-025_SW_data_21-July-2026_10-03-36,PSAX,0.0239,0.0018
C000000025,VIS-025_SW_data_21-July-2026_10-04-09,PSAX,0.0602,0.0014
C000000026,VIS-020_SW_data_14-July-2026_10-03-40,PLAX,1.0,1e-04
C000000026,VIS-020_SW_data_14-July-2026_10-04-27,PLAX,1.0,1e-04
C000000026,VIS-020_SW_data_14-July-2026_10-05-15,PLAX,0.9993,0.0037
C000000026,VIS-020_SW_data_14-July-2026_10-06-14,PLAX,0.9996,0.0004
C000000026,VIS-020_SW_data_14-July-2026_10-06-51,PLAX,0.9998,0.0003
C000000026,VIS-020_SW_data_14-July-2026_10-07-28,PLAX,0.9999,1e-04
C000000026,VIS-020_SW_data_14-July-2026_10-08-20,PSAX,0.0013,0.0014
C000000026,VIS-020_SW_data_14-July-2026_10-09-33,PSAX,0.001,0.0061
C000000026,VIS-020_SW_data_14-July-2026_10-10-10,PSAX,0.0004,0.0013
C000000026,VIS-020_SW_data_14-July-2026_10-10-49,PSAX,0.0001,0.0008
C000000026,VIS-020_SW_data_14-July-2026_10-12-12,PSAX,0.0002,0.0023
C000000026,VIS-020_SW_data_14-July-2026_10-13-08,PSAX,0.0034,0.0204
C000000026,VIS-020_SW_data_14-July-2026_10-13-43,PSAX,0.0001,0.0078
C000000026,VIS-020_SW_data_14-July-2026_10-14-20,PSAX,0.0,0.0131
C000000027,VIS-019_SW_data_14-July-2026_09-20-26,PLAX,1.0,1e-04
C000000027,VIS-019_SW_data_14-July-2026_09-21-01,PLAX,1.0,0.0
C000000027,VIS-019_SW_data_14-July-2026_09-21-40,PLAX,1.0,0.0002
C000000027,VIS-019_SW_data_14-July-2026_09-22-29,PLAX,1.0,0.0004
C000000027,VIS-019_SW_data_14-July-2026_09-23-05,PLAX,0.9999,0.0
C000000027,VIS-019_SW_data_14-July-2026_09-24-01,PLAX,1.0,1e-04
C000000027,VIS-019_SW_data_14-July-2026_09-26-08,PSAX,0.0002,1e-04
C000000027,VIS-019_SW_data_14-July-2026_09-26-53,PSAX,0.0001,1e-04
C000000027,VIS-019_SW_data_14-July-2026_09-27-24,PSAX,0.0001,1e-04
C000000027,VIS-019_SW_data_14-July-2026_09-28-34,PSAX,0.0,0.0002
C000000027,VIS-019_SW_data_14-July-2026_09-29-07,PSAX,0.0,1e-04
C000000027,VIS-019_SW_data_14-July-2026_09-29-48,PSAX,0.0,1e-04
C000000027,VIS-019_SW_data_14-July-2026_09-30-41,PSAX,0.0,0.0004
C000000027,VIS-019_SW_data_14-July-2026_09-31-35,PSAX,0.0,0.0002
C000000028,VIS-018_SW_data_14-July-2026_08-30-41,PLAX,0.9998,1e-04
C000000028,VIS-018_SW_data_14-July-2026_08-31-36,PLAX,1.0,0.0
C000000028,VIS-018_SW_data_14-July-2026_08-32-28,PLAX,1.0,0.0
C000000028,VIS-018_SW_data_14-July-2026_08-34-06,PLAX,0.9999,0.0002
C000000028,VIS-018_SW_data_14-July-2026_08-36-24,PLAX,1.0,0.0002
C000000028,VIS-018_SW_data_14-July-2026_08-37-36,PSAX,0.0001,1e-04
C000000028,VIS-018_SW_data_14-July-2026_08-38-55,PSAX,0.0,1e-04
C000000028,VIS-018_SW_data_14-July-2026_08-40-35,PSAX,0.0339,0.0004
C000000028,VIS-018_SW_data_14-July-2026_08-41-28,PSAX,0.6806,0.0005
C000000028,VIS-018_SW_data_14-July-2026_08-42-20,PSAX,0.0011,0.0003
C000000028,VIS-018_SW_data_14-July-2026_08-43-02,PSAX,0.0017,0.0008
C000000028,VIS-018_SW_data_14-July-2026_08-44-25,PSAX,0.0001,1e-04
C000000028,VIS-018_SW_data_14-July-2026_08-45-18,PSAX,0.0005,0.0005
C000000028,VIS-018_SW_data_14-July-2026_08-46-32,PSAX,0.0167,0.0009
C000000028,VIS-018_SW_data_14-July-2026_08-47-04,PSAX,0.0281,0.001
C000000028,VIS-018_SW_data_14-July-2026_08-47-38,PSAX,0.003,0.0014
C000000029,VIS-031_SW_data_24-July-2026_11-11-50,PLAX,1.0,0.0
C000000029,VIS-031_SW_data_24-July-2026_11-13-37,PLAX,1.0,0.0
C000000029,VIS-031_SW_data_24-July-2026_11-15-26,PLAX,1.0,0.0
C000000029,VIS-031_SW_data_24-July-2026_11-16-52,PLAX,0.9999,1e-04
C000000029,VIS-031_SW_data_24-July-2026_11-17-56,PLAX,1.0,0.0
C000000029,VIS-031_SW_data_24-July-2026_11-19-14,PSAX,0.0018,1e-04
C000000029,VIS-031_SW_data_24-July-2026_11-19-50,PSAX,0.0006,1e-04
C000000029,VIS-031_SW_data_24-July-2026_11-20-40,PSAX,0.0196,0.0003
C000000029,VIS-031_SW_data_24-July-2026_11-21-17,PSAX,0.0014,1e-04
C000000029,VIS-031_SW_data_24-July-2026_11-23-20,PSAX,0.0005,1e-04
C000000029,VIS-031_SW_data_24-July-2026_11-24-40,PSAX,0.0009,1e-04
C000000029,VIS-031_SW_data_24-July-2026_11-25-22,PSAX,0.0002,1e-04
C000000029,VIS-031_SW_data_24-July-2026_11-26-20,PSAX,0.0,1e-04
C000000029,VIS-031_SW_data_24-July-2026_11-27-04,PSAX,0.0,0.0002
C000000030,VIS-029_SW_data_24-July-2026_09-36-27,PLAX,1.0,0.0
C000000030,VIS-029_SW_data_24-July-2026_09-37-10,PLAX,1.0,1e-04
C000000030,VIS-029_SW_data_24-July-2026_09-38-43,PLAX,1.0,0.0
C000000030,VIS-029_SW_data_24-July-2026_09-39-32,PLAX,1.0,1e-04
C000000030,VIS-029_SW_data_24-July-2026_09-40-03,PLAX,0.9999,0.0
C000000030,VIS-029_SW_data_24-July-2026_09-40-37,PLAX,0.9999,1e-04
C000000030,VIS-029_SW_data_24-July-2026_09-41-15,PLAX,0.9999,1e-04
C000000030,VIS-029_SW_data_24-July-2026_09-44-24,PSAX,0.0056,0.0002
C000000030,VIS-029_SW_data_24-July-2026_09-46-58,PSAX,0.0017,1e-04
C000000030,VIS-029_SW_data_24-July-2026_09-48-09,PSAX,0.0046,1e-04
C000000030,VIS-029_SW_data_24-July-2026_09-49-09,PSAX,0.0,0.0008
C000000030,VIS-029_SW_data_24-July-2026_09-50-11,PSAX,0.0,0.0011
C000000030,VIS-029_SW_data_24-July-2026_09-50-57,PSAX,0.0001,0.0008
C000000030,VIS-029_SW_data_24-July-2026_09-51-29,PSAX,0.0,0.0007
C000000030,VIS-029_SW_data_24-July-2026_09-52-03,PSAX,0.0,0.0025
C000000030,VIS-029_SW_data_24-July-2026_09-52-38,PSAX,0.0,0.0008
C000000030,VIS-029_SW_data_24-July-2026_09-53-18,PSAX,0.0,0.0018
C000000031,VIS-032_SW_data_24-July-2026_11-57-06,PLAX,0.9973,0.0007
C000000031,VIS-032_SW_data_24-July-2026_11-58-23,PLAX,0.9999,0.0017
C000000031,VIS-032_SW_data_24-July-2026_11-59-33,PLAX,1.0,0.0018
C000000031,VIS-032_SW_data_24-July-2026_12-02-02,PLAX,0.9978,0.0016
C000000031,VIS-032_SW_data_24-July-2026_12-04-14,PLAX,1.0,0.0003
C000000031,VIS-032_SW_data_24-July-2026_12-04-54,PLAX,1.0,0.0003
C000000031,VIS-032_SW_data_24-July-2026_12-06-09,PSAX,0.0003,0.0007
C000000031,VIS-032_SW_data_24-July-2026_12-07-02,PSAX,0.0003,0.0007
C000000031,VIS-032_SW_data_24-July-2026_12-07-40,PSAX,0.0,0.0019
C000000031,VIS-032_SW_data_24-July-2026_12-08-42,PSAX,0.0007,0.0013
C000000031,VIS-032_SW_data_24-July-2026_12-09-14,PSAX,0.0005,0.0017
C000000031,VIS-032_SW_data_24-July-2026_12-09-49,PSAX,0.0,0.0009
C000000031,VIS-032_SW_data_24-July-2026_12-10-22,PSAX,0.0002,0.0025
C000000031,VIS-032_SW_data_24-July-2026_12-11-00,PSAX,0.0045,0.0017
C000000031,VIS-032_SW_data_24-July-2026_12-11-35,PSAX,0.0195,0.0214
C000000032,VIS-030_SW_data_24-July-2026_10-24-32,PLAX,0.9999,0.0012
C000000032,VIS-030_SW_data_24-July-2026_10-27-00,PLAX,0.9992,0.0031
C000000032,VIS-030_SW_data_24-July-2026_10-29-36,PLAX,1.0,0.0005
C000000032,VIS-030_SW_data_24-July-2026_10-31-56,PLAX,1.0,0.0655
C000000032,VIS-030_SW_data_24-July-2026_10-32-50,PLAX,1.0,0.0109
C000000032,VIS-030_SW_data_24-July-2026_10-33-56,PLAX,0.8196,0.0186
C000000032,VIS-030_SW_data_24-July-2026_10-36-31,PSAX,0.0004,0.0006
C000000032,VIS-030_SW_data_24-July-2026_10-37-09,PSAX,0.0037,0.0006
C000000032,VIS-030_SW_data_24-July-2026_10-37-38,PSAX,0.0011,0.0005
C000000032,VIS-030_SW_data_24-July-2026_10-38-12,PSAX,0.0007,0.0003
C000000032,VIS-030_SW_data_24-July-2026_10-38-47,PSAX,0.0002,0.0003
C000000032,VIS-030_SW_data_24-July-2026_10-39-16,PSAX,0.0002,0.0003
C000000032,VIS-030_SW_data_24-July-2026_10-39-58,PSAX,0.0001,0.0005
C000000032,VIS-030_SW_data_24-July-2026_10-40-31,PSAX,0.0001,0.0005
C000000032,VIS-030_SW_data_24-July-2026_10-41-17,PSAX,0.0,0.001
C000000032,VIS-030_SW_data_24-July-2026_10-41-45,PSAX,0.0,0.0007
C000000033,VIS-028_SW_data_24-July-2026_08-43-33,PLAX,0.8898,0.0008
C000000033,VIS-028_SW_data_24-July-2026_08-45-28,PLAX,1.0,0.0005
C000000033,VIS-028_SW_data_24-July-2026_08-45-58,PLAX,0.9998,0.0003
C000000033,VIS-028_SW_data_24-July-2026_08-46-47,PLAX,1.0,0.0006
C000000033,VIS-028_SW_data_24-July-2026_08-47-28,PLAX,1.0,0.0004
C000000033,VIS-028_SW_data_24-July-2026_08-48-22,PLAX,1.0,0.0003
C000000033,VIS-028_SW_data_24-July-2026_08-48-57,PLAX,0.9966,0.0008
C000000033,VIS-028_SW_data_24-July-2026_08-50-00,PSAX,0.0004,0.0004
C000000033,VIS-028_SW_data_24-July-2026_08-50-33,PSAX,0.0001,0.0003
C000000033,VIS-028_SW_data_24-July-2026_08-51-05,PSAX,0.0003,0.0004
C000000033,VIS-028_SW_data_24-July-2026_08-51-37,PSAX,0.0001,0.0006
C000000033,VIS-028_SW_data_24-July-2026_08-52-16,PSAX,0.0001,0.0017
C000000033,VIS-028_SW_data_24-July-2026_08-52-53,PSAX,0.0003,0.0043
C000000033,VIS-028_SW_data_24-July-2026_08-53-24,PSAX,0.0011,0.0045
C000000033,VIS-028_SW_data_24-July-2026_08-53-58,PSAX,0.0001,0.0062
C000000033,VIS-028_SW_data_24-July-2026_08-54-29,PSAX,0.0002,0.0023
C000000033,VIS-028_SW_data_24-July-2026_08-55-00,PSAX,0.0001,0.004
C000000034,VIS-045_SW_data_07-August-2026_11-42-13,PLAX,0.9849,0.04
C000000034,VIS-045_SW_data_07-August-2026_11-42-57,PLAX,1.0,0.0067
C000000034,VIS-045_SW_data_07-August-2026_11-43-35,PLAX,0.9997,0.0033
C000000034,VIS-045_SW_data_07-August-2026_11-44-37,PLAX,0.9664,0.0045
C000000034,VIS-045_SW_data_07-August-2026_11-45-17,PLAX,0.9999,0.0052
C000000034,VIS-045_SW_data_07-August-2026_11-47-02,PSAX,0.0022,0.0153
C000000034,VIS-045_SW_data_07-August-2026_11-47-37,PSAX,0.0024,0.0223
C000000034,VIS-045_SW_data_07-August-2026_11-48-26,PSAX,0.0001,0.0176
C000000034,VIS-045_SW_data_07-August-2026_11-50-06,PSAX,0.6171,0.0184
C000000034,VIS-045_SW_data_07-August-2026_11-51-08,PSAX,0.0004,0.0034
C000000034,VIS-045_SW_data_07-August-2026_11-51-45,PSAX,0.0052,0.0154
C000000034,VIS-045_SW_data_07-August-2026_11-52-19,PSAX,0.002,0.0136
C000000034,VIS-045_SW_data_07-August-2026_11-53-10,PSAX,0.0024,0.0137
C000000034,VIS-045_SW_data_07-August-2026_11-53-50,PSAX,0.0059,0.0143
C000000035,VIS-044_SW_data_07-August-2026_10-54-57,PLAX,0.7514,0.0058
C000000035,VIS-044_SW_data_07-August-2026_10-55-40,PLAX,0.9953,0.0039
C000000035,VIS-044_SW_data_07-August-2026_10-56-15,PLAX,0.9989,0.0031
C000000035,VIS-044_SW_data_07-August-2026_10-57-54,PLAX,0.9012,0.0058
C000000035,VIS-044_SW_data_07-August-2026_10-58-42,PLAX,0.7607,0.0057
C000000035,VIS-044_SW_data_07-August-2026_10-59-23,PLAX,0.762,0.003
C000000035,VIS-044_SW_data_07-August-2026_11-00-32,PSAX,0.0,0.0191
C000000035,VIS-044_SW_data_07-August-2026_11-01-12,PSAX,0.0285,0.0291
C000000035,VIS-044_SW_data_07-August-2026_11-02-38,PSAX,0.0007,0.0078
C000000035,VIS-044_SW_data_07-August-2026_11-03-27,PSAX,0.0357,0.0033
C000000035,VIS-044_SW_data_07-August-2026_11-05-46,PSAX,0.0034,0.0074
C000000035,VIS-044_SW_data_07-August-2026_11-06-26,PSAX,0.2262,0.0107
C000000035,VIS-044_SW_data_07-August-2026_11-07-01,PSAX,0.6961,0.0183
C000000035,VIS-044_SW_data_07-August-2026_11-07-37,PSAX,0.0499,0.0053
C000000036,VIS-043_SW_data_07-August-2026_10-03-38,PLAX,1.0,0.0003
C000000036,VIS-043_SW_data_07-August-2026_10-04-23,PLAX,1.0,0.0011
C000000036,VIS-043_SW_data_07-August-2026_10-05-09,PLAX,0.9986,0.0077
C000000036,VIS-043_SW_data_07-August-2026_10-06-37,PLAX,1.0,0.0002
C000000036,VIS-043_SW_data_07-August-2026_10-09-01,PLAX,1.0,0.0003
C000000036,VIS-043_SW_data_07-August-2026_10-09-35,PLAX,0.9991,0.0003
C000000036,VIS-043_SW_data_07-August-2026_10-10-13,PLAX,0.9998,0.0004
C000000036,VIS-043_SW_data_07-August-2026_10-12-02,PSAX,0.0008,0.0002
C000000036,VIS-043_SW_data_07-August-2026_10-12-48,PSAX,0.0,1e-04
C000000036,VIS-043_SW_data_07-August-2026_10-14-49,PSAX,0.0001,0.0002
C000000036,VIS-043_SW_data_07-August-2026_10-15-37,PSAX,0.0,0.0002
C000000036,VIS-043_SW_data_07-August-2026_10-16-28,PSAX,0.0,0.0004
C000000036,VIS-043_SW_data_07-August-2026_10-17-06,PSAX,0.0,0.0005
C000000036,VIS-043_SW_data_07-August-2026_10-17-40,PSAX,0.0,0.0005
C000000036,VIS-043_SW_data_07-August-2026_10-18-17,PSAX,0.0,0.0002
C000000036,VIS-043_SW_data_07-August-2026_10-19-00,PSAX,0.0001,0.0012
C000000037,VIS-042_SW_data_07-August-2026_08-39-39,PLAX,1.0,0.0002
C000000037,VIS-042_SW_data_07-August-2026_08-40-25,PLAX,1.0,0.0008
C000000037,VIS-042_SW_data_07-August-2026_08-41-13,PLAX,1.0,0.0005
C000000037,VIS-042_SW_data_07-August-2026_08-42-03,PLAX,0.9993,0.0032
C000000037,VIS-042_SW_data_07-August-2026_08-42-34,PLAX,1.0,0.0046
C000000037,VIS-042_SW_data_07-August-2026_08-43-07,PLAX,0.9951,0.0014
C000000037,VIS-042_SW_data_07-August-2026_08-45-29,PSAX,0.0006,0.003
C000000037,VIS-042_SW_data_07-August-2026_08-47-33,PSAX,0.2118,0.0195
C000000037,VIS-042_SW_data_07-August-2026_08-48-43,PSAX,0.0005,0.0004
C000000037,VIS-042_SW_data_07-August-2026_08-49-49,PSAX,0.0039,0.0002
C000000037,VIS-042_SW_data_07-August-2026_08-50-50,PSAX,0.0115,0.0093
C000000037,VIS-042_SW_data_07-August-2026_08-51-24,PSAX,0.0001,0.0353
C000000037,VIS-042_SW_data_07-August-2026_08-52-28,PSAX,0.0042,0.0208
C000000037,VIS-042_SW_data_07-August-2026_08-53-41,PSAX,0.0002,0.0004
C000000037,VIS-042_SW_data_07-August-2026_08-54-43,PSAX,0.0059,0.0005
C000000037,VIS-042_SW_data_07-August-2026_08-56-11,PSAX,0.0137,0.0026
C000000037,VIS-042_SW_data_07-August-2026_08-57-51,PSAX,0.0018,0.0005
C000000037,VIS-042_SW_data_07-August-2026_08-58-54,PSAX,0.0002,0.0015
C000000037,VIS-042_SW_data_07-August-2026_08-59-32,PSAX,0.0008,0.0011
C000000037,VIS-042_SW_data_07-August-2026_09-00-06,PSAX,0.013,0.0013
C000000038,VIS-041_SW_data_04-August-2026_12-28-28,PLAX,0.8331,0.0052
C000000038,VIS-041_SW_data_04-August-2026_12-29-03,PLAX,0.9662,0.0058
C000000038,VIS-041_SW_data_04-August-2026_12-29-40,PLAX,0.8739,0.0053
C000000038,VIS-041_SW_data_04-August-2026_12-30-31,Unclear,0.9541,0.0098
C000000038,VIS-041_SW_data_04-August-2026_12-31-04,Unclear,0.9921,0.0071
C000000038,VIS-041_SW_data_04-August-2026_12-31-47,Unclear,0.3877,0.0174
C000000038,VIS-041_SW_data_04-August-2026_12-42-06,Unclear,0.0001,0.0006
C000000038,VIS-041_SW_data_04-August-2026_12-42-56,Unclear,0.1732,0.0155
C000000038,VIS-041_SW_data_04-August-2026_12-43-38,Unclear,0.0005,0.0065
C000000038,VIS-041_SW_data_04-August-2026_12-44-12,Unclear,0.0003,0.0025
C000000039,VIS-040_SW_data_04-August-2026_11-46-05,PLAX,0.998,0.0055
C000000039,VIS-040_SW_data_04-August-2026_11-50-50,PLAX,0.9999,0.0024
C000000039,VIS-040_SW_data_04-August-2026_11-53-08,PLAX,1.0,0.002
C000000039,VIS-040_SW_data_04-August-2026_11-53-57,PLAX,1.0,0.0003
C000000039,VIS-040_SW_data_04-August-2026_11-54-42,PLAX,1.0,0.0048
C000000039,VIS-040_SW_data_04-August-2026_11-55-30,PSAX,0.0017,0.0063
C000000039,VIS-040_SW_data_04-August-2026_11-56-23,PSAX,0.0,0.0123
C000000039,VIS-040_SW_data_04-August-2026_11-57-05,PSAX,0.5987,0.0062
C000000039,VIS-040_SW_data_04-August-2026_11-57-49,PSAX,0.0,0.0489
C000000039,VIS-040_SW_data_04-August-2026_11-58-46,PSAX,0.0001,0.022
C000000039,VIS-040_SW_data_04-August-2026_11-59-19,PSAX,0.0001,0.0123
C000000039,VIS-040_SW_data_04-August-2026_11-59-50,PSAX,0.0,0.0216
C000000039,VIS-040_SW_data_04-August-2026_12-13-36,Unclear,0.0,0.1781
C000000040,VIS-039_SW_data_04-August-2026_10-57-58,PLAX,0.9999,1e-04
C000000040,VIS-039_SW_data_04-August-2026_10-58-42,PLAX,0.9998,0.0002
C000000040,VIS-039_SW_data_04-August-2026_11-00-43,PLAX,1.0,0.0
C000000040,VIS-039_SW_data_04-August-2026_11-01-25,PLAX,1.0,0.0
C000000040,VIS-039_SW_data_04-August-2026_11-02-21,PLAX,0.9998,0.0
C000000040,VIS-039_SW_data_04-August-2026_11-02-54,PLAX,0.9999,0.0
C000000040,VIS-039_SW_data_04-August-2026_11-03-35,PLAX,0.9994,0.0
C000000040,VIS-039_SW_data_04-August-2026_11-04-47,PSAX,0.0,0.0008
C000000040,VIS-039_SW_data_04-August-2026_11-05-21,PSAX,0.0015,0.0005
C000000040,VIS-039_SW_data_04-August-2026_11-06-02,PSAX,0.0005,0.0007
C000000040,VIS-039_SW_data_04-August-2026_11-07-27,PSAX,0.0,0.0004
C000000040,VIS-039_SW_data_04-August-2026_11-08-40,PSAX,0.0001,0.001
C000000040,VIS-039_SW_data_04-August-2026_11-09-14,PSAX,0.0001,0.0012
C000000040,VIS-039_SW_data_04-August-2026_11-09-58,PSAX,0.0001,0.0011
C000000040,VIS-039_SW_data_04-August-2026_11-10-36,PSAX,0.0,0.0009
C000000040,VIS-039_SW_data_04-August-2026_11-11-33,PSAX,0.0001,0.003
C000000041,VIS-038_SW_data_31-July-2026_09-01-39,PLAX,0.9993,0.0238
C000000041,VIS-038_SW_data_31-July-2026_09-02-26,PLAX,0.9812,0.0089
C000000041,VIS-038_SW_data_31-July-2026_09-03-27,PLAX,0.9998,0.0546
C000000041,VIS-038_SW_data_31-July-2026_09-04-19,PLAX,0.9999,0.005
C000000041,VIS-038_SW_data_31-July-2026_09-05-19,PLAX,1.0,0.0459
C000000041,VIS-038_SW_data_31-July-2026_09-07-11,PLAX,1.0,0.0031
C000000041,VIS-038_SW_data_31-July-2026_09-08-18,PSAX,0.0009,0.0914
C000000041,VIS-038_SW_data_31-July-2026_09-09-57,PSAX,0.0635,0.0051
C000000041,VIS-038_SW_data_31-July-2026_09-10-33,PSAX,0.0037,0.077
C000000041,VIS-038_SW_data_31-July-2026_09-11-11,PSAX,0.0035,0.0187
C000000041,VIS-038_SW_data_31-July-2026_09-12-12,PSAX,0.0,0.0991
C000000041,VIS-038_SW_data_31-July-2026_09-13-11,PSAX,0.0003,0.0259
C000000041,VIS-038_SW_data_31-July-2026_09-14-12,PSAX,0.0001,0.2577
C000000041,VIS-038_SW_data_31-July-2026_09-15-11,PSAX,0.0,0.1189
C000000041,VIS-038_SW_data_31-July-2026_09-16-02,PSAX,0.0001,0.1506
C000000042,VIS-036_SW_data_28-July-2026_14-07-08,PLAX,1.0,0.0006
C000000042,VIS-036_SW_data_28-July-2026_14-08-15,PLAX,1.0,0.0014
C000000042,VIS-036_SW_data_28-July-2026_14-09-16,PLAX,1.0,0.002
C000000042,VIS-036_SW_data_28-July-2026_14-11-12,PLAX,1.0,1e-04
C000000042,VIS-036_SW_data_28-July-2026_14-12-06,PLAX,1.0,0.0005
C000000042,VIS-036_SW_data_28-July-2026_14-14-03,PSAX,0.0301,0.0002
C000000042,VIS-036_SW_data_28-July-2026_14-14-48,PSAX,0.0028,0.0006
C000000042,VIS-036_SW_data_28-July-2026_14-16-15,PSAX,0.0001,0.0008
C000000042,VIS-036_SW_data_28-July-2026_14-17-15,PSAX,0.001,0.0002
C000000042,VIS-036_SW_data_28-July-2026_14-17-53,PSAX,0.001,0.0002
C000000042,VIS-036_SW_data_28-July-2026_14-18-46,PSAX,0.0006,0.0002
C000000042,VIS-036_SW_data_28-July-2026_14-19-31,PSAX,0.0001,0.0005
C000000042,VIS-036_SW_data_28-July-2026_14-20-14,PSAX,0.0003,0.0013
C000000042,VIS-036_SW_data_28-July-2026_14-20-59,PSAX,0.0002,0.0012
C000000042,VIS-036_SW_data_28-July-2026_14-21-56,PSAX,0.0,0.0005
C000000042,VIS-036_SW_data_28-July-2026_14-22-48,PSAX,0.0,0.0072
C000000042,VIS-036_SW_data_28-July-2026_14-25-49,PSAX,0.1686,0.0296
C000000042,VIS-036_SW_data_28-July-2026_14-26-36,PSAX,0.4015,0.0444
C000000043,VIS-035_SW_data_28-July-2026_12-24-19,PLAX,1.0,0.0003
C000000043,VIS-035_SW_data_28-July-2026_12-25-18,PLAX,1.0,0.0003
C000000043,VIS-035_SW_data_28-July-2026_12-26-15,PLAX,1.0,0.0003
C000000043,VIS-035_SW_data_28-July-2026_12-27-05,PLAX,1.0,0.0009
C000000043,VIS-035_SW_data_28-July-2026_12-28-24,PLAX,1.0,0.0003
C000000043,VIS-035_SW_data_28-July-2026_12-30-03,PSAX,0.0025,1e-04
C000000043,VIS-035_SW_data_28-July-2026_12-30-50,PSAX,0.0049,1e-04
C000000043,VIS-035_SW_data_28-July-2026_12-31-34,PSAX,0.0082,1e-04
C000000043,VIS-035_SW_data_28-July-2026_12-32-32,PSAX,0.0003,1e-04
C000000043,VIS-035_SW_data_28-July-2026_12-33-22,PSAX,0.0003,0.0002
C000000043,VIS-035_SW_data_28-July-2026_12-34-07,PSAX,0.0006,0.0002
C000000043,VIS-035_SW_data_28-July-2026_12-35-12,PSAX,0.0,0.0154
C000000043,VIS-035_SW_data_28-July-2026_12-36-33,PSAX,0.0,0.0132
C000000043,VIS-035_SW_data_28-July-2026_12-37-54,PSAX,0.0,0.0149
C000000044,VIS-034_SW_data_28-July-2026_11-02-22,PLAX,1.0,0.0591
C000000044,VIS-034_SW_data_28-July-2026_11-03-14,PLAX,1.0,0.0762
C000000044,VIS-034_SW_data_28-July-2026_11-03-53,PLAX,0.9997,0.2224
C000000044,VIS-034_SW_data_28-July-2026_11-05-42,PLAX,1.0,0.0997
C000000044,VIS-034_SW_data_28-July-2026_11-06-30,PLAX,0.1532,0.1455
C000000044,VIS-034_SW_data_28-July-2026_11-07-15,PLAX,1.0,0.1335
C000000044,VIS-034_SW_data_28-July-2026_11-08-14,PLAX,0.9987,0.148
C000000044,VIS-034_SW_data_28-July-2026_11-09-20,PSAX,0.0001,0.1082
C000000044,VIS-034_SW_data_28-July-2026_11-10-28,PSAX,0.0001,0.1555
C000000044,VIS-034_SW_data_28-July-2026_11-11-00,PSAX,0.0001,0.1131
C000000044,VIS-034_SW_data_28-July-2026_11-11-43,PSAX,0.0001,0.2695
C000000044,VIS-034_SW_data_28-July-2026_11-12-23,PSAX,0.0005,0.0527
C000000044,VIS-034_SW_data_28-July-2026_11-13-20,PSAX,0.0,0.0595
C000000044,VIS-034_SW_data_28-July-2026_11-13-49,PSAX,0.0,0.1335
C000000044,VIS-034_SW_data_28-July-2026_11-14-37,PSAX,0.0,0.2044
C000000045,VIS-033_SW_data_28-July-2026_09-25-55,PLAX,0.9999,0.0005
C000000045,VIS-033_SW_data_28-July-2026_09-26-33,PLAX,0.9994,0.0003
C000000045,VIS-033_SW_data_28-July-2026_09-27-15,PLAX,1.0,1e-04
C000000045,VIS-033_SW_data_28-July-2026_09-28-41,PLAX,1.0,1e-04
C000000045,VIS-033_SW_data_28-July-2026_09-29-30,PLAX,0.9998,0.0002
C000000045,VIS-033_SW_data_28-July-2026_09-31-11,PLAX,1.0,0.0005
C000000045,VIS-033_SW_data_28-July-2026_09-33-03,PSAX,0.0,0.0
C000000045,VIS-033_SW_data_28-July-2026_09-33-56,PSAX,0.0,1e-04
C000000045,VIS-033_SW_data_28-July-2026_09-34-26,PSAX,0.0014,0.0002
C000000045,VIS-033_SW_data_28-July-2026_09-35-31,PSAX,0.0001,1e-04
C000000045,VIS-033_SW_data_28-July-2026_09-36-04,PSAX,0.0001,0.0006
C000000045,VIS-033_SW_data_28-July-2026_09-36-34,PSAX,0.0005,0.0002
C000000045,VIS-033_SW_data_28-July-2026_09-37-13,PSAX,0.0008,0.0011
C000000045,VIS-033_SW_data_28-July-2026_09-38-08,PSAX,0.0007,0.0006
C000000045,VIS-033_SW_data_28-July-2026_09-39-38,PSAX,0.0001,0.0012
C000000046,VIS-049_SW_data_04-September-2026_09-33-53,PLAX,1.0,0.0002
C000000046,VIS-049_SW_data_04-September-2026_09-34-47,PLAX,0.9998,0.0003
C000000046,VIS-049_SW_data_04-September-2026_09-35-23,PLAX,1.0,1e-04
C000000046,VIS-049_SW_data_04-September-2026_09-36-21,PLAX,0.9997,0.0002
C000000046,VIS-049_SW_data_04-September-2026_09-36-50,PLAX,0.9998,0.0002
C000000046,VIS-049_SW_data_04-September-2026_09-37-50,PLAX,0.999,0.0003
C000000046,VIS-049_SW_data_04-September-2026_09-39-02,PSAX,0.0008,0.0002
C000000046,VIS-049_SW_data_04-September-2026_09-40-58,PSAX,0.0032,0.0002
C000000046,VIS-049_SW_data_04-September-2026_09-42-22,PSAX,0.0034,1e-04
C000000046,VIS-049_SW_data_04-September-2026_09-42-55,PSAX,0.0028,0.0005
C000000046,VIS-049_SW_data_04-September-2026_09-43-37,PSAX,0.0006,0.0004
C000000046,VIS-049_SW_data_04-September-2026_09-44-09,PSAX,0.0012,0.0006
C000000046,VIS-049_SW_data_04-September-2026_09-44-38,PSAX,0.0004,0.0004
C000000046,VIS-049_SW_data_04-September-2026_09-45-15,PSAX,0.0002,0.0005
C000000046,VIS-049_SW_data_04-September-2026_09-46-14,PSAX,0.0005,0.0003
C000000046,VIS-049_SW_data_04-September-2026_09-46-52,PSAX,0.0005,0.0005
C000000046,VIS-049_SW_data_04-September-2026_09-47-24,PSAX,0.0013,0.0008
C000000047,VIS-048_SW_data_04-September-2026_08-51-34,PLAX,0.9999,1e-04
C000000047,VIS-048_SW_data_04-September-2026_08-52-20,PLAX,1.0,1e-04
C000000047,VIS-048_SW_data_04-September-2026_08-52-56,PLAX,0.9998,0.0002
C000000047,VIS-048_SW_data_04-September-2026_08-54-05,PLAX,0.9984,0.0005
C000000047,VIS-048_SW_data_04-September-2026_08-54-35,PLAX,0.9992,0.0009
C000000047,VIS-048_SW_data_04-September-2026_08-55-10,PLAX,0.9992,0.0003
C000000047,VIS-048_SW_data_04-September-2026_08-56-31,PSAX,0.0002,0.0004
C000000047,VIS-048_SW_data_04-September-2026_08-57-16,PSAX,0.0001,0.0006
C000000047,VIS-048_SW_data_04-September-2026_08-58-32,PSAX,0.0,0.0002
C000000047,VIS-048_SW_data_04-September-2026_08-59-07,PSAX,0.0,0.0005
C000000047,VIS-048_SW_data_04-September-2026_09-00-23,PSAX,0.0,0.0007
C000000047,VIS-048_SW_data_04-September-2026_09-03-55,PSAX,0.0,0.0008
C000000048,VIS-047_SW_data_28-August-2026_10-12-35,PLAX,1.0,0.0026
C000000048,VIS-047_SW_data_28-August-2026_10-13-27,PLAX,0.9999,0.0004
C000000048,VIS-047_SW_data_28-August-2026_10-14-15,PLAX,0.9997,0.0012
C000000048,VIS-047_SW_data_28-August-2026_10-14-52,PLAX,0.9996,0.0005
C000000048,VIS-047_SW_data_28-August-2026_10-15-37,PLAX,1.0,0.0004
C000000048,VIS-047_SW_data_28-August-2026_10-16-16,PLAX,0.9998,0.0005
C000000048,VIS-047_SW_data_28-August-2026_10-17-13,PLAX,1.0,0.0003
C000000048,VIS-047_SW_data_28-August-2026_10-18-16,PSAX,0.0005,0.0012
C000000048,VIS-047_SW_data_28-August-2026_10-19-24,PSAX,0.0038,0.0015
C000000048,VIS-047_SW_data_28-August-2026_10-20-08,PSAX,0.0009,0.0011
C000000048,VIS-047_SW_data_28-August-2026_10-21-12,PSAX,0.0,0.0017
C000000048,VIS-047_SW_data_28-August-2026_10-21-52,PSAX,0.0002,0.0013
C000000048,VIS-047_SW_data_28-August-2026_10-22-40,PSAX,0.0002,0.0015
C000000048,VIS-047_SW_data_28-August-2026_10-23-18,PSAX,0.0,0.0029
C000000048,VIS-047_SW_data_28-August-2026_10-23-48,PSAX,0.0,0.0005
C000000048,VIS-047_SW_data_28-August-2026_10-24-44,PSAX,0.0,0.0018
C000000048,VIS-047_SW_data_28-August-2026_10-25-21,PSAX,0.0001,0.0015
C000000049,VIS-046_SW_data_28-August-2026_08-46-35,PLAX,1.0,0.0004
C000000049,VIS-046_SW_data_28-August-2026_08-47-17,PLAX,0.9999,0.001
C000000049,VIS-046_SW_data_28-August-2026_08-48-05,PLAX,1.0,0.0006
C000000049,VIS-046_SW_data_28-August-2026_08-48-41,PLAX,1.0,0.0004
C000000049,VIS-046_SW_data_28-August-2026_08-49-26,PLAX,1.0,0.0
C000000049,VIS-046_SW_data_28-August-2026_08-49-57,PLAX,1.0,1e-04
C000000049,VIS-046_SW_data_28-August-2026_08-51-53,PSAX,0.0001,0.0006
C000000049,VIS-046_SW_data_28-August-2026_08-52-49,PSAX,0.0001,0.0003
C000000049,VIS-046_SW_data_28-August-2026_08-53-39,PSAX,0.0,0.0004
C000000049,VIS-046_SW_data_28-August-2026_08-54-13,PSAX,0.0001,0.0004
C000000049,VIS-046_SW_data_28-August-2026_08-55-37,PSAX,0.0,0.0023
C000000049,VIS-046_SW_data_28-August-2026_08-56-11,PSAX,0.0,0.0015
C000000049,VIS-046_SW_data_28-August-2026_08-56-44,PSAX,0.0,0.0008
C000000049,VIS-046_SW_data_28-August-2026_08-57-27,PSAX,0.0001,0.0016
C000000049,VIS-046_SW_data_28-August-2026_08-58-00,PSAX,0.0001,0.0006
