subject,folder,window,label,confidence,hand_m_s,ref_pixels,c2d,theta_deg,c_line_pred,c_line_tau,r2,n_fit,frac_coherent,origin_to_star_mm,origin_off_line_mm,origin_r_mm,hand
C000000001,Z:/raw_data/C000000001/SWE_01_SW_data_21-April-2026_12-12-54,0,MVC,3,3.953173241852488,168,4.3971512719427475,38.34397389794753,5.606462656104752,3.760274415846199,0.7582848588390743,1485,0.45410186032326927,2.5598404443442995,2.5598404443442995,0.0,3.953173241852488
C000000001,Z:/raw_data/C000000001/SWE_01_SW_data_21-April-2026_12-12-54,2,MVC,3,4.759358288770054,169,6.05557460120176,19.881675455557705,6.439381437149848,5.895255658475935,0.886737495111142,1624,0.4900117508813161,7.319963733668124,0.1842843630553943,7.383694980875514,4.759358288770054
C000000002,Z:/raw_data/C000000002/SWE02_SW_data_28-April-2026_10-09-45,1,AVC,3,7.173913043478262,169,11.521339797922355,25.448876695156148,12.759396024532737,22.652976709704625,0.48805705097633323,1986,0.8114886731391586,3.7481792470609587,0.43054190112293844,3.7323794503187413,7.173913043478262
C000000002,Z:/raw_data/C000000002/SWE02_SW_data_28-April-2026_10-09-45,0,MVC,3,5.615141955835963,169,6.664390360293658,26.976800603177388,7.4780779711795775,6.4113165185120415,0.6416918851311653,1904,0.5327777777777778,5.338726058098814,1.7464357668577353,4.9338290455088885,5.615141955835963
C000000004,Z:/raw_data/C000000004/VIS_4_SW_data_16-June-2026_10-58-59,1,MVC,3,4.768472906403941,167,6.787147089893721,33.44942073809694,8.134430597896204,10.794199803266354,0.6036561516170295,1761,0.7389804522805673,4.094843686365938,4.094843686365938,0.0,4.768472906403941
C000000007,Z:/raw_data/C000000007/VIS-007_SW_data_30-June-2026_11-45-50,1,MVC,3,10.809999999999999,167,5.324217121158161,89.16222472034893,inf,77.23996594951295,0.2373899351077684,2793,0.8861574480538484,30.916124375869664,7.697639785246317,29.94009290287931,10.809999999999999
C000000011,Z:/raw_data/C000000011/VIS-11_SW_data_07-July-2026_08-40-05,1,AVC,3,5.615141955835963,167,5.684383690651719,31.86928469581315,6.693377934435981,5.091827457244268,0.8413422731047819,2518,0.8345529748647789,9.900288586194417,9.900288586194417,0.0,5.615141955835963
C000000011,Z:/raw_data/C000000011/VIS-11_SW_data_07-July-2026_08-40-05,0,MVC,1,2.086033519553073,167,1.80921371611102,42.36368179283029,2.448580711213248,2.154096225693231,0.8117367589429131,2271,0.5251267865375749,5.969425157334114,5.969425157334114,0.0,2.086033519553073
C000000012,Z:/raw_data/C000000012/VIS-014_SW_data_07-July-2026_11-41-37,1,AK,3,1.4710743801652892,170,1.79420760536452,32.503109275713875,2.127445859598066,1.5947262179049861,0.8555130510805814,1024,0.2781224710008093,4.0073512613214906,4.0073512613214906,0.0,1.4710743801652892
C000000012,Z:/raw_data/C000000012/VIS-014_SW_data_07-July-2026_11-41-37,2,AVC,3,3.0660550458715607,168,2.476268585277315,34.30823306511682,2.997841030076274,2.9330768797948537,0.9479811781940368,2801,0.964200477326969,10.50598104699799,10.50598104699799,0.0,3.0660550458715607
C000000013,Z:/raw_data/C000000013/VIS-016_SW_data_10-July-2026_10-11-11,1,AVC,3,4.320388349514563,171,7.805870656281971,12.06096688700086,7.982068318422261,3.207568490948743,0.4941982684590668,1167,0.3995943204868154,16.57086934391756,16.57086934391756,0.0,4.320388349514563
C000000013,Z:/raw_data/C000000013/VIS-016_SW_data_10-July-2026_10-11-11,0,MVC,3,4.320388349514563,165,3.9622284316022514,31.99746559408249,4.672045063572264,4.09662188911292,0.7752141002899814,1914,0.7850806451612903,6.86214442106943,6.86214442106943,0.0,4.320388349514563
C000000014,Z:/raw_data/C000000014/VIS-008_SW_data_10-July-2026_08-36-06,1,AVC,3,3.955555555555556,169,4.39288936655596,29.016340083537365,5.023422246050698,4.085737782656968,0.8698972951016232,2852,0.9453767686739059,2.4120533860495907,1.4889185947269235,1.9236765568973473,3.955555555555556
C000000014,Z:/raw_data/C000000014/VIS-008_SW_data_10-July-2026_08-36-06,2,MVC,3,4.7660550458715605,169,2.0314969977570665,41.1138679496972,2.696423567563257,2.317890159560496,0.9218088105121697,1993,0.5805626598465473,3.2206724019049062,3.2206724019049062,0.0,4.7660550458715605
C000000015,Z:/raw_data/C000000015/VIS-017_SW_data_10-July-2026_10-53-28,3,AVC,3,7.385892116182573,169,9.294560680967159,19.674492170608026,9.87081359827343,7.316934648599085,0.8638957559797122,1874,0.6960138648180243,10.384179724602232,10.384179724602232,0.0,7.385892116182573
C000000016,Z:/raw_data/C000000016/VIS-015_SW_data_10-July-2026_09-24-32,1,AVC,3,5.973154362416108,168,7.217058554145593,7.030615077494564,7.271735525964694,5.9867426112658535,0.8136131553426333,2167,0.8918278720884327,3.7483642959190906,3.7483642959190906,0.0,5.973154362416108
C000000016,Z:/raw_data/C000000016/VIS-015_SW_data_10-July-2026_09-24-32,0,MVC,3,2.5538020086083217,169,4.56634134705596,35.33912045290808,5.597770606235727,2.9531238254414225,0.5777058455452404,940,0.33535353535353535,16.246929095235497,0.3328413368904985,16.236222917037335,2.5538020086083217
C000000016,Z:/raw_data/C000000016/VIS-015_SW_data_10-July-2026_09-24-32,2,MVC,3,2.625368731563422,169,1.8986097217042053,52.91759834747528,3.1487998070413075,3.1626736502093364,0.9382735863724974,701,0.24444444444444444,4.5690624565451365,4.5690624565451365,0.0,2.625368731563422
C000000018,Z:/raw_data/C000000018/VIS-012_SW_data_07-July-2026_09-21-31,3,AVC,3,2.0538020086083217,171,2.320707535832052,41.76484948968801,3.111348593742012,2.936611772705629,0.9585874210413806,1243,0.43302180685358255,8.979162942443102,5.3827355421801455,7.213783534085914,2.0538020086083217
C000000019,Z:/raw_data/C000000019/VIS-027_SW_data_21-July-2026_11-19-20,1,AVC,3,5.014084507042254,171,9.44121533106251,43.74506265397067,13.06880893196967,5.129027841258383,0.6956901106451736,1470,0.6875,2.8436675679204466,2.8436675679204466,0.0,5.014084507042254
C000000019,Z:/raw_data/C000000019/VIS-027_SW_data_21-July-2026_11-19-20,0,MVC,3,3.955555555555556,165,3.307077193702369,6.0280740497151415,3.325465158263057,3.729731320217658,0.8476717247671978,1876,0.6830525953936061,9.892297839212494,9.892297839212494,0.0,3.955555555555556
C000000020,Z:/raw_data/C000000020/VIS-026_SW_data_21-July-2026_10-42-10,1,AVC,3,6.3799283154121875,170,5.481962311316662,45.602466365761664,7.8354874151646845,7.219409078511933,0.8486013961839808,3245,0.8875,2.463056120888341,2.463056120888341,0.0,6.3799283154121875
C000000020,Z:/raw_data/C000000020/VIS-026_SW_data_21-July-2026_10-42-10,0,MVC,3,2.76605504587156,169,2.493187094541801,47.34736352127812,3.6796989504991244,2.827369104867134,0.8509302703734741,1823,0.41188118811881186,9.713020979774766,9.713020979774766,0.0,2.76605504587156
C000000021,Z:/raw_data/C000000021/VIS-024_SW_data_17-July-2026_09-35-47,1,AVC,3,2.486033519553073,165,3.120838387920033,11.947975540278089,3.1899454265401377,2.62874714724239,0.9363482397990011,2805,0.8835848475515861,7.38043499780801,7.38043499780801,0.0,2.486033519553073
C000000022,Z:/raw_data/C000000022/VIS-023_SW_data_17-July-2026_08-48-06,1,AVC,3,3.0531732418524875,168,2.7037654180283095,17.078532791788543,2.8284931500532298,3.1429481582034624,0.9651405074614484,2625,0.8742534837425349,5.87267221924029,5.87267221924029,0.0,3.0531732418524875
C000000022,Z:/raw_data/C000000022/VIS-023_SW_data_17-July-2026_08-48-06,0,MVC,3,5.673913043478262,169,6.364854851007485,24.498358101876782,6.9945523357799155,27.680432039365634,0.37619357608452464,1150,0.4737479806138934,14.635113286420115,0.20503070430274092,14.678415954325342,5.673913043478262
C000000023,Z:/raw_data/C000000023/VIS-022_SW_data_14-July-2026_11-41-10,1,AVC,3,4.759358288770054,172,4.7131753885430365,39.27946209985463,6.0888452595926035,5.050937445121415,0.8728642395760102,2928,0.9854557207498384,3.081551832952885,2.6358380676385553,1.6150528736079213,4.759358288770054
C000000023,Z:/raw_data/C000000023/VIS-022_SW_data_14-July-2026_11-41-10,0,MVC,3,2.4217687074829937,168,2.099664769632212,14.030074079760604,2.164226659550533,2.0910699771104038,0.9964840789386897,758,0.21941747572815534,2.6583465135628703,2.6583465135628703,0.0,2.4217687074829937
C000000023,Z:/raw_data/C000000023/VIS-022_SW_data_14-July-2026_11-41-10,2,MVC,3,2.7812500000000004,168,2.213211551144933,19.628136990236698,2.3497493666970786,2.2710453559994397,0.9848708525818398,1923,0.6169209431345354,0.9232620640415548,0.9232620640415548,0.0,2.7812500000000004
C000000025,Z:/raw_data/C000000025/VIS-025_SW_data_21-July-2026_09-53-09,1,AVC,3,4.029262086513995,172,4.248684057844574,28.90734739478632,4.853406104116921,4.7913955956788765,0.7866589278824244,2110,0.685064935064935,7.755764235604808,7.755764235604808,0.0,4.029262086513995
C000000025,Z:/raw_data/C000000025/VIS-025_SW_data_21-July-2026_09-53-09,0,MVC,3,3.384030418250951,170,3.094663100152039,30.29714262241421,3.584189100369145,3.355818628111181,0.9490995338539084,2034,0.7987627365356623,5.824728219135233,5.824728219135233,0.0,3.384030418250951
C000000025,Z:/raw_data/C000000025/VIS-025_SW_data_21-July-2026_09-53-09,2,MVC,3,3.955555555555556,167,3.22094257610521,35.45584403911044,3.9541979525095767,3.749649725305416,0.8906575270012287,2041,0.7458120903131829,6.781402689416363,6.781402689416363,0.0,3.955555555555556
C000000026,Z:/raw_data/C000000026/VIS-020_SW_data_14-July-2026_10-03-40,1,AVC,3,6.3799283154121875,169,4.512791145131737,39.694033224603785,5.8648344727598545,6.334607096261181,0.7306493769998065,2314,0.7262202753441802,6.52080606653876,6.52080606653876,0.0,6.3799283154121875
C000000027,Z:/raw_data/C000000027/VIS-019_SW_data_14-July-2026_09-20-26,1,AVC,3,3.7953091684434974,168,3.578132949999291,33.34112714417798,4.283070425412582,4.407703824116586,0.9718388681825519,2821,0.9242378508904316,4.960927967047285,4.960927967047285,0.0,3.7953091684434974
C000000027,Z:/raw_data/C000000027/VIS-019_SW_data_14-July-2026_09-20-26,0,MVC,3,3.0531732418524875,169,2.2991534021208198,40.50803784707343,3.0239490981172743,3.058880244314651,0.9683314697893884,2311,0.6498483595257789,4.236740463312164,4.236740463312164,0.0,3.0531732418524875
C000000027,Z:/raw_data/C000000027/VIS-019_SW_data_14-July-2026_09-20-26,2,MVC,3,3.0531732418524875,173,2.228115046445782,36.43952214044634,2.769619155836666,2.9059791158230013,0.9783186670492546,3082,0.8816225165562914,11.846937547896651,7.125481000614965,9.518413372988658,3.0531732418524875
C000000028,Z:/raw_data/C000000028/VIS-018_SW_data_14-July-2026_08-30-41,1,AVC,3,4.259358288770054,169,5.519849737874435,30.555140623478074,6.409930702682564,6.019092076662224,0.7706120203688016,2056,0.9819251786464901,14.396215051940578,12.88061440235524,6.109164858859916,4.259358288770054
C000000028,Z:/raw_data/C000000028/VIS-018_SW_data_14-July-2026_08-30-41,2,MVC,3,2.3703883495145632,164,4.357832829338521,31.190956959321387,5.094223104294062,4.454640248015775,0.8789289756004641,1732,0.5326470588235294,5.696565486721156,5.696565486721156,0.0,2.3703883495145632
C000000031,Z:/raw_data/C000000031/VIS-032_SW_data_24-July-2026_11-57-06,1,AVC,3,6.846153846153847,168,10.397446581755965,6.909375188918362,10.473508648402454,9.15934377710138,0.2780822149860397,1339,0.43424396442185514,22.621486961548264,13.07088313359697,18.515796597886375,6.846153846153847
C000000033,Z:/raw_data/C000000033/VIS-028_SW_data_24-July-2026_08-43-33,2,AK,3,1.290000000000001,169,15.017500258688965,91.38770950892295,inf,2.9989645284757334,0.012552424103810633,855,0.19845594913714804,11.779300518068235,4.559835909907489,10.939342674419972,1.290000000000001
