subject,folder,roi,label,t0_ms,t1_ms,dur_ms,phase_ms,ecg,starts_in_edge,change_ms,centre_t0_ms,centre_roi_cover,centre_sem,centre_c,energy_t0_ms,energy_roi_cover,energy_sem,energy_c,semblance_t0_ms,semblance_roi_cover,semblance_sem,semblance_c,shift_energy_ms,shift_semblance_ms,centre_clipped,det_cover,det_label,det_conf,det_offset_ms
C000000001,Z:\raw_data\C000000001\SWE_01_SW_data_21-April-2026_12-12-54,0,MVC,3.0,66.68,63.68,34.8,True,True,36.32,1.6200001118704677,1.0,0.7161715728251132,3.384030418250951,2.6200001118704677,1.0,0.7161715728251132,3.384030418250951,1.6200001118704677,1.0,0.7161715728251132,3.384030418250951,1.0,0.0,True,1.0000000000000002,MVC,3.0,-1.939998078159988
C000000001,Z:\raw_data\C000000001\SWE_01_SW_data_21-April-2026_12-12-54,1,AVC,274.92,347.78,72.86,311.4,True,False,27.14,261.35,1.0,0.6447674282137397,20.0,268.78000000000003,1.0,0.6419335886895638,20.0,261.78000000000003,1.0,0.6447674282137397,20.0,7.429999999999993,0.42999999999998595,False,0.0,MVC,3.0,-261.66999796628954
C000000001,Z:\raw_data\C000000001\SWE_01_SW_data_21-April-2026_12-12-54,2,MVC,688.55,766.0,77.45,32.3,True,False,22.549999999999997,677.275,1.0,0.7105749288797214,5.297619047619048,680.0,1.0,0.7144847287306009,5.297619047619048,688.0,1.0,0.7168495162984484,5.297619047619048,2.7250000000000885,10.725000000000096,False,0.37030319154762775,MVC,2.0,60.04501781463625
C000000002,Z:\raw_data\C000000002\SWE02_SW_data_28-April-2026_10-09-45,0,MVC,8.73,87.9,79.17,48.3,True,True,20.83,1.6200001118704677,1.0,0.6687749503004548,5.014084507042254,4.620000111870468,1.0,0.6681267537824154,5.014084507042254,1.6200001118704677,1.0,0.6687749503004548,5.014084507042254,3.0,0.0,True,0.9233295227882913,MVC,2.0,13.180001568980515
C000000002,Z:\raw_data\C000000002\SWE02_SW_data_28-April-2026_10-09-45,1,AVC,353.52,429.25,75.73,391.4,True,False,24.269999999999996,341.385,1.0,0.7053032259251972,-20.0,353.25000000000006,1.0,0.6861190213643492,-14.015748031496063,329.25000000000006,1.0,0.7124931533578273,-20.0,11.86500000000007,-12.134999999999952,False,1.0000000000000002,AVC,2.0,9.29500555038453
C000000003,Z:\raw_data\C000000003\VIS_03_SW_data_16-June-2026_10-09-42,0,MVC,3.0,63.81,60.81,33.4,True,True,39.19,1.6200001118704677,1.0,0.6397422312823262,1.8855932203389834,2.6200001118704677,1.0,0.6397422312823262,1.8855932203389834,1.6200001118704677,1.0,0.6397422312823262,1.8855932203389834,1.0,0.0,True,0.6816312858999961,MVC,1.0,20.740001392550766
C000000003,Z:\raw_data\C000000003\VIS_03_SW_data_16-June-2026_10-09-42,1,AVC,330.57,406.3,75.73,368.4,True,False,24.269999999999996,318.43499999999995,1.0,0.38745258829695883,-6.846153846153847,330.3,1.0,0.3808832471727903,-6.3799283154121875,317.3,1.0,0.38745258829695883,-6.846153846153847,11.86500000000007,-1.1349999999999416,False,0.6346227350440247,AVC,3.0,39.80502027511608
C000000004,Z:\raw_data\C000000004\VIS_4_SW_data_16-June-2026_10-58-59,0,MVC,16.19,106.25999999999999,90.07,61.2,True,True,9.930000000000007,11.224999999999993,1.0,0.814799081120409,6.846153846153847,9.259999999999987,1.0,0.814799081120409,6.846153846153847,6.259999999999987,1.0,0.8189889297664166,5.615141955835963,-1.965000000000005,-4.965000000000004,False,0.9674696927596319,MVC,3.0,7.895004773139959
C000000004,Z:\raw_data\C000000004\VIS_4_SW_data_16-June-2026_10-58-59,1,other,694.86,781.49,86.63,738.2,True,False,13.370000000000005,688.175,1.0,0.4716499009080211,1.0,694.49,1.0,0.45360304019406567,1.0,681.49,1.0,0.4769966196029482,1.0,6.315000000000071,-6.684999999999941,False,0.0,MVC,3.0,-669.05499522686
C000000004,Z:\raw_data\C000000004\VIS_4_SW_data_16-June-2026_10-58-59,2,MVC,826.24,909.42,83.18,43.8,True,False,16.819999999999993,817.8299999999999,1.0,0.7985100651113536,10.787878787878787,817.4200000000001,1.0,0.7985100651113536,10.787878787878787,809.4200000000001,1.0,0.8033267233007885,10.787878787878787,-0.40999999999991044,-8.409999999999918,False,0.9783599940192439,MVC,3.0,10.21001569747932
C000000005,Z:\raw_data\C000000005\VIS-005_SW_data_19-June-2026_09-12-20,0,other,121.75,211.25,89.5,,False,False,10.5,116.49999999999997,1.0,0.8404759089115392,8.018018018018019,114.24999999999999,1.0,0.8404759089115392,8.018018018018019,111.24999999999999,1.0,0.8421161692538333,8.018018018018019,-2.249999999999988,-5.249999999999991,False,0.9963129499105102,?,3.0,-5.57999098300931
C000000005,Z:\raw_data\C000000005\VIS-005_SW_data_19-June-2026_09-12-20,1,other,643.81,728.14,84.33,,False,False,15.670000000000002,635.9749999999999,1.0,0.6764607792334436,7.385892116182573,642.1400000000001,1.0,0.6715100847335818,7.385892116182573,628.14,1.0,0.6923616143554004,5.615141955835963,6.165000000000087,-7.834999999999925,False,0.24973297141758286,?,1.0,71.10501852035532
C000000007,Z:\raw_data\C000000007\VIS-007_SW_data_30-June-2026_11-45-50,0,other,463.09,558.33,95.23,,False,False,4.769999999999996,460.71000000000004,1.0,0.796146796457424,20.0,462.33000000000004,1.0,0.796146796457424,20.0,458.33000000000004,1.0,0.8015724786436538,20.0,1.6200000000000103,-2.3799999999999932,False,0.037068299006404744,?,0.0,94.08998588562008
C000000007,Z:\raw_data\C000000007\VIS-007_SW_data_30-June-2026_11-45-50,1,other,802.72,914.01,111.3,,False,False,-11.299999999999997,808.365,0.8985533291400842,0.8932156321712549,-20.0,812.72,0.8985533291400842,0.8882913533780705,-20.0,802.72,0.8985533291400842,0.8959543862873536,-20.0,4.354999999999998,-5.645000000000011,False,0.8984725965858041,?,2.0,3.4750096893310456
C000000008,Z:\raw_data\C000000008\VIS-010_SW_data_03-July-2026_10-36-33,0,MVC,13.32,100.52,87.2,56.9,True,True,12.799999999999997,6.9199999999999955,1.0,0.3805914922116895,5.014084507042254,12.620000111870468,1.0,0.38048182272660264,4.529262086513995,6.620000111870468,1.0,0.3805914922116895,5.014084507042254,5.700000111870471,-0.2999998881295278,False,0.8715596407651901,MVC,2.0,17.59999932527542
C000000008,Z:\raw_data\C000000008\VIS-010_SW_data_03-July-2026_10-36-33,1,AVC,313.94,404.58,90.64,359.3,True,False,9.36,309.26000000000005,1.0,0.7293532927382789,5.014084507042254,313.58,1.0,0.7293532927382789,5.014084507042254,304.58,0.9999999999999993,0.7343531424995906,5.014084507042254,4.319999999999935,-4.6800000000000725,False,0.746028416575527,AVC,2.0,-27.699984321594286
C000000008,Z:\raw_data\C000000008\VIS-010_SW_data_03-July-2026_10-36-33,2,other,733.88,837.7099999999999,103.84,785.8,True,False,-3.8400000000000034,735.795,0.9631127805065973,0.7138868257795963,12.191780821917808,733.88,0.9631127805065973,0.7153031676969257,12.191780821917808,733.88,0.9631127805065973,0.7153031676969257,12.191780821917808,-1.915,-1.915,False,0.22833183348086947,MVC,3.0,78.20502241134648
C000000008,Z:\raw_data\C000000008\VIS-010_SW_data_03-July-2026_10-36-33,3,MVC,868.12,943.2700000000001,75.15,51.6,True,False,24.849999999999994,855.6949999999999,1.0,0.4523080496589116,8.018018018018019,857.2700000000001,1.0,0.4523080496589116,8.018018018018019,843.2700000000001,1.0,0.5190562465142616,8.018018018018019,1.575000000000104,-12.424999999999908,False,0.6105126069374108,MVC,3.0,-41.6949775886535
C000000010,Z:\raw_data\C000000010\vis-006_SW_data_30-June-2026_09-43-28,0,MVC,3.57,87.33,83.76,45.5,True,True,16.239999999999995,1.6200001118704677,1.0,0.6371458392186338,2.9568106312292364,2.6200001118704677,1.0,0.6371458392186338,2.9568106312292364,1.6200001118704677,1.0,0.6371458392186338,2.9568106312292364,1.0,0.0,True,0.954035336089453,MVC,2.0,-18.140000361017883
C000000010,Z:\raw_data\C000000010\vis-006_SW_data_30-June-2026_09-43-28,1,AVC,311.07,378.19000000000005,67.12,344.6,True,False,32.879999999999995,294.63,1.0,0.31936673342569577,-9.673913043478262,310.19000000000005,1.0,0.3212319021549448,-10.787878787878787,310.19000000000005,1.0,0.3212319021549448,-10.787878787878787,15.560000000000073,15.560000000000073,False,1.0000000000000009,AVC,2.0,-3.3499866771697953
C000000010,Z:\raw_data\C000000010\vis-006_SW_data_30-June-2026_09-43-28,2,MVC,726.42,793.5400000000001,67.12,33.4,True,False,32.879999999999995,709.9799999999999,1.0,0.5403041470528167,4.759358288770054,701.5400000000001,1.0,0.5036359798958928,4.759358288770054,725.5400000000001,1.0,0.5565182520065082,4.759358288770054,-8.439999999999891,15.56000000000013,False,0.7511921815565294,MVC,2.0,-33.139980773925686
C000000011,Z:\raw_data\C000000011\VIS-11_SW_data_07-July-2026_08-40-05,0,MVC,8.1,87.37,79.27,47.7,True,True,20.730000000000004,1.6200001118704677,1.0,0.7245569713625686,2.9568106312292364,2.6200001118704677,1.0,0.7245569713625686,2.9568106312292364,6.620000111870468,1.0,0.7264732815937046,2.9568106312292364,1.0,5.0,True,0.950927207655514,MVC,1.0,-18.140000361017883
C000000011,Z:\raw_data\C000000011\VIS-11_SW_data_07-July-2026_08-40-05,1,AVC,293.47,378.25,84.78,335.9,True,False,15.219999999999999,285.86,1.0,0.9248709829319466,12.191780821917808,293.25,1.0,0.9249420757146644,12.191780821917808,278.25,1.0,0.927913386968584,12.191780821917808,7.390000000000008,-7.610000000000006,False,0.9999999999999997,AVC,3.0,4.340006961822496
C000000011,Z:\raw_data\C000000011\VIS-11_SW_data_07-July-2026_08-40-05,2,other,697.39,805.61,108.22,751.5,True,False,-8.219999999999999,701.5,0.9240436148586203,0.6681550175214244,-4.759358288770054,700.39,0.9240436148586203,0.6681550175214244,-4.759358288770054,697.39,0.9240436148586203,0.6753852861518401,-5.615141955835963,-1.1100000000000554,-4.110000000000058,False,0.0,MVC,1.0,-718.0200002491474
C000000011,Z:\raw_data\C000000011\VIS-11_SW_data_07-July-2026_08-40-05,3,MVC,856.62,957.9499999999999,101.33,33.7,True,False,-1.3299999999999983,857.285,0.986874568242377,0.7525495530852291,2.625368731563422,857.62,0.986874568242377,0.7525495530852291,2.625368731563422,857.62,0.986874568242377,0.7525495530852291,2.625368731563422,0.33500000000008523,0.33500000000008523,False,0.9179909573506712,MVC,2.0,-7.644976291656462
C000000012,Z:\raw_data\C000000012\VIS-014_SW_data_07-July-2026_11-41-37,0,other,3.96,69.45,65.48,,False,True,34.519999999999996,1.6200001118704677,1.0,0.8807356875774813,3.1560283687943267,1.6200001118704677,1.0,0.8807356875774813,3.1560283687943267,1.6200001118704677,1.0,0.8807356875774813,3.1560283687943267,0.0,0.0,True,0.8840867253469852,?,3.0,9.940001112408943
C000000012,Z:\raw_data\C000000012\VIS-014_SW_data_07-July-2026_11-41-37,1,other,711.1800000000001,845.5899999999999,134.41,,False,False,-34.41,728.385,0.7439922624804705,0.7724929095523297,1.1906354515050168,745.1800000000001,0.7439922624804705,0.6752672704582134,1.1906354515050168,711.1800000000001,0.7439922624804705,0.842881994870918,1.1906354515050168,16.795000000000115,-17.204999999999913,False,0.7439922624804702,?,3.0,-13.744966754913321
C000000012,Z:\raw_data\C000000012\VIS-014_SW_data_07-July-2026_11-41-37,2,other,862.83,972.42,109.6,,False,False,-9.599999999999994,867.6249999999999,0.9124920156948627,0.9320318659246266,3.26605504587156,867.83,0.9124920156948627,0.9320318659246266,3.26605504587156,871.83,0.9124920156948627,0.9404893423610692,3.26605504587156,0.20500000000012175,4.205000000000125,False,0.0,?,3.0,-856.0649987757205
C000000013,Z:\raw_data\C000000013\VIS-016_SW_data_10-July-2026_10-11-11,0,MVC,3.27,99.09,95.81,51.2,True,True,4.189999999999998,1.6200001118704677,1.0,0.8353277833576337,4.759358288770054,1.6200001118704677,1.0,0.8353277833576337,4.759358288770054,1.6200001118704677,1.0,0.8353277833576337,4.759358288770054,0.0,0.0,True,0.8709946791297795,MVC,3.0,-14.899999904446311
C000000013,Z:\raw_data\C000000013\VIS-016_SW_data_10-July-2026_10-11-11,1,AVC,285.2,355.5,70.31,320.4,True,False,29.689999999999998,270.35,1.0,0.5690889751531714,5.297619047619048,284.5,1.0,0.5662160429620245,5.297619047619048,266.49999999999994,1.0,0.5695116022781849,5.014084507042254,14.14999999999994,-3.8500000000000756,False,0.0,MVC,3.0,-283.62999979257586
C000000013,Z:\raw_data\C000000013\VIS-016_SW_data_10-July-2026_10-11-11,2,MVC,660.86,734.62,73.75,14.2,True,False,26.25,647.74,1.0,0.6201515275343806,3.5108481262327422,645.6200000000001,1.0,0.6201515275343806,3.5108481262327422,651.6200000000001,1.0,0.6218811544591486,3.6475409836065578,-2.1199999999998997,3.8800000000001056,False,0.8713214825129105,MVC,3.0,22.620040664672842
C000000014,Z:\raw_data\C000000014\VIS-008_SW_data_10-July-2026_08-36-06,0,other,1.9,67.38,65.48,,False,True,34.519999999999996,1.6200001118704677,1.0,0.8384215145572937,3.26605504587156,1.6200001118704677,1.0,0.8384215145572937,3.26605504587156,1.6200001118704677,1.0,0.8384215145572937,3.26605504587156,0.0,0.0,True,0.9679291172768912,?,3.0,2.3800012888386846
C000000014,Z:\raw_data\C000000014\VIS-008_SW_data_10-July-2026_08-36-06,1,other,384.45,464.40999999999997,79.96,,False,False,20.040000000000006,374.43,1.0,0.38862043200322854,6.846153846153847,384.41,1.0,0.3893459159465449,6.846153846153847,364.41,1.0,0.3975916148617823,8.768472906403941,9.980000000000045,-10.019999999999973,False,0.0,?,3.0,-370.42999859929085
C000000014,Z:\raw_data\C000000014\VIS-008_SW_data_10-July-2026_08-36-06,2,other,1027.5700000000002,1107.53,79.96,,False,False,20.040000000000006,1017.55,1.0,0.8143302196446642,3.26605504587156,1007.5299999999999,1.0,0.8061124436386885,3.384030418250951,1027.5299999999977,1.0,0.8201723858990604,3.26605504587156,-10.02000000000014,9.979999999997657,False,0.7940215582606669,?,3.0,26.490036201477096
C000000015,Z:\raw_data\C000000015\VIS-017_SW_data_10-July-2026_10-53-28,0,MVC,1.9,87.37,85.47,44.6,True,True,14.530000000000001,1.6200001118704677,1.0,0.8100726922034415,20.0,1.6200001118704677,1.0,0.8100726922034415,20.0,1.6200001118704677,1.0,0.8100726922034415,20.0,0.0,0.0,True,1.0,MVC,3.0,-4.099999624304466
C000000015,Z:\raw_data\C000000015\VIS-017_SW_data_10-July-2026_10-53-28,1,AVC,299.67,369.97999999999996,70.31,334.8,True,False,29.689999999999998,284.825,1.0,0.5004864773110974,20.0,298.98,1.0,0.5184278917904139,20.0,298.98,1.0,0.5184278917904139,20.0,14.15500000000003,14.15500000000003,False,0.0,MVC,3.0,-287.304999512434
C000000015,Z:\raw_data\C000000015\VIS-017_SW_data_10-July-2026_10-53-28,2,MVC,630.5300000000001,717.38,86.85,33.4,True,False,13.150000000000006,623.955,1.0,0.7472221908065256,7.385892116182573,617.38,1.0,0.7483091374564405,6.846153846153847,627.38,1.0,0.7496875220456962,7.385892116182573,-6.5749999999999975,3.4250000000000114,False,0.8895792588325637,MVC,3.0,16.165041370391805
C000000015,Z:\raw_data\C000000015\VIS-017_SW_data_10-July-2026_10-53-28,3,AVC,940.72,1024.81,84.09,342.2,True,False,15.909999999999997,932.765,1.0,0.5153508941855498,20.0,934.8100000000001,1.0,0.5148137824755096,20.0,931.8100000000001,1.0,0.5153508941855498,20.0,2.0450000000000745,-0.9549999999999281,False,0.0,MVC,3.0,-935.244999512434
C000000016,Z:\raw_data\C000000016\VIS-015_SW_data_10-July-2026_09-24-32,0,MVC,1.9,96.33,94.43,49.1,True,True,5.569999999999993,1.6200001118704677,1.0,0.8050390863869695,2.5538020086083217,1.6200001118704677,1.0,0.8050390863869695,2.5538020086083217,1.6200001118704677,1.0,0.8050390863869695,2.5538020086083217,0.0,0.0,True,0.9548871868383602,MVC,3.0,4.54000283498317
C000000016,Z:\raw_data\C000000016\VIS-015_SW_data_10-July-2026_09-24-32,1,AVC,349.99,418.92,68.93,384.5,True,False,31.069999999999993,334.455,1.0,0.7559161275944976,20.0,339.92,1.0,0.7563216343896633,20.0,349.92,1.0,0.7599547468577377,20.0,5.464999999999998,15.465000000000007,False,1.0,AVC,3.0,4.344995183944718
C000000016,Z:\raw_data\C000000016\VIS-015_SW_data_10-July-2026_09-24-32,2,MVC,896.5999999999999,978.63,82.03,42.0,True,False,17.97,887.6149999999999,1.0,0.819166721493109,2.7010622154779975,878.63,1.0,0.8181248699527276,2.625368731563422,895.63,1.0,0.8316435541732207,2.625368731563422,-8.98499999999991,8.015000000000105,False,0.9405091915946754,MVC,3.0,13.865031013488874
C000000018,Z:\raw_data\C000000018\VIS-012_SW_data_07-July-2026_09-21-31,0,MVC,3.27,66.69,63.42,35.0,True,True,36.58,1.6200001118704677,1.0,0.5609182862350706,-20.0,1.6200001118704677,1.0,0.5609182862350706,-20.0,1.6200001118704677,1.0,0.5609182862350706,-20.0,0.0,0.0,True,0.9714601023157324,MVC,2.0,3.460000199265778
C000000018,Z:\raw_data\C000000018\VIS-012_SW_data_07-July-2026_09-21-31,1,AVC,306.56,376.18,69.62,341.4,True,False,30.379999999999995,291.37,1.0,0.48315122311431385,2.9568106312292364,305.18,1.0,0.47849487905447224,2.9568106312292364,296.18,1.0,0.4848287548191026,3.1560283687943267,13.809999999999988,4.809999999999981,False,0.0,MVC,2.0,-286.28999968886376
C000000018,Z:\raw_data\C000000018\VIS-012_SW_data_07-July-2026_09-21-31,2,MVC,707.05,784.9399999999999,77.89,36.9,True,False,22.11,695.9949999999999,1.0,0.6013556230989073,-7.385892116182573,702.94,1.0,0.5989380549970929,-8.018018018018019,696.94,1.0,0.6013556230989073,-7.385892116182573,6.94500000000009,0.9450000000000847,False,0.9441514448018224,MVC,2.0,15.405043964386095
C000000018,Z:\raw_data\C000000018\VIS-012_SW_data_07-July-2026_09-21-31,3,AVC,999.3100000000001,1082.71,83.4,331.9,True,False,16.599999999999994,991.01,1.0,0.43041799266745856,4.529262086513995,998.7100000000002,1.0,0.4272337736177974,4.529262086513995,991.71,1.0,0.43041799266745856,4.529262086513995,7.700000000000151,0.700000000000145,False,0.9169054941593604,AVC,3.0,15.230081787109384
C000000019,Z:\raw_data\C000000019\VIS-027_SW_data_21-July-2026_11-19-20,0,MVC,20.51,109.42999999999999,88.92,65.0,True,True,11.079999999999998,14.969999999999997,1.0,0.8715620218668275,3.6475409836065578,18.430000000000003,1.0,0.8715620218668275,3.6475409836065578,9.429999999999994,1.0,0.8718463295819642,3.384030418250951,3.460000000000005,-5.540000000000004,False,0.938933888896864,MVC,3.0,-10.969998599290847
C000000019,Z:\raw_data\C000000019\VIS-027_SW_data_21-July-2026_11-19-20,1,AVC,417.54,486.47,68.93,452.0,True,False,31.069999999999993,402.005,1.0,0.4862604208459891,-4.529262086513995,417.47,1.0,0.4814655051581639,-4.529262086513995,391.46999999999997,1.0,0.5019774782316141,-4.529262086513995,15.465000000000007,-10.535000000000016,False,0.0,MVC,3.0,-398.00499859929084
C000000020,Z:\raw_data\C000000020\VIS-026_SW_data_21-July-2026_10-42-10,0,MVC,22.57,118.39,95.81,70.5,True,True,4.189999999999998,20.479999999999997,1.0,0.6787103266125458,3.955555555555556,20.38999999999999,1.0,0.6787103266125458,3.955555555555556,18.38999999999999,1.0,0.6797089547412544,3.955555555555556,-0.09000000000000674,-2.0900000000000087,False,0.7881222925135393,MVC,3.0,22.40000315427781
C000000020,Z:\raw_data\C000000020\VIS-026_SW_data_21-July-2026_10-42-10,1,AVC,367.21999999999997,456.83000000000004,89.61,412.0,True,False,10.39,362.025,1.0,0.7429109542176757,8.018018018018019,366.83,1.0,0.732739577055184,8.018018018018019,356.83,0.9999999999999993,0.7543211957547784,6.846153846153847,4.805000000000003,-5.195000000000006,False,1.0000000000000009,AVC,3.0,4.855011558532738
C000000021,Z:\raw_data\C000000021\VIS-024_SW_data_17-July-2026_09-35-47,0,MVC,27.400000000000002,119.77,92.37,73.6,True,True,7.6299999999999955,23.584999999999994,1.0,0.7739613198251849,3.26605504587156,25.77,1.0,0.7761464067125904,3.26605504587156,26.770000000000003,1.0,0.7761464067125904,3.26605504587156,2.1850000000000063,3.185000000000007,False,0.9999999999999999,MVC,3.0,0.9349993252754274
C000000021,Z:\raw_data\C000000021\VIS-024_SW_data_17-July-2026_09-35-47,1,AVC,347.92,439.59999999999997,91.68,393.8,True,False,8.319999999999993,343.76,1.0,0.8907606648846871,2.866344605475041,347.6,1.0,0.8906240444277583,2.866344605475041,339.6,1.0,0.8907606648846871,2.866344605475041,3.84000000000001,-4.159999999999997,False,0.9999999999999993,AVC,3.0,-0.639979372024527
C000000021,Z:\raw_data\C000000021\VIS-024_SW_data_17-July-2026_09-35-47,2,MVC,861.45,949.68,88.23,187.0,True,False,11.769999999999996,855.5649999999999,1.0,0.8243317085547923,2.9568106312292364,852.68,1.0,0.824305911782181,2.9568106312292364,856.68,1.0,0.8243317085547923,2.9568106312292364,-2.8849999999999154,1.1150000000000881,False,0.4487136539034215,MVC,2.0,-54.524994316101015
C000000022,Z:\raw_data\C000000022\VIS-023_SW_data_17-July-2026_08-48-06,0,MVC,1.9,72.89,71.0,37.4,True,True,29.0,1.6200001118704677,1.0,0.8835429956075203,9.673913043478262,1.6200001118704677,1.0,0.8835429956075203,9.673913043478262,1.6200001118704677,1.0,0.8835429956075203,9.673913043478262,0.0,0.0,True,0.0,MVC,0.0,83.38000525254756
C000000022,Z:\raw_data\C000000022\VIS-023_SW_data_17-July-2026_08-48-06,1,AVC,307.25,394.78999999999996,87.54,351.0,True,False,12.459999999999994,301.02,1.0,0.8930867646627546,2.5538020086083217,300.79,1.0,0.8930867646627546,2.5538020086083217,294.79,1.0,0.8945815838059097,2.5538020086083217,-0.23000000000000798,-6.230000000000013,False,0.0,MVC,0.0,-216.01999463558195
C000000022,Z:\raw_data\C000000022\VIS-023_SW_data_17-July-2026_08-48-06,2,MVC,908.32,995.86,87.54,12.0,True,False,12.459999999999994,902.0899999999999,1.0,0.9237437230845963,9.673913043478262,904.86,1.0,0.9225650515481204,14.015748031496063,895.86,1.0,0.9266436561580824,9.673913043478262,2.77000000000005,-6.229999999999958,False,0.9794377165078179,MVC,3.0,8.030022296905713
C000000023,Z:\raw_data\C000000023\VIS-022_SW_data_14-July-2026_11-41-10,0,MVC,6.029999999999999,80.47999999999999,74.44,43.3,True,True,25.560000000000002,1.6200001118704677,1.0,0.924899583963227,2.4217687074829937,5.620000111870468,1.0,0.9181847383210782,2.360742705570292,1.6200001118704677,1.0,0.924899583963227,2.4217687074829937,4.0,0.0,True,1.000134336378291,MVC,3.0,-9.49999790173024
C000000023,Z:\raw_data\C000000023\VIS-022_SW_data_14-July-2026_11-41-10,1,MVC,81.85000000000001,154.92000000000002,73.07,118.4,True,False,26.930000000000007,68.385,1.0,0.8736403208488052,2.486033519553073,54.919999999999995,1.0,0.8742955330863924,2.4217687074829937,61.92,1.0,0.875635176214745,2.4217687074829937,-13.465000000000005,-6.464999999999998,False,0.14055018763022062,MVC,3.0,-76.26499778985978
C000000023,Z:\raw_data\C000000023\VIS-022_SW_data_14-July-2026_11-41-10,2,AVC,411.34,488.53999999999996,77.2,449.9,True,False,22.799999999999997,399.94,1.0,0.8922275010661366,10.787878787878787,404.54,1.0,0.8919513740336088,10.787878787878787,401.54,1.0,0.8922275010661366,10.787878787878787,4.5999999999999925,1.5999999999999903,False,0.9999999999999998,AVC,3.0,1.500006494522097
C000000023,Z:\raw_data\C000000023\VIS-022_SW_data_14-July-2026_11-41-10,3,MVC,862.14,936.5799999999999,74.44,38.8,True,False,25.560000000000002,849.3599999999999,1.0,0.8759221036722681,2.7812500000000004,836.58,1.0,0.8770893553640272,2.7812500000000004,841.58,1.0,0.8770989701912015,2.7812500000000004,-12.779999999999902,-7.779999999999898,False,0.8417521012463538,MVC,3.0,-24.559973583221336
C000000025,Z:\raw_data\C000000025\VIS-025_SW_data_21-July-2026_09-53-09,0,MVC,19.82,79.79,59.97,49.8,True,True,40.03,1.6200001118704677,1.0,0.8553909536269901,3.26605504587156,9.620000111870468,1.0,0.8491611341929255,3.384030418250951,1.6200001118704677,1.0,0.8553909536269901,3.26605504587156,8.0,0.0,True,1.0000000000000002,MVC,3.0,5.6200017454102635
C000000025,Z:\raw_data\C000000025\VIS-025_SW_data_21-July-2026_09-53-09,1,AVC,322.41999999999996,395.48,73.07,359.0,True,False,26.930000000000007,308.95,1.0,0.6978921647110503,5.014084507042254,320.47999999999996,1.0,0.6846331064330088,4.529262086513995,295.47999999999996,0.9999999999999992,0.7143044248168194,5.014084507042254,11.529999999999985,-13.470000000000038,False,0.9998631449295206,AVC,3.0,-3.629993391036976
C000000025,Z:\raw_data\C000000025\VIS-025_SW_data_21-July-2026_09-53-09,2,MVC,838.01,906.9399999999999,68.93,37.4,True,False,31.069999999999993,822.4749999999999,1.0,0.856970363548753,3.384030418250951,824.94,1.0,0.8687203317218558,3.384030418250951,837.94,1.0,0.8863045794402582,3.26605504587156,2.4650000000000505,15.465000000000062,False,0.9999999999999992,MVC,3.0,1.2450498580933527
C000000026,Z:\raw_data\C000000026\VIS-020_SW_data_14-July-2026_10-03-40,0,MVC,3.96,70.83,66.86,37.4,True,True,33.14,1.6200001118704677,1.0,0.5685944648576705,3.7953091684434974,1.6200001118704677,1.0,0.5685944648576705,3.7953091684434974,1.6200001118704677,1.0,0.5685944648576705,3.7953091684434974,0.0,0.0,True,0.0,MVC,0.0,80.14000107068568
C000000026,Z:\raw_data\C000000026\VIS-020_SW_data_14-July-2026_10-03-40,1,AVC,321.03999999999996,387.21,66.17,354.1,True,False,33.83,304.12500000000006,1.0,0.8860864088850947,6.3799283154121875,316.21,1.0,0.8781924909456228,6.3799283154121875,301.21,1.0,0.8908576323482538,6.3799283154121875,12.084999999999956,-2.9150000000000564,False,0.0,MVC,0.0,-222.3649988174439
C000000026,Z:\raw_data\C000000026\VIS-020_SW_data_14-July-2026_10-03-40,2,other,772.5300000000001,860.07,87.54,816.3,True,False,12.459999999999994,766.3,1.0,0.5151635179024139,-1.624087591240876,772.07,1.0,0.5241998591276482,-20.0,760.07,1.0,0.5360776053948947,-1.8483904465212877,5.770000000000053,-6.229999999999958,False,0.020447624037464956,MVC,3.0,91.98001499176041
C000000026,Z:\raw_data\C000000026\VIS-020_SW_data_14-July-2026_10-03-40,3,MVC,886.26,968.9799999999999,82.72,32.5,True,False,17.28,877.62,1.0,0.6740042998779455,2.3027166882276844,868.98,1.0,0.6693724192759326,2.4217687074829937,871.98,1.0,0.6764680520442423,2.360742705570292,-8.639999999999981,-5.639999999999978,False,0.8706481502872386,MVC,3.0,-19.339985008239637
C000000027,Z:\raw_data\C000000027\VIS-019_SW_data_14-July-2026_09-20-26,0,MVC,1.9,59.11,57.21,30.5,True,True,42.79,1.6200001118704677,1.0,0.9070796241457397,3.1560283687943267,1.6200001118704677,1.0,0.9070796241457397,3.1560283687943267,1.6200001118704677,1.0,0.9070796241457397,3.1560283687943267,0.0,0.0,True,0.9255374419357868,MVC,3.0,4.54000283498317
C000000027,Z:\raw_data\C000000027\VIS-019_SW_data_14-July-2026_09-20-26,1,AVC,353.44,414.09000000000003,60.66,383.8,True,False,39.34,333.76500000000004,1.0,0.7708471316568876,4.129930394431555,353.09000000000003,1.0,0.6505094413663925,4.129930394431555,322.09,1.0,0.774749452000115,4.129930394431555,19.32499999999998,-11.675000000000047,False,0.0,MVC,3.0,-327.6049970531464
C000000027,Z:\raw_data\C000000027\VIS-019_SW_data_14-July-2026_09-20-26,2,MVC,887.64,960.7099999999999,73.07,28.6,True,False,26.930000000000007,874.175,1.0,0.9238003610936394,3.0531732418524875,866.71,1.0,0.9249384857324011,3.1560283687943267,871.71,1.0,0.9261920746053631,3.0531732418524875,-7.464999999999944,-2.4649999999999395,False,0.825373000545246,MVC,3.0,26.22499485015885
C000000028,Z:\raw_data\C000000028\VIS-018_SW_data_14-July-2026_08-30-41,0,MVC,6.720000000000001,86.67999999999999,79.96,46.7,True,True,20.040000000000006,1.6200001118704677,1.0,0.7995186213138661,9.673913043478262,6.620000111870468,1.0,0.7975617691454974,10.787878787878787,1.6200001118704677,1.0,0.7995186213138661,9.673913043478262,5.0,0.0,True,1.0,MVC,3.0,-3.02000071387738
C000000028,Z:\raw_data\C000000028\VIS-018_SW_data_14-July-2026_08-30-41,1,AVC,316.21,396.17,79.96,356.2,True,False,20.040000000000006,306.19,1.0,0.8239306541610054,4.529262086513995,305.1700000000001,1.0,0.8239306541610054,4.529262086513995,316.1700000000001,1.0,0.8247267913491321,4.529262086513995,-1.0199999999999654,9.980000000000045,False,1.0000000000000004,AVC,3.0,2.3699958896636986
C000000028,Z:\raw_data\C000000028\VIS-018_SW_data_14-July-2026_08-30-41,2,MVC,1107.53,1180.59,73.07,37.0,True,False,26.930000000000007,1094.06,1.0,0.8565583198043679,3.7953091684434974,1092.5899999999986,1.0,0.8565583198043679,3.7953091684434974,1097.589999999998,1.0,0.8574555884968015,3.7953091684434974,-1.4700000000014146,3.5299999999980347,False,0.996715148888195,MVC,3.0,13.700024070739573
C000000029,Z:\raw_data\C000000029\VIS-031_SW_data_24-July-2026_11-11-50,0,MVC,3.27,63.24,59.97,33.3,True,True,40.03,1.6200001118704677,1.0,0.5717219296248655,5.615141955835963,2.6200001118704677,1.0,0.5717219296248655,5.615141955835963,2.6200001118704677,1.0,0.5717219296248655,5.615141955835963,1.0,1.0,True,0.23144899003800304,MVC,1.0,47.74000395555049
C000000029,Z:\raw_data\C000000029\VIS-031_SW_data_24-July-2026_11-11-50,1,AVC,300.36,382.39,82.03,341.4,True,False,17.97,291.375,1.0,0.5663131404042053,-20.0,295.39000000000004,1.0,0.5653071300198995,-20.0,286.39000000000004,1.0,0.566560737022668,-20.0,4.015000000000047,-4.984999999999962,False,0.9999999999999997,AVC,2.0,7.464998245239258
C000000029,Z:\raw_data\C000000029\VIS-031_SW_data_24-July-2026_11-11-50,2,MVC,872.48,936.5799999999999,64.1,24.0,True,False,35.900000000000006,854.53,1.0,0.5633420103423682,-2.866344605475041,871.58,1.0,0.57004766870903,-2.7812500000000004,861.58,1.0,0.5706128116708533,-2.7812500000000004,17.05000000000001,7.050000000000001,False,0.9182525697252838,MVC,0.0,23.190010280609272
C000000030,Z:\raw_data\C000000030\VIS-029_SW_data_24-July-2026_09-36-27,0,MVC,8.1,106.67,98.57,57.4,True,True,1.4300000000000068,7.384999999999995,1.0,0.8716518692027005,-12.191780821917808,6.6699999999999955,1.0,0.8716518692027005,-12.191780821917808,6.6699999999999955,1.0,0.8716518692027005,-12.191780821917808,-0.7150000000000003,-0.7150000000000003,False,0.8962159031869626,MVC,2.0,-10.944998422861097
C000000030,Z:\raw_data\C000000030\VIS-029_SW_data_24-July-2026_09-36-27,1,AVC,351.37,444.41999999999996,93.05,397.9,True,False,6.950000000000003,347.895,1.0,0.7187605193675798,4.529262086513995,349.41999999999996,1.0,0.7131427203454738,4.529262086513995,344.41999999999996,0.9999999999999994,0.7187605193675798,4.529262086513995,1.524999999999943,-3.4750000000000614,False,0.7636752292073454,AVC,,25.465019922256488
C000000030,Z:\raw_data\C000000030\VIS-029_SW_data_24-July-2026_09-36-27,2,MVC,838.7,934.51,95.81,51.0,True,False,4.189999999999998,836.6049999999999,1.0,0.814100252197748,-8.018018018018019,834.51,1.0,0.814100252197748,-8.018018018018019,834.51,1.0,0.814100252197748,-8.018018018018019,-2.094999999999958,-2.094999999999958,False,0.8761091085978826,MVC,,-13.964986305236721
C000000031,Z:\raw_data\C000000031\VIS-032_SW_data_24-July-2026_11-57-06,0,MVC,21.2,110.11999999999999,88.92,65.7,True,True,11.079999999999998,15.659999999999993,1.0,0.7686629722257414,20.0,10.11999999999999,1.0,0.7740712339866753,20.0,10.11999999999999,1.0,0.7740712339866753,20.0,-5.540000000000004,-5.540000000000004,False,0.34322983173974386,MVC,,63.94000336170197
C000000031,Z:\raw_data\C000000031\VIS-032_SW_data_24-July-2026_11-57-06,1,AVC,384.45,464.40999999999997,79.96,424.4,True,False,20.040000000000006,374.43,1.0,0.6787522929649706,-12.191780821917808,383.41,1.0,0.674727317188071,-12.191780821917808,364.41,1.0,0.694268067687487,-12.191780821917808,8.980000000000043,-10.019999999999973,False,0.9999999999999998,AVC,,8.650017566680901
C000000031,Z:\raw_data\C000000031\VIS-032_SW_data_24-July-2026_11-57-06,2,MVC,922.11,1008.96,86.85,51.0,True,False,13.150000000000006,915.535,1.0,0.7054744677279549,-16.48148148148148,909.9600000000002,1.0,0.7110321192433109,-12.191780821917808,910.9600000000002,1.0,0.7110321192433109,-12.191780821917808,-5.574999999999886,-4.574999999999885,False,0.4910764945672033,MVC,,-50.77500644683835
