subject,folder,window,label
C000000001,SWE_01_SW_data_21-April-2026_12-12-54,0,MVC
C000000001,SWE_01_SW_data_21-April-2026_12-12-54,2,MVC
C000000002,SWE02_SW_data_28-April-2026_10-09-45,0,MVC
C000000002,SWE02_SW_data_28-April-2026_10-09-45,1,AVC
C000000004,VIS_4_SW_data_16-June-2026_10-58-59,1,MVC
C000000007,VIS-007_SW_data_30-June-2026_11-45-50,1,MVC
C000000011,VIS-11_SW_data_07-July-2026_08-40-05,1,AVC
C000000012,VIS-014_SW_data_07-July-2026_11-41-37,1,AK
C000000012,VIS-014_SW_data_07-July-2026_11-41-37,2,AVC
C000000013,VIS-016_SW_data_10-July-2026_10-11-11,0,MVC
C000000013,VIS-016_SW_data_10-July-2026_10-11-11,1,AVC
C000000014,VIS-008_SW_data_10-July-2026_08-36-06,1,AVC
C000000014,VIS-008_SW_data_10-July-2026_08-36-06,2,MVC
C000000015,VIS-017_SW_data_10-July-2026_10-53-28,3,AVC
C000000016,VIS-015_SW_data_10-July-2026_09-24-32,0,MVC
C000000016,VIS-015_SW_data_10-July-2026_09-24-32,1,AVC
C000000016,VIS-015_SW_data_10-July-2026_09-24-32,2,MVC
C000000018,VIS-012_SW_data_07-July-2026_09-21-31,3,AVC
C000000019,VIS-027_SW_data_21-July-2026_11-19-20,0,MVC
C000000019,VIS-027_SW_data_21-July-2026_11-19-20,1,AVC
C000000020,VIS-026_SW_data_21-July-2026_10-42-10,0,MVC
C000000020,VIS-026_SW_data_21-July-2026_10-42-10,1,AVC
C000000021,VIS-024_SW_data_17-July-2026_09-35-47,1,AVC
C000000022,VIS-023_SW_data_17-July-2026_08-48-06,0,MVC
C000000022,VIS-023_SW_data_17-July-2026_08-48-06,1,AVC
C000000023,VIS-022_SW_data_14-July-2026_11-41-10,0,MVC
C000000023,VIS-022_SW_data_14-July-2026_11-41-10,1,AVC
C000000023,VIS-022_SW_data_14-July-2026_11-41-10,2,MVC
C000000025,VIS-025_SW_data_21-July-2026_09-53-09,0,MVC
C000000025,VIS-025_SW_data_21-July-2026_09-53-09,1,AVC
C000000025,VIS-025_SW_data_21-July-2026_09-53-09,2,MVC
C000000026,VIS-020_SW_data_14-July-2026_10-03-40,1,AVC
C000000027,VIS-019_SW_data_14-July-2026_09-20-26,0,MVC
C000000027,VIS-019_SW_data_14-July-2026_09-20-26,1,AVC
C000000027,VIS-019_SW_data_14-July-2026_09-20-26,2,MVC
C000000028,VIS-018_SW_data_14-July-2026_08-30-41,1,AVC
C000000028,VIS-018_SW_data_14-July-2026_08-30-41,2,MVC
C000000031,VIS-032_SW_data_24-July-2026_11-57-06,1,AVC
C000000033,VIS-028_SW_data_24-July-2026_08-43-33,2,AK
C000000011,VIS-11_SW_data_07-July-2026_08-40-05,0,MVC
