event,w_ms,method,n,fully_inside,cover_ge_80,cover_median,err_median_ms,err_p90_ms
AVC,100,energy,24,0.20833333333333334,0.5416666666666666,0.8341861720859267,21.997500111870544,134.25850004474822
AVC,100,peak,24,0.9583333333333334,1.0,1.0,2.6349999999999985,5.563250000000009
AVC,100,phase,24,0.4583333333333333,0.5833333333333334,0.8998248006785426,18.28312975411947,43.56634110370429
AVC,100,prior*energy,24,0.4166666666666667,0.6666666666666666,0.8862544995455923,18.772499999999997,30.34299995525176
AVC,100,prior*prop,24,0.2916666666666667,0.625,0.8297399696353619,23.367500000000042,35.49050011187055
AVC,100,prior*sem,24,0.5,0.625,0.9513021769049268,14.957499999999985,43.83249988812944
AVC,100,prior*sem*prop,24,0.4166666666666667,0.7083333333333334,0.9113576363538205,17.840000111870538,33.844500111870566
AVC,100,prior30*peak,24,0.9166666666666666,1.0,1.0,3.8499999999999925,12.376999999999965
AVC,100,prior45*peak,24,0.9583333333333334,1.0,1.0,3.1124999999999625,5.822000000000021
AVC,100,prior60*peak,24,0.9583333333333334,1.0,1.0,3.0799999999999716,6.53599999999998
AVC,100,prior90*peak,24,0.9583333333333334,1.0,1.0,2.855000000000052,5.563250000000009
AVC,100,prop,24,0.125,0.375,0.7183625237255153,33.005000111870515,146.65050011187057
AVC,100,sem,24,0.125,0.16666666666666666,0.4419390805394678,54.53499988812949,68.00050011187061
AVC,100,sem*prop,24,0.3333333333333333,0.5833333333333334,0.8895857788603865,20.90250011187056,115.17650011187048
AVC,120,energy,24,0.4583333333333333,0.5833333333333334,0.8815419598971954,26.29000011187066,140.1140000447482
AVC,120,peak,24,1.0,1.0,1.0,2.6349999999999985,5.563250000000009
AVC,120,phase,24,0.5833333333333334,0.875,1.0,18.28312975411947,43.56634110370429
AVC,120,prior*energy,24,0.5833333333333334,0.9166666666666666,0.9849543262325123,20.812500111870524,34.58249988812943
AVC,120,prior*prop,24,0.5416666666666666,0.75,0.9520106356312392,24.510000000000005,39.91100011187053
AVC,120,prior*sem,24,0.625,0.8333333333333334,1.0,14.439999999999927,41.933500044748214
AVC,120,prior*sem*prop,24,0.625,0.8333333333333334,0.9930674758228538,22.869999999999976,39.91100011187053
AVC,120,prior30*peak,24,1.0,1.0,1.0,3.8499999999999925,12.376999999999965
AVC,120,prior45*peak,24,1.0,1.0,1.0,3.1124999999999625,5.822000000000021
AVC,120,prior60*peak,24,1.0,1.0,1.0,3.0799999999999716,6.53599999999998
AVC,120,prior90*peak,24,1.0,1.0,1.0,2.855000000000052,5.563250000000009
AVC,120,prop,24,0.20833333333333334,0.3333333333333333,0.6582774544104439,46.352500111870505,149.20450011187052
AVC,120,sem,24,0.2916666666666667,0.2916666666666667,0.5290658856503142,57.402499888129455,78.00050011187062
AVC,120,sem*prop,24,0.2916666666666667,0.5,0.8034906381240434,36.88750011187056,58.67650011187053
MVC,100,energy,42,0.5952380952380952,0.8571428571428571,1.0,12.937500000000094,30.66599988812949
MVC,100,peak,42,0.7857142857142857,0.9761904761904762,1.0,6.727500055935334,18.35000011187047
MVC,100,phase,42,0.7380952380952381,0.9285714285714286,1.0,10.074999943976291,21.031300100675296
MVC,100,prior*energy,42,0.6428571428571429,0.9285714285714286,1.0,9.475000000000044,22.445499910503564
MVC,100,prior*prop,42,0.6666666666666666,0.9285714285714286,1.0,8.294999999999998,23.68850008949652
MVC,100,prior*sem,42,0.6904761904761905,0.9285714285714286,1.0,10.699999888129364,21.87999991050362
MVC,100,prior*sem*prop,42,0.6428571428571429,0.9285714285714286,1.0,10.509999888129482,23.701000111870616
MVC,100,prior30*peak,42,0.7857142857142857,0.9761904761904762,1.0,6.9575000559353,17.43099999999984
MVC,100,prior45*peak,42,0.7380952380952381,0.9761904761904762,1.0,9.572499999999991,18.35000011187047
MVC,100,prior60*peak,42,0.7857142857142857,0.9761904761904762,1.0,8.18000005593519,18.071500111870463
MVC,100,prior90*peak,42,0.7857142857142857,0.9761904761904762,1.0,6.727500055935334,18.35000011187047
MVC,100,prop,42,0.5,0.8095238095238095,0.9743836872875645,16.71000011187047,35.86400008949637
MVC,100,sem,42,0.35714285714285715,0.5476190476190477,0.8249215569312567,21.54,68.3590001118705
MVC,100,sem*prop,42,0.5952380952380952,0.8571428571428571,1.0,12.172499888129497,30.68149988812947
MVC,120,energy,42,0.6904761904761905,0.9047619047619048,1.0,16.577500111870464,35.7375001118705
MVC,120,peak,42,0.9523809523809523,1.0,1.0,11.532500000000098,26.766000111870465
MVC,120,phase,42,0.9285714285714286,0.9761904761904762,1.0,11.887500055907296,28.350000111870465
MVC,120,prior*energy,42,0.9047619047619048,0.9761904761904762,1.0,12.905000111870464,28.350000111870465
MVC,120,prior*prop,42,0.9047619047619048,0.9761904761904762,1.0,11.905000000000129,28.350000111870465
MVC,120,prior*sem,42,0.9285714285714286,0.9761904761904762,1.0,12.49499999999985,28.350000111870465
MVC,120,prior*sem*prop,42,0.9047619047619048,0.9761904761904762,1.0,12.905000111870464,28.350000111870465
MVC,120,prior30*peak,42,0.9761904761904762,0.9761904761904762,1.0,11.037499999999909,26.766000111870465
MVC,120,prior45*peak,42,0.9761904761904762,0.9761904761904762,1.0,12.067499999999884,26.766000111870465
MVC,120,prior60*peak,42,0.9761904761904762,0.9761904761904762,1.0,11.63624999999989,26.766000111870465
MVC,120,prior90*peak,42,0.9523809523809523,1.0,1.0,11.532500000000098,26.766000111870465
MVC,120,prop,42,0.6904761904761905,0.8571428571428571,1.0,16.577500111870464,36.71149988812925
MVC,120,sem,42,0.5238095238095238,0.6190476190476191,0.9826881455165267,27.865000111870632,76.8905001118706
MVC,120,sem*prop,42,0.7857142857142857,0.8571428571428571,1.0,16.577500111870464,36.71149988812925
