folder,subject,side,t_ms,expect,screen,screened,c_auto,old_window,old_conf
Z:\raw_data\C000000001\SWE_01_SW_data_21-April-2026_12-12-54,C000000001,new,49.68000203371048,MVC,0.7161715728251132,False,3.384030418250951,0.0,3.0
Z:\raw_data\C000000001\SWE_01_SW_data_21-April-2026_12-12-54,C000000001,new,440.64000248908997,AVC,0.40244232530348434,False,5.014084507042254,1.0,0.0
Z:\raw_data\C000000001\SWE_01_SW_data_21-April-2026_12-12-54,C000000001,new,611.2800240516663,top-up,0.4805095597939745,False,1.3069016152716595,,
Z:\raw_data\C000000001\SWE_01_SW_data_21-April-2026_12-12-54,C000000001,new,787.3200178146362,MVC,0.8282956870511003,False,8.018018018018019,2.0,2.0
Z:\raw_data\C000000001\SWE_01_SW_data_21-April-2026_12-12-54,C000000001,old only,945.0000524520874,AVC,,False,,3.0,0.0
Z:\raw_data\C000000002\SWE02_SW_data_28-April-2026_10-09-45,C000000002,new,64.80000168085098,MVC,0.6642576087914271,False,5.014084507042254,0.0,2.0
Z:\raw_data\C000000002\SWE02_SW_data_28-April-2026_10-09-45,C000000002,new,400.6800055503845,AVC,0.6861190213643492,False,-14.015748031496063,1.0,2.0
Z:\raw_data\C000000002\SWE02_SW_data_28-April-2026_10-09-45,C000000002,new,619.920015335083,top-up,0.5968716667375313,False,3.1560283687943267,2.0,0.0
Z:\raw_data\C000000003\VIS_03_SW_data_16-June-2026_10-09-42,C000000003,new,72.36000150442123,MVC,0.6167261797688081,False,1.8855932203389834,0.0,1.0
Z:\raw_data\C000000003\VIS_03_SW_data_16-June-2026_10-09-42,C000000003,new,408.24002027511597,AVC,0.3695662993715125,False,-6.3799283154121875,1.0,3.0
Z:\raw_data\C000000003\VIS_03_SW_data_16-June-2026_10-09-42,C000000003,new,586.4400267601013,top-up,0.16636872045811232,True,1.6527390900649952,2.0,0.0
Z:\raw_data\C000000003\VIS_03_SW_data_16-June-2026_10-09-42,C000000003,new,895.3199982643127,top-up,0.3376611576875399,False,1.0,3.0,1.0
Z:\raw_data\C000000004\VIS_4_SW_data_16-June-2026_10-58-59,C000000004,new,69.12000477313995,MVC,0.8121243251800492,False,6.846153846153847,0.0,3.0
Z:\raw_data\C000000004\VIS_4_SW_data_16-June-2026_10-58-59,C000000004,new,481.6800057888031,AVC,0.24228323857723752,True,20.0,1.0,0.0
Z:\raw_data\C000000004\VIS_4_SW_data_16-June-2026_10-58-59,C000000004,new,878.0400156974792,MVC,0.7995335898414476,False,10.787878787878787,2.0,3.0
Z:\raw_data\C000000005\VIS-005_SW_data_19-June-2026_09-12-20,C000000005,new,160.92000901699066,top-up,0.8421161692538333,False,8.018018018018019,0.0,3.0
Z:\raw_data\C000000005\VIS-005_SW_data_19-June-2026_09-12-20,C000000005,new,338.03999423980713,top-up,0.30261060975140125,False,1.7782217782217782,1.0,0.0
Z:\raw_data\C000000005\VIS-005_SW_data_19-June-2026_09-12-20,C000000005,new,575.6400227546692,top-up,0.53891538384165,False,-2.3027166882276844,2.0,0.0
Z:\raw_data\C000000005\VIS-005_SW_data_19-June-2026_09-12-20,C000000005,new,757.0800185203552,top-up,0.4913265583971572,False,12.191780821917808,3.0,1.0
Z:\raw_data\C000000007\VIS-007_SW_data_30-June-2026_11-45-50,C000000007,new,42.12000221014023,top-up,0.4928097985522432,False,6.3799283154121875,0.0,0.0
Z:\raw_data\C000000007\VIS-007_SW_data_30-June-2026_11-45-50,C000000007,new,379.07999753952026,top-up,0.7559477388721384,False,-10.787878787878787,1.0,1.0
Z:\raw_data\C000000007\VIS-007_SW_data_30-June-2026_11-45-50,C000000007,new,604.7999858856201,top-up,0.35036542854659797,False,-6.846153846153847,2.0,0.0
Z:\raw_data\C000000007\VIS-007_SW_data_30-June-2026_11-45-50,C000000007,new,861.840009689331,top-up,0.8882913533780705,False,-20.0,3.0,2.0
Z:\raw_data\C000000008\VIS-010_SW_data_03-July-2026_10-36-33,C000000008,new,74.51999932527542,MVC,0.37613542712442904,False,5.014084507042254,0.0,2.0
Z:\raw_data\C000000008\VIS-010_SW_data_03-July-2026_10-36-33,C000000008,new,331.56001567840576,top-up,0.7497529920057702,False,5.014084507042254,1.0,2.0
Z:\raw_data\C000000008\VIS-010_SW_data_03-July-2026_10-36-33,C000000008,new,491.40000343322754,AVC,0.19093697470364587,True,1.0218140068886339,2.0,0.0
Z:\raw_data\C000000008\VIS-010_SW_data_03-July-2026_10-36-33,C000000008,new,864.0000224113464,MVC,0.6323910844648862,False,9.673913043478262,3.0,3.0
Z:\raw_data\C000000010\vis-006_SW_data_30-June-2026_09-43-28,C000000010,new,33.479999750852585,MVC,0.649579587367528,False,2.9568106312292364,0.0,2.0
Z:\raw_data\C000000010\vis-006_SW_data_30-June-2026_09-43-28,C000000010,new,341.2800133228302,AVC,0.30908235386194705,False,-16.48148148148148,1.0,2.0
Z:\raw_data\C000000010\vis-006_SW_data_30-June-2026_09-43-28,C000000010,new,726.8400192260742,MVC,0.46476486725142013,False,5.615141955835963,2.0,2.0
Z:\raw_data\C000000010\vis-006_SW_data_30-June-2026_09-43-28,C000000010,old only,978.4800410270692,AVC,,False,,3.0,0.0
Z:\raw_data\C000000011\VIS-11_SW_data_07-July-2026_08-40-05,C000000011,new,33.479999750852585,MVC,0.7296456744329298,False,2.7010622154779975,0.0,1.0
Z:\raw_data\C000000011\VIS-11_SW_data_07-July-2026_08-40-05,C000000011,new,340.2000069618225,AVC,0.9249420757146644,False,12.191780821917808,1.0,3.0
Z:\raw_data\C000000011\VIS-11_SW_data_07-July-2026_08-40-05,C000000011,new,523.8000154495239,top-up,0.2732434675522979,True,-1.0,,
Z:\raw_data\C000000011\VIS-11_SW_data_07-July-2026_08-40-05,C000000011,new,899.6400237083435,MVC,0.7488418130273633,False,2.625368731563422,2.0,2.0
Z:\raw_data\C000000011\VIS-11_SW_data_07-July-2026_08-40-05,C000000011,old only,1148.0400562286377,AVC,,False,,3.0,1.0
Z:\raw_data\C000000012\VIS-014_SW_data_07-July-2026_11-41-37,C000000012,new,61.560001224279404,top-up,0.8785290348367346,False,3.1560283687943267,0.0,3.0
Z:\raw_data\C000000012\VIS-014_SW_data_07-July-2026_11-41-37,C000000012,new,474.12002086639404,top-up,0.3039182794285024,False,-2.5538020086083217,1.0,0.0
Z:\raw_data\C000000012\VIS-014_SW_data_07-July-2026_11-41-37,C000000012,new,764.6400332450867,top-up,0.8266360360062283,False,1.1906354515050168,2.0,3.0
Z:\raw_data\C000000012\VIS-014_SW_data_07-July-2026_11-41-37,C000000012,new,1029.2400121688843,top-up,0.6731823444870653,False,20.0,3.0,1.0
Z:\raw_data\C000000013\VIS-016_SW_data_10-July-2026_10-11-11,C000000013,new,36.720000207424164,MVC,0.8373238902918817,False,4.759358288770054,0.0,3.0
Z:\raw_data\C000000013\VIS-016_SW_data_10-July-2026_10-11-11,C000000013,new,484.9200248718262,AVC,0.6206274324676614,False,-1.3444108761329308,1.0,0.0
Z:\raw_data\C000000013\VIS-016_SW_data_10-July-2026_10-11-11,C000000013,new,720.3600406646729,MVC,0.6247258563233342,False,3.26605504587156,2.0,3.0
Z:\raw_data\C000000013\VIS-016_SW_data_10-July-2026_10-11-11,C000000013,new,1129.6800374984741,AVC,0.34364896418446583,False,-6.3799283154121875,3.0,0.0
Z:\raw_data\C000000014\VIS-008_SW_data_10-July-2026_08-36-06,C000000014,new,54.00000140070915,top-up,0.8384215145572937,False,3.26605504587156,0.0,3.0
Z:\raw_data\C000000014\VIS-008_SW_data_10-July-2026_08-36-06,C000000014,new,623.1600046157837,top-up,0.2982341386633848,True,1.0218140068886339,1.0,2.0
Z:\raw_data\C000000014\VIS-008_SW_data_10-July-2026_08-36-06,C000000014,new,937.440037727356,top-up,0.6024748637044933,False,-1.0,2.0,2.0
Z:\raw_data\C000000014\VIS-008_SW_data_10-July-2026_08-36-06,C000000014,new,1094.040036201477,top-up,0.820724070184596,False,3.1560283687943267,3.0,3.0
Z:\raw_data\C000000015\VIS-017_SW_data_10-July-2026_10-53-28,C000000015,new,47.520000487565994,MVC,0.8112620696784417,False,20.0,0.0,3.0
Z:\raw_data\C000000015\VIS-017_SW_data_10-July-2026_10-53-28,C000000015,new,456.84000849723816,AVC,0.60579965538252,False,-20.0,1.0,0.0
Z:\raw_data\C000000015\VIS-017_SW_data_10-July-2026_10-53-28,C000000015,new,690.1200413703918,MVC,0.7380951019462648,False,8.768472906403941,2.0,3.0
Z:\raw_data\C000000015\VIS-017_SW_data_10-July-2026_10-53-28,C000000015,new,1087.5600576400757,AVC,0.439871876711353,False,-20.0,3.0,0.0
Z:\raw_data\C000000016\VIS-015_SW_data_10-July-2026_09-24-32,C000000016,new,56.16000294685364,MVC,0.8042571876277934,False,2.5538020086083217,0.0,3.0
Z:\raw_data\C000000016\VIS-015_SW_data_10-July-2026_09-24-32,C000000016,new,388.7999951839447,AVC,0.7559161275944976,False,20.0,1.0,3.0
Z:\raw_data\C000000016\VIS-015_SW_data_10-July-2026_09-24-32,C000000016,new,951.4800310134888,MVC,0.8360409277766017,False,2.625368731563422,2.0,3.0
Z:\raw_data\C000000016\VIS-015_SW_data_10-July-2026_09-24-32,C000000016,old only,1175.0400066375732,AVC,,False,,3.0,0.0
Z:\raw_data\C000000018\VIS-012_SW_data_07-July-2026_09-21-31,C000000018,new,55.080000311136246,MVC,0.5601807449718809,False,-20.0,0.0,2.0
Z:\raw_data\C000000018\VIS-012_SW_data_07-July-2026_09-21-31,C000000018,new,442.80001521110535,AVC,0.3028886163587021,False,16.48148148148148,1.0,0.0
Z:\raw_data\C000000018\VIS-012_SW_data_07-July-2026_09-21-31,C000000018,new,761.400043964386,MVC,0.5983108178044365,False,-7.385892116182573,2.0,2.0
Z:\raw_data\C000000018\VIS-012_SW_data_07-July-2026_09-21-31,C000000018,new,1056.2400817871094,AVC,0.4204337973908691,False,4.759358288770054,3.0,3.0
Z:\raw_data\C000000019\VIS-027_SW_data_21-July-2026_11-19-20,C000000019,new,54.00000140070915,MVC,0.8782395224663111,False,3.384030418250951,0.0,3.0
Z:\raw_data\C000000019\VIS-027_SW_data_21-July-2026_11-19-20,C000000019,new,225.72000324726105,top-up,0.20112401772957683,True,-3.384030418250951,1.0,0.0
Z:\raw_data\C000000019\VIS-027_SW_data_21-July-2026_11-19-20,C000000019,new,562.6800060272217,AVC,0.31068745858222646,False,20.0,2.0,0.0
Z:\raw_data\C000000020\VIS-026_SW_data_21-July-2026_10-42-10,C000000020,new,92.8800031542778,MVC,0.7069453249333717,False,3.955555555555556,0.0,3.0
Z:\raw_data\C000000020\VIS-026_SW_data_21-July-2026_10-42-10,C000000020,new,416.8800115585327,AVC,0.732739577055184,False,8.018018018018019,1.0,3.0
Z:\raw_data\C000000020\VIS-026_SW_data_21-July-2026_10-42-10,C000000020,new,637.1999979019165,top-up,0.22466096269461372,True,3.955555555555556,2.0,0.0
Z:\raw_data\C000000021\VIS-024_SW_data_17-July-2026_09-35-47,C000000021,new,74.51999932527542,MVC,0.7761464067125904,False,3.26605504587156,0.0,3.0
Z:\raw_data\C000000021\VIS-024_SW_data_17-July-2026_09-35-47,C000000021,new,393.12002062797546,AVC,0.8907606648846871,False,2.866344605475041,1.0,3.0
Z:\raw_data\C000000021\VIS-024_SW_data_17-July-2026_09-35-47,C000000021,new,851.0400056838989,MVC,0.811166998798916,False,2.5538020086083217,2.0,2.0
Z:\raw_data\C000000021\VIS-024_SW_data_17-July-2026_09-35-47,C000000021,new,1004.4000148773193,AVC,0.5285720800318607,False,-20.0,3.0,0.0
Z:\raw_data\C000000022\VIS-023_SW_data_17-July-2026_08-48-06,C000000022,new,135.00000536441803,MVC,0.3130426051679867,False,-1.0,0.0,0.0
Z:\raw_data\C000000022\VIS-023_SW_data_17-July-2026_08-48-06,C000000022,new,500.0399947166443,AVC,0.37374854074350006,False,16.48148148148148,1.0,1.0
Z:\raw_data\C000000022\VIS-023_SW_data_17-July-2026_08-48-06,C000000022,new,795.960009098053,top-up,0.7187751286380972,False,1.9243243243243244,2.0,3.0
Z:\raw_data\C000000022\VIS-023_SW_data_17-July-2026_08-48-06,C000000022,new,960.1200222969055,MVC,0.9222385231754029,False,14.015748031496063,3.0,3.0
Z:\raw_data\C000000023\VIS-022_SW_data_14-July-2026_11-41-10,C000000023,new,42.12000221014023,MVC,0.9059816738851725,False,2.486033519553073,0.0,3.0
Z:\raw_data\C000000023\VIS-022_SW_data_14-July-2026_11-41-10,C000000023,new,451.4400064945221,AVC,0.8922275010661366,False,10.787878787878787,1.0,3.0
Z:\raw_data\C000000023\VIS-022_SW_data_14-July-2026_11-41-10,C000000023,new,654.4800400733948,top-up,0.496560404654828,False,-3.0531732418524875,,
Z:\raw_data\C000000023\VIS-022_SW_data_14-July-2026_11-41-10,C000000023,new,874.8000264167786,MVC,0.874977197631131,False,2.7812500000000004,2.0,3.0
Z:\raw_data\C000000023\VIS-022_SW_data_14-July-2026_11-41-10,C000000023,old only,1132.9200267791748,AVC,,False,,3.0,0.0
Z:\raw_data\C000000025\VIS-025_SW_data_21-July-2026_09-53-09,C000000025,new,57.24000185728073,MVC,0.8533234339941773,False,3.384030418250951,0.0,3.0
Z:\raw_data\C000000025\VIS-025_SW_data_21-July-2026_09-53-09,C000000025,new,355.320006608963,AVC,0.6978921647110503,False,5.014084507042254,1.0,3.0
Z:\raw_data\C000000025\VIS-025_SW_data_21-July-2026_09-53-09,C000000025,new,873.7200498580933,MVC,0.856970363548753,False,3.384030418250951,2.0,3.0
Z:\raw_data\C000000025\VIS-025_SW_data_21-July-2026_09-53-09,C000000025,old only,1145.8799839019775,AVC,,False,,3.0,2.0
Z:\raw_data\C000000026\VIS-020_SW_data_14-July-2026_10-03-40,C000000026,new,131.76000118255615,MVC,0.5495208774699379,False,-7.385892116182573,0.0,0.0
Z:\raw_data\C000000026\VIS-020_SW_data_14-July-2026_10-03-40,C000000026,new,503.27998399734497,AVC,0.45833190917352534,False,4.129930394431555,1.0,0.0
Z:\raw_data\C000000026\VIS-020_SW_data_14-July-2026_10-03-40,C000000026,new,908.2800149917603,MVC,0.6725938822433696,False,2.4217687074829937,2.0,3.0
Z:\raw_data\C000000026\VIS-020_SW_data_14-July-2026_10-03-40,C000000026,old only,1170.7199811935425,AVC,,False,,3.0,0.0
Z:\raw_data\C000000027\VIS-019_SW_data_14-July-2026_09-20-26,C000000027,new,56.16000294685364,MVC,0.9062042299888803,False,3.1560283687943267,0.0,3.0
Z:\raw_data\C000000027\VIS-019_SW_data_14-July-2026_09-20-26,C000000027,new,465.4799997806549,AVC,0.4054750277768545,False,5.615141955835963,1.0,3.0
Z:\raw_data\C000000027\VIS-019_SW_data_14-July-2026_09-20-26,C000000027,new,799.1999983787537,top-up,0.33018629398332466,False,-8.768472906403941,,
Z:\raw_data\C000000027\VIS-019_SW_data_14-July-2026_09-20-26,C000000027,new,950.3999948501587,MVC,0.9177952757696396,False,3.1560283687943267,2.0,3.0
Z:\raw_data\C000000027\VIS-019_SW_data_14-July-2026_09-20-26,C000000027,old only,1184.7599744796753,AVC,,False,,3.0,0.0
Z:\raw_data\C000000028\VIS-018_SW_data_14-July-2026_08-30-41,C000000028,new,48.59999939799309,MVC,0.7994055601413576,False,9.673913043478262,0.0,3.0
Z:\raw_data\C000000028\VIS-018_SW_data_14-July-2026_08-30-41,C000000028,new,358.5599958896637,top-up,0.8239306541610054,False,4.529262086513995,1.0,3.0
Z:\raw_data\C000000028\VIS-018_SW_data_14-July-2026_08-30-41,C000000028,new,529.20001745224,AVC,0.5205130389434091,False,-1.2714285714285716,2.0,1.0
Z:\raw_data\C000000028\VIS-018_SW_data_14-July-2026_08-30-41,C000000028,new,1157.7600240707397,top-up,0.8572107930191715,False,3.7953091684434974,3.0,3.0
Z:\raw_data\C000000029\VIS-031_SW_data_24-July-2026_11-11-50,C000000029,new,99.36000406742096,MVC,0.599874925881618,False,6.846153846153847,0.0,1.0
Z:\raw_data\C000000029\VIS-031_SW_data_24-July-2026_11-11-50,C000000029,new,348.83999824523926,AVC,0.5653071300198995,False,-20.0,1.0,2.0
Z:\raw_data\C000000029\VIS-031_SW_data_24-July-2026_11-11-50,C000000029,new,547.5600361824036,top-up,0.24753445410982808,True,-8.768472906403941,,
Z:\raw_data\C000000029\VIS-031_SW_data_24-July-2026_11-11-50,C000000029,new,927.7200102806091,MVC,0.5728663408358791,False,-2.9568106312292364,2.0,0.0
Z:\raw_data\C000000029\VIS-031_SW_data_24-July-2026_11-11-50,C000000029,old only,1158.8400602340698,AVC,,False,,3.0,0.0
Z:\raw_data\C000000030\VIS-029_SW_data_24-July-2026_09-36-27,C000000030,new,46.4400015771389,MVC,0.8732329171255858,False,-12.191780821917808,0.0,2.0
Z:\raw_data\C000000030\VIS-029_SW_data_24-July-2026_09-36-27,C000000030,new,423.36001992225647,AVC,0.6610334504844014,False,4.529262086513995,,
Z:\raw_data\C000000030\VIS-029_SW_data_24-July-2026_09-36-27,C000000030,new,629.6400427818298,top-up,0.2995339098716318,True,-2.7812500000000004,,
Z:\raw_data\C000000030\VIS-029_SW_data_24-July-2026_09-36-27,C000000030,new,872.6400136947632,MVC,0.7991337890931381,False,-5.973154362416108,,
Z:\raw_data\C000000031\VIS-032_SW_data_24-July-2026_11-57-06,C000000031,new,129.60000336170197,MVC,0.6812692151167977,False,20.0,,
Z:\raw_data\C000000031\VIS-032_SW_data_24-July-2026_11-57-06,C000000031,new,433.0800175666809,AVC,0.674727317188071,False,-12.191780821917808,,
Z:\raw_data\C000000031\VIS-032_SW_data_24-July-2026_11-57-06,C000000031,new,677.1600246429443,top-up,0.24753796006471274,True,-1.7782217782217782,,
Z:\raw_data\C000000031\VIS-032_SW_data_24-July-2026_11-57-06,C000000031,new,914.7599935531616,MVC,0.7214531743757661,False,-20.0,,
