folder,subject,kind,window,label,skipped,time,preload,source_buffer,motion_correction,nudge_mm,mapping_reliable,mapping_shift_mm,n_points,src_to_b4_shift_mm,b1_reliable,b1_shift_mm,b1_agree,b3_reliable,b3_shift_mm,b3_agree,b1_frame,b1_phase_ms,b1_note,b3_frame,b3_phase_ms,b3_note,b4_frame,b4_phase_ms,b4_note
Z:\raw_data\C000000001\SWE_01_SW_data_21-April-2026_12-12-54,C000000001,general,,,False,2026-09-29 10:20:02,September line (buffer 1),4.0,False,0.0,,,3.0,0.0,True,2.260955877499604,1.0,True,0.7850394384997489,1.0,11.0,0.40999999997438863,R-peak +0 ms,13.0,7.750000000058208,R-peak +8 ms,643.0,-0.02000000001862645,R-peak -0 ms
Z:\raw_data\C000000001\SWE_01_SW_data_21-April-2026_12-12-54,C000000001,event,0.0,MVC,False,2026-09-29 10:34:38,September line of this event (buffer 1),4.0,False,0.0,,,3.0,0.0,False,2.696814157482863,0.6666666666666666,True,0.7265001032346802,1.0,75.0,47.1699999999837,R+47 ms (-3 vs event),14.0,47.17000000004191,R+47 ms (-3 vs event),46.0,49.68000203371048,"event, R+50 ms"
Z:\raw_data\C000000001\SWE_01_SW_data_21-April-2026_12-12-54,C000000001,event,1.0,AVC,False,2026-09-29 10:35:11,September line of this event (buffer 1),4.0,False,0.0,,,3.0,0.0,True,0.426176160759845,1.0,True,0.7014970563017351,1.0,50.0,442.6699999999837,R+443 ms (+2 vs event),24.0,441.37000000005355,R+441 ms (+1 vs event),408.0,440.64000248908997,"event, R+441 ms"
Z:\raw_data\C000000001\SWE_01_SW_data_21-April-2026_12-12-54,C000000001,event,2.0,MVC,False,2026-09-29 10:40:04,September line of this event (buffer 1),4.0,False,0.0,,,3.0,0.0,False,8.70953910376433,0.3333333333333333,True,2.8545293202207627,1.0,79.0,92.52999999996973,R+93 ms (+0 vs event),15.0,86.59000000002561,R+87 ms (-6 vs event),729.0,92.32001781463623,"event, R+92 ms"
Z:\raw_data\C000000001\SWE_01_SW_data_21-April-2026_12-12-54,C000000001,event,3.0,AVC,False,2026-09-29 10:55:56,"general line as drawn (buffer 4, R-peak anatomy)",4.0,False,0.0,,,3.0,0.0,True,2.3577534137394474,1.0,True,1.0311966834702309,1.0,33.0,249.88999999995576,R+250 ms (-0 vs event),19.0,244.27000000001863,R+244 ms (-6 vs event),875.0,250.0000524520874,"event, R+250 ms"
Z:\raw_data\C000000002\SWE02_SW_data_28-April-2026_10-09-45,C000000002,general,,,False,2026-09-29 10:20:49,September line (buffer 1),4.0,False,0.0,,,3.0,0.0,True,0.1970000000000013,1.0,True,0.2868363296376493,1.0,13.0,5.090000000083819,R-peak +5 ms,1.0,-15.290000000037253,R-peak -15 ms,0.0,0.5400000000372529,R-peak +1 ms
Z:\raw_data\C000000002\SWE02_SW_data_28-April-2026_10-09-45,C000000002,event,0.0,MVC,False,2026-09-29 10:58:23,September line of this event (buffer 1),4.0,False,0.0,,,3.0,0.0,True,0.3176529552829637,1.0,True,0.26430323494047564,1.0,18.0,61.79000000003725,R+62 ms (-3 vs event),3.0,63.54999999993015,R+64 ms (-1 vs event),60.0,64.80000168085098,"event, R+65 ms"
Z:\raw_data\C000000002\SWE02_SW_data_28-April-2026_10-09-45,C000000002,event,1.0,AVC,False,2026-09-29 10:59:04,September line of this event (buffer 1),4.0,False,0.0,,,2.0,0.0,True,0.33432008614500197,1.0,False,0.8523523215196868,0.6666666666666666,48.0,401.9899999999907,R+402 ms (+1 vs event),12.0,418.3299999999581,R+418 ms (+18 vs event),371.0,400.6800055503845,"event, R+401 ms"
Z:\raw_data\C000000002\SWE02_SW_data_28-April-2026_10-09-45,C000000002,event,2.0,other,False,2026-09-29 11:01:45,September line of this event (buffer 1),4.0,False,0.0,,,3.0,0.0,True,0.30006146037103887,1.0,True,0.44050539156745855,1.0,67.0,617.4500000000698,R+617 ms (-2 vs event),17.0,615.4299999999348,R+615 ms (-4 vs event),574.0,619.920015335083,"event, R+620 ms"
Z:\raw_data\C000000003\VIS_03_SW_data_16-June-2026_10-09-42,C000000003,general,,,False,2026-09-29 10:21:24,September line (buffer 1),4.0,False,0.0,,,2.0,0.0,True,2.2179785481379226,1.0,True,2.3462030091191974,1.0,14.0,-5.570000000065193,R-peak -6 ms,7.0,-0.7700000000186265,R-peak -1 ms,0.0,0.5400000000372529,R-peak +1 ms
Z:\raw_data\C000000003\VIS_03_SW_data_16-June-2026_10-09-42,C000000003,event,0.0,MVC,False,2026-09-29 11:02:01,"general line as drawn (buffer 4, R-peak anatomy)",4.0,False,0.0,,,2.0,0.0,True,1.1095140738179043,1.0,True,1.3879764983601106,1.0,21.0,73.80999999982305,R+74 ms (+1 vs event),9.0,78.07000000006519,R+78 ms (+6 vs event),67.0,72.36000150442123,"event, R+72 ms"
Z:\raw_data\C000000003\VIS_03_SW_data_16-June-2026_10-09-42,C000000003,event,1.0,AVC,False,2026-09-29 11:03:36,September line of this event (buffer 1),4.0,False,0.0,,,2.0,0.0,False,3.5392079396384757,0.3333333333333333,False,5.650020445980701,1.0,50.0,402.6699999999255,R+403 ms (-6 vs event),17.0,393.4299999999348,R+393 ms (-15 vs event),378.0,408.24002027511597,"event, R+408 ms"
Z:\raw_data\C000000003\VIS_03_SW_data_16-June-2026_10-09-42,C000000003,event,2.0,other,False,2026-09-29 11:09:29,September line of this event (buffer 1),4.0,False,0.0,,,2.0,0.0,True,1.1453140180753905,0.6666666666666666,False,4.725701107772258,0.6666666666666666,66.0,584.1099999998696,R+584 ms (-2 vs event),22.0,590.5300000000279,R+591 ms (+4 vs event),543.0,586.4400267601013,"event, R+586 ms"
Z:\raw_data\C000000003\VIS_03_SW_data_16-June-2026_10-09-42,C000000003,event,3.0,AK,False,2026-09-29 11:10:12,September line of this event (buffer 1),4.0,False,0.0,,,2.0,0.0,False,0.0,,True,2.6018919962212133,1.0,9.0,892.7299999999814,R+893 ms (-3 vs event),5.0,903.3900000001304,R+903 ms (+8 vs event),829.0,895.3199982643127,"event, R+895 ms"
Z:\raw_data\C000000004\VIS_4_SW_data_16-June-2026_10-58-59,C000000004,general,,,False,2026-09-29 10:29:45,September line (buffer 1),4.0,False,0.0,,,2.0,0.0,True,1.288205278672621,1.0,False,2.2554564327426054,1.0,60.0,4.069999999832362,R-peak +4 ms,24.0,2.3700000001117587,R-peak +2 ms,762.0,-0.5,R-peak -0 ms
Z:\raw_data\C000000004\VIS_4_SW_data_16-June-2026_10-58-59,C000000004,event,0.0,MVC,False,2026-09-29 11:12:25,September line of this event (buffer 1),4.0,False,0.0,,,2.0,0.0,True,0.819860890639383,1.0,False,2.088571665038096,1.0,66.0,72.10999999986961,R+72 ms (+3 vs event),5.0,52.390000000130385,R+52 ms (-17 vs event),64.0,69.12000477313995,"event, R+69 ms"
Z:\raw_data\C000000004\VIS_4_SW_data_16-June-2026_10-58-59,C000000004,event,1.0,AVC,False,2026-09-29 11:13:31,"general line as drawn (buffer 4, R-peak anatomy)",4.0,False,0.0,,,2.0,0.0,True,1.5823895474882277,1.0,True,1.833264683563178,0.6666666666666666,31.0,478.20999999996275,R+478 ms (-3 vs event),16.0,486.01000000024214,R+486 ms (+4 vs event),446.0,481.6800057888031,"event, R+482 ms"
Z:\raw_data\C000000004\VIS_4_SW_data_16-June-2026_10-58-59,C000000004,event,2.0,MVC,False,2026-09-29 11:20:28,"general line as drawn (buffer 4, R-peak anatomy)",4.0,False,0.0,,,2.0,0.0,True,0.42617616075984155,1.0,False,1.4657647287337785,1.0,64.0,49.42999999970198,R+49 ms (-5 vs event),5.0,52.390000000130385,R+52 ms (-2 vs event),813.0,54.04001569747925,"event, R+54 ms"
Z:\raw_data\C000000005\VIS-005_SW_data_19-June-2026_09-12-20,C000000005,general,,,False,2026-09-29 11:22:15,September line (buffer 1),4.0,False,0.0,,,3.0,0.0,False,8.79494139150455,1.0,False,10.778330713055709,1.0,44.0,,NO VALID ECG: matched to buffer 4 (r 0.95),17.0,,NO VALID ECG: matched to buffer 1 (r 0.96),906.0,-0.06099999975413084,NO VALID ECG (unusable: sparse) - R-peak -0 ms
Z:\raw_data\C000000005\VIS-005_SW_data_19-June-2026_09-12-20,C000000005,event,0.0,?,False,2026-09-29 11:33:01,September line of this event (buffer 1),4.0,False,0.0,,,3.0,0.0,True,5.360717146054248,1.0,True,5.847283899384396,1.0,44.0,,NO VALID ECG: matched to buffer 4 (r 0.95),17.0,,NO VALID ECG: matched to buffer 1 (r 0.96),149.0,160.92500901711173,"NO VALID ECG (unusable: sparse) - event, R+161 ms"
Z:\raw_data\C000000005\VIS-005_SW_data_19-June-2026_09-12-20,C000000005,event,1.0,?,False,2026-09-29 11:33:37,"general line as drawn (buffer 4, R-peak anatomy)",4.0,False,0.0,,,2.0,0.0,False,7.435908462319854,0.0,False,9.374095494499723,0.0,68.0,,NO VALID ECG: matched to buffer 4 (r 0.95),3.0,,NO VALID ECG: matched to buffer 1 (r 0.96),313.0,99.02299423981458,"NO VALID ECG (unusable: sparse) - event, R+99 ms"
Z:\raw_data\C000000005\VIS-005_SW_data_19-June-2026_09-12-20,C000000005,event,2.0,?,False,2026-09-29 11:41:56,September line of this event (buffer 1),4.0,False,0.0,,,2.0,0.0,False,8.290213162518805,0.6666666666666666,False,1.5325536466956062,0.6666666666666666,69.0,,NO VALID ECG: matched to buffer 4 (r 0.96),3.0,,NO VALID ECG: matched to buffer 1 (r 0.96),533.0,96.10302275489084,"NO VALID ECG (unusable: sparse) - event, R+96 ms"
Z:\raw_data\C000000005\VIS-005_SW_data_19-June-2026_09-12-20,C000000005,event,3.0,?,False,2026-09-29 11:42:56,September line of this event (buffer 1),4.0,False,0.0,,,2.0,0.0,False,5.407425723946655,0.6666666666666666,True,0.3632500516173371,1.0,76.0,,NO VALID ECG: matched to buffer 4 (r 0.96),5.0,,NO VALID ECG: matched to buffer 1 (r 0.96),701.0,38.02201852039434,"NO VALID ECG (unusable: sparse) - event, R+38 ms"
Z:\raw_data\C000000007\VIS-007_SW_data_30-June-2026_11-45-50,C000000007,general,,,False,2026-09-29 11:48:23,September line (buffer 1),4.0,False,0.0,,,3.0,0.0,True,2.885898716171447,0.6666666666666666,True,4.544854470717406,0.6666666666666666,58.0,,NO VALID ECG: matched to buffer 4 (r 0.96),16.0,,NO VALID ECG: matched to buffer 1 (r 0.97),434.0,0.22399999992921948,NO VALID ECG (unusable: fixed-rate) - R-peak +0 ms
Z:\raw_data\C000000007\VIS-007_SW_data_30-June-2026_11-45-50,C000000007,event,0.0,?,False,2026-09-29 11:52:45,September line of this event (buffer 1),4.0,False,0.0,,,3.0,0.0,True,0.3176529552829673,1.0,True,0.8422757980614201,1.0,44.0,,NO VALID ECG: matched to buffer 4 (r 0.97),4.0,,NO VALID ECG: matched to buffer 1 (r 0.96),39.0,42.12500221002847,"NO VALID ECG (unusable: fixed-rate) - event, R+42 ms"
Z:\raw_data\C000000007\VIS-007_SW_data_30-June-2026_11-45-50,C000000007,event,1.0,?,False,2026-09-29 11:53:08,September line of this event (buffer 1),4.0,False,0.0,,,3.0,0.0,True,0.23966084369374968,1.0,True,0.7135643488852241,1.0,60.0,,NO VALID ECG: matched to buffer 4 (r 0.97),17.0,,NO VALID ECG: matched to buffer 1 (r 0.97),351.0,140.56299753952771,"NO VALID ECG (unusable: fixed-rate) - event, R+141 ms"
Z:\raw_data\C000000007\VIS-007_SW_data_30-June-2026_11-45-50,C000000007,event,2.0,?,False,2026-09-29 11:57:41,September line of this event (buffer 1),4.0,False,0.0,,,3.0,0.0,True,1.6501028574001106,1.0,True,1.9245599393107988,1.0,58.0,,NO VALID ECG: matched to buffer 4 (r 0.96),16.0,,NO VALID ECG: matched to buffer 1 (r 0.97),560.0,135.7639858853072,"NO VALID ECG (unusable: fixed-rate) - event, R+136 ms"
Z:\raw_data\C000000007\VIS-007_SW_data_30-June-2026_11-45-50,C000000007,event,3.0,?,False,2026-09-29 12:02:06,September line of this event (buffer 1),4.0,False,0.0,,,2.0,0.0,False,1.6566751280803342,0.6666666666666666,False,3.8774484651636554,0.3333333333333333,88.0,,NO VALID ECG: matched to buffer 4 (r 0.97),22.0,,NO VALID ECG: matched to buffer 1 (r 0.96),798.0,392.80400968901813,"NO VALID ECG (unusable: fixed-rate) - event, R+393 ms"
Z:\raw_data\C000000008\VIS-010_SW_data_03-July-2026_10-36-33,C000000008,general,,,False,2026-09-29 11:49:42,September line (buffer 1),4.0,False,0.0,,,2.0,0.0,True,0.46116517648235233,1.0,True,0.3176529552829602,1.0,84.0,-4.763000000268221,R-peak -5 ms,6.0,-0.7999999998137355,R-peak -1 ms,790.0,-0.3309999997727573,R-peak -0 ms
Z:\raw_data\C000000008\VIS-010_SW_data_03-July-2026_10-36-33,C000000008,event,0.0,MVC,False,2026-09-29 12:02:35,September line of this event (buffer 1),4.0,False,0.0,,,2.0,0.0,True,0.39596509947216324,1.0,True,0.1762021566269843,1.0,12.0,73.33499999996275,R+73 ms (-1 vs event),8.0,78.04000000003725,R+78 ms (+4 vs event),69.0,74.52499932516366,"event, R+75 ms"
Z:\raw_data\C000000008\VIS-010_SW_data_03-July-2026_10-36-33,C000000008,event,1.0,AVC,False,2026-09-29 12:02:56,September line of this event (buffer 1),4.0,False,0.0,,,2.0,0.0,True,2.6194333738425195,1.0,True,3.367720617866037,1.0,35.0,334.1549999997951,R+334 ms (+3 vs event),14.0,314.5600000000559,R+315 ms (-17 vs event),307.0,331.565015678294,"event, R+332 ms"
Z:\raw_data\C000000008\VIS-010_SW_data_03-July-2026_10-36-33,C000000008,event,2.0,AVC,False,2026-09-29 12:08:33,September line of this event (buffer 1),4.0,False,0.0,,,2.0,0.0,True,0.46116517648235233,1.0,True,1.8315703535491072,1.0,49.0,492.91500000003725,R+493 ms (+2 vs event),18.0,472.2400000002235,R+472 ms (-19 vs event),455.0,491.4050034331158,"event, R+491 ms"
Z:\raw_data\C000000008\VIS-010_SW_data_03-July-2026_10-36-33,C000000008,event,3.0,MVC,False,2026-09-29 12:09:06,September line of this event (buffer 1),4.0,False,0.0,,,2.0,0.0,False,4.817123340750163,0.6666666666666666,True,0.3077238372307247,1.0,85.0,6.5769999995827675,R+7 ms (-3 vs event),7.0,38.62000000011176,R+39 ms (+29 vs event),800.0,9.92902241135016,"event, R+10 ms"
Z:\raw_data\C000000010\vis-006_SW_data_30-June-2026_09-43-28,C000000010,general,,,False,2026-09-29 11:52:14,September line (buffer 1),4.0,False,0.0,,,2.0,0.0,True,1.5764924230709136,1.0,True,2.1015385316477078,1.0,35.0,-0.19400000001769513,R-peak -0 ms,19.0,5.184999999823049,R-peak +5 ms,672.0,-0.2599999998928979,R-peak -0 ms
Z:\raw_data\C000000010\vis-006_SW_data_30-June-2026_09-43-28,C000000010,event,0.0,MVC,False,2026-09-29 12:09:37,September line of this event (buffer 1),4.0,False,0.0,,,2.0,0.0,True,2.1958210673914222,1.0,True,6.863520711704745,0.6666666666666666,38.0,33.82600000000093,R+34 ms (+0 vs event),20.0,44.60499999986496,R+45 ms (+11 vs event),31.0,33.48499975085724,"event, R+33 ms"
Z:\raw_data\C000000010\vis-006_SW_data_30-June-2026_09-43-28,C000000010,event,1.0,AVC,False,2026-09-29 12:20:20,September line of this event (buffer 1),4.0,False,0.0,,,2.0,0.0,True,2.9549999999999974,1.0,False,2.0109445044555563,1.0,65.0,340.00599999993574,R+340 ms (-1 vs event),9.0,333.545999999973,R+334 ms (-8 vs event),316.0,341.28501332283486,"event, R+341 ms"
Z:\raw_data\C000000010\vis-006_SW_data_30-June-2026_09-43-28,C000000010,event,2.0,MVC,False,2026-09-29 12:20:39,September line of this event (buffer 1),4.0,False,0.0,,,2.0,0.0,True,1.577968770286662,1.0,True,2.019033768910268,1.0,35.0,-0.19400000001769513,R+-0 ms (-0 vs event),19.0,5.184999999823049,R+5 ms (+5 vs event),673.0,0.2800192261347547,"event, R+0 ms"
Z:\raw_data\C000000010\vis-006_SW_data_30-June-2026_09-43-28,C000000010,event,3.0,AVC,False,2026-09-29 12:41:31,"general line as drawn (buffer 4, R-peak anatomy)",4.0,False,0.0,,,2.0,0.0,True,7.575155932388455,1.0,False,6.380489087836449,1.0,57.0,249.28599999996368,R+249 ms (-3 vs event),7.0,254.70599999988917,R+255 ms (+3 vs event),906.0,251.92004102712963,"event, R+252 ms"
Z:\raw_data\C000000011\VIS-11_SW_data_07-July-2026_08-40-05,C000000011,general,,,False,2026-09-29 12:42:14,September line (buffer 1),4.0,False,0.0,,,3.0,0.0,True,3.3658763019457516,1.0,True,2.9264945105022835,1.0,32.0,-3.768999999971129,R-peak -4 ms,21.0,-2.077999999979511,R-peak -2 ms,808.0,-0.39000000001396984,R-peak -0 ms
Z:\raw_data\C000000011\VIS-11_SW_data_07-July-2026_08-40-05,C000000011,event,0.0,MVC,False,2026-09-29 12:45:06,September line of this event (buffer 1),4.0,False,0.0,,,3.0,0.0,True,0.6316300499501287,1.0,True,0.2297395046569071,1.0,35.0,30.251000000047497,R+30 ms (-3 vs event),22.0,37.34200000000419,R+37 ms (+4 vs event),31.0,33.48599975084653,"event, R+33 ms"
Z:\raw_data\C000000011\VIS-11_SW_data_07-July-2026_08-40-05,C000000011,event,1.0,AVC,False,2026-09-29 12:45:29,September line of this event (buffer 1),4.0,False,0.0,,,2.0,0.0,True,2.8826694364772387,1.0,True,2.0937680482804217,1.0,62.0,336.4310000000405,R+336 ms (-4 vs event),30.0,352.7019999999902,R+353 ms (+12 vs event),315.0,340.20600696181646,"event, R+340 ms"
Z:\raw_data\C000000011\VIS-11_SW_data_07-July-2026_08-40-05,C000000011,event,2.0,MVC,False,2026-09-29 12:48:07,"general line as drawn (buffer 4, R-peak anatomy)",4.0,False,0.0,,,3.0,0.0,False,3.2223804927413533,1.0,True,2.8588765975466646,1.0,35.0,30.251000000047497,R+30 ms (+4 vs event),22.0,37.34200000000419,R+37 ms (+11 vs event),833.0,26.07002370833652,"event, R+26 ms"
Z:\raw_data\C000000011\VIS-11_SW_data_07-July-2026_08-40-05,C000000011,event,3.0,AVC,False,2026-09-29 12:48:45,"general line as drawn (buffer 4, R-peak anatomy)",4.0,False,0.0,,,2.0,0.0,False,2.76699105889412,1.0,True,3.3255093805310505,1.0,57.0,279.73100000002887,R+280 ms (+5 vs event),28.0,273.8620000000228,R+274 ms (-1 vs event),1063.0,274.4700562286307,"event, R+274 ms"
Z:\raw_data\C000000012\VIS-014_SW_data_07-July-2026_11-41-37,C000000012,general,,,False,2026-09-29 12:42:32,September line (buffer 1),4.0,False,0.0,,,2.0,0.0,True,1.175414990545893,1.0,True,3.339484127825734,1.0,47.0,,NO VALID ECG: matched to buffer 4 (r 0.96),23.0,,NO VALID ECG: matched to buffer 1 (r 0.94),889.0,0.0800000005401671,NO VALID ECG (unusable: sparse) - R-peak +0 ms
Z:\raw_data\C000000012\VIS-014_SW_data_07-July-2026_11-41-37,C000000012,event,0.0,?,False,2026-09-29 12:51:44,September line of this event (buffer 1),4.0,False,0.0,,,2.0,0.0,True,0.26430323494047564,1.0,True,0.6521860470755276,1.0,61.0,,NO VALID ECG: matched to buffer 4 (r 0.97),5.0,,NO VALID ECG: matched to buffer 1 (r 0.95),57.0,61.565001224633306,"NO VALID ECG (unusable: sparse) - event, R+62 ms"
Z:\raw_data\C000000012\VIS-014_SW_data_07-July-2026_11-41-37,C000000012,event,1.0,?,False,2026-09-29 12:52:05,"general line as drawn (buffer 4, R-peak anatomy)",4.0,False,0.0,,,2.0,0.0,True,0.49837495924254277,1.0,True,0.6778632310429623,1.0,18.0,,NO VALID ECG: matched to buffer 4 (r 0.97),15.0,,NO VALID ECG: matched to buffer 1 (r 0.94),439.0,232.10202086670324,"NO VALID ECG (unusable: sparse) - event, R+232 ms"
Z:\raw_data\C000000012\VIS-014_SW_data_07-July-2026_11-41-37,C000000012,event,2.0,?,False,2026-09-29 12:52:23,September line of this event (buffer 1),4.0,False,0.0,,,2.0,0.0,True,0.7740871785529032,1.0,True,0.7609403918836225,1.0,45.0,,NO VALID ECG: matched to buffer 4 (r 0.96),23.0,,NO VALID ECG: matched to buffer 1 (r 0.94),708.0,43.5810332451947,"NO VALID ECG (unusable: sparse) - event, R+44 ms"
Z:\raw_data\C000000012\VIS-014_SW_data_07-July-2026_11-41-37,C000000012,event,3.0,?,False,2026-09-29 12:53:52,"general line as drawn (buffer 4, R-peak anatomy)",4.0,False,0.0,,,2.0,0.0,True,1.2086234980340254,1.0,True,1.2213999999999992,1.0,67.0,,NO VALID ECG: matched to buffer 4 (r 0.95),6.0,,NO VALID ECG: matched to buffer 1 (r 0.96),953.0,68.66001216927543,"NO VALID ECG (unusable: sparse) - event, R+69 ms"
Z:\raw_data\C000000013\VIS-016_SW_data_10-July-2026_10-11-11,C000000013,general,,,False,2026-09-29 12:44:34,September line (buffer 1),4.0,False,0.0,,,3.0,0.0,False,3.2322411419942068,1.0,False,7.503088390789488,0.3333333333333333,62.0,4.471999999834225,R-peak +4 ms,14.0,-15.594000000040978,R-peak -16 ms,632.0,-0.45699999993667006,R-peak -0 ms
Z:\raw_data\C000000013\VIS-016_SW_data_10-July-2026_10-11-11,C000000013,event,0.0,MVC,False,2026-09-29 12:55:02,September line of this event (buffer 1),4.0,False,0.0,,,2.0,0.0,True,1.8332646835631778,1.0,True,0.6557466888974738,1.0,65.0,38.49199999985285,R+38 ms (+2 vs event),15.0,23.826000000117347,R+24 ms (-13 vs event),34.0,36.725000207545236,"event, R+37 ms"
Z:\raw_data\C000000013\VIS-016_SW_data_10-July-2026_10-11-11,C000000013,event,1.0,AK,False,2026-09-29 12:56:19,September line of this event (buffer 1),4.0,False,0.0,,,2.0,0.0,False,2.2064,1.0,True,0.47443882640441476,1.0,41.0,480.8969999998808,R+481 ms (-4 vs event),27.0,496.8660000001546,R+497 ms (+12 vs event),449.0,484.92502487194724,"event, R+485 ms"
Z:\raw_data\C000000013\VIS-016_SW_data_10-July-2026_10-11-11,C000000013,event,2.0,MVC,False,2026-09-29 12:58:19,"general line as drawn (buffer 4, R-peak anatomy)",4.0,False,0.0,,,2.0,0.0,False,0.7609403918836245,1.0,False,2.944342782353984,0.0,65.0,38.49199999985285,R+38 ms (+2 vs event),15.0,23.826000000117347,R+24 ms (-13 vs event),667.0,36.80304066464305,"event, R+37 ms"
Z:\raw_data\C000000013\VIS-016_SW_data_10-July-2026_10-11-11,C000000013,event,3.0,AVC,False,2026-09-29 12:58:45,"general line as drawn (buffer 4, R-peak anatomy)",4.0,False,0.0,,,2.0,0.0,True,4.302544944564787,1.0,False,2.766429973811012,1.0,101.0,446.73199999984354,R+447 ms (+1 vs event),26.0,457.4459999999963,R+457 ms (+11 vs event),1046.0,446.1230374984443,"event, R+446 ms"
Z:\raw_data\C000000014\VIS-008_SW_data_10-July-2026_08-36-06,C000000014,general,,,False,2026-09-29 13:04:45,September line (buffer 1),4.0,False,0.0,,,2.0,0.0,True,0.7189825310812499,1.0,True,0.6604643518010659,1.0,105.0,,NO VALID ECG: matched to buffer 4 (r 0.97),19.0,,NO VALID ECG: matched to buffer 1 (r 0.97),962.0,0.4160000000265427,NO VALID ECG (unusable: fixed-rate) - R-peak +0 ms
Z:\raw_data\C000000014\VIS-008_SW_data_10-July-2026_08-36-06,C000000014,event,0.0,?,False,2026-09-29 13:22:43,September line of this event (buffer 1),4.0,False,0.0,,,2.0,0.0,True,0.23640000000000017,1.0,True,0.3567821744426143,1.0,17.0,,NO VALID ECG: matched to buffer 4 (r 0.97),20.0,,NO VALID ECG: matched to buffer 1 (r 0.97),50.0,54.0060014007031,"NO VALID ECG (unusable: fixed-rate) - event, R+54 ms"
Z:\raw_data\C000000014\VIS-008_SW_data_10-July-2026_08-36-06,C000000014,event,1.0,?,False,2026-09-29 13:23:06,September line of this event (buffer 1),4.0,False,0.0,,,2.0,0.0,True,0.3524043132539678,1.0,True,0.3567821744426143,1.0,67.0,,NO VALID ECG: matched to buffer 4 (r 0.97),2.0,,NO VALID ECG: matched to buffer 1 (r 0.96),577.0,623.1660046157776,"NO VALID ECG (unusable: fixed-rate) - event, R+623 ms"
Z:\raw_data\C000000014\VIS-008_SW_data_10-July-2026_08-36-06,C000000014,event,2.0,?,False,2026-09-29 13:27:02,September line of this event (buffer 1),4.0,False,0.0,,,2.0,0.0,True,0.14205872025328167,1.0,True,0.860508988912958,1.0,3.0,,NO VALID ECG: matched to buffer 4 (r 0.97),16.0,,NO VALID ECG: matched to buffer 1 (r 0.96),868.0,937.4460377273499,"NO VALID ECG (unusable: fixed-rate) - event, R+937 ms"
Z:\raw_data\C000000014\VIS-008_SW_data_10-July-2026_08-36-06,C000000014,event,3.0,?,False,2026-09-29 13:27:23,September line of this event (buffer 1),4.0,False,0.0,,,2.0,0.0,True,0.39596509947216324,1.0,True,0.5122,1.0,17.0,,NO VALID ECG: matched to buffer 4 (r 0.97),20.0,,NO VALID ECG: matched to buffer 1 (r 0.97),1013.0,54.95603620150359,"NO VALID ECG (unusable: fixed-rate) - event, R+55 ms"
Z:\raw_data\C000000015\VIS-017_SW_data_10-July-2026_10-53-28,C000000015,general,,,False,2026-09-29 13:05:15,September line (buffer 1),4.0,False,0.0,,,3.0,0.0,True,0.9472402440774982,1.0,False,10.927517372212227,0.6666666666666666,51.0,-2.8040000004693866,R-peak -3 ms,11.0,1.5150000005960464,R-peak +2 ms,593.0,0.4270000010728836,R-peak +0 ms
Z:\raw_data\C000000015\VIS-017_SW_data_10-July-2026_10-53-28,C000000015,event,0.0,MVC,False,2026-09-29 13:33:24,September line of this event (buffer 1),4.0,False,0.0,,,2.0,0.0,False,1.3991161352796964,1.0,True,7.336868225612342,0.6666666666666666,55.0,42.55599999986589,R+43 ms (-5 vs event),12.0,40.93500000052154,R+41 ms (-7 vs event),44.0,47.525000487454236,"event, R+48 ms"
Z:\raw_data\C000000015\VIS-017_SW_data_10-July-2026_10-53-28,C000000015,event,1.0,AK,False,2026-09-29 13:34:02,"general line as drawn (buffer 4, R-peak anatomy)",4.0,False,0.0,,,2.0,0.0,True,0.649801446597345,0.6666666666666666,True,0.7568492848645618,0.6666666666666666,29.0,460.27900000009686,R+460 ms (+3 vs event),4.0,454.63900000043213,R+455 ms (-2 vs event),423.0,456.8450084971264,"event, R+457 ms"
Z:\raw_data\C000000015\VIS-017_SW_data_10-July-2026_10-53-28,C000000015,event,2.0,MVC,False,2026-09-29 13:37:17,September line of this event (buffer 1),4.0,False,0.0,,,2.0,0.0,False,5.598267235493497,0.6666666666666666,False,7.205784987078092,1.0,56.0,53.89599999971688,R+54 ms (+4 vs event),12.0,40.93500000052154,R+41 ms (-9 vs event),639.0,49.567041371017694,"event, R+50 ms"
Z:\raw_data\C000000015\VIS-017_SW_data_10-July-2026_10-53-28,C000000015,event,3.0,AVC,False,2026-09-29 13:44:47,"general line as drawn (buffer 4, R-peak anatomy)",4.0,False,0.0,,,3.0,0.0,True,3.541838669391931,1.0,False,1.5955783904277474,0.6666666666666666,28.0,448.93899999931455,R+449 ms (+2 vs event),4.0,454.63900000043213,R+455 ms (+8 vs event),1007.0,447.00705764070153,"event, R+447 ms"
Z:\raw_data\C000000016\VIS-015_SW_data_10-July-2026_09-24-32,C000000016,general,,,False,2026-09-29 13:11:57,September line (buffer 1),4.0,False,0.0,,,2.0,0.0,True,0.9138761841737626,0.6666666666666666,True,1.4238617067679005,0.6666666666666666,83.0,2.7740000002086163,R-peak +3 ms,12.0,9.334000000264496,R-peak +9 ms,829.0,0.2859999998472631,R-peak +0 ms
Z:\raw_data\C000000016\VIS-015_SW_data_10-July-2026_09-24-32,C000000016,event,0.0,MVC,False,2026-09-29 13:45:50,"general line as drawn (buffer 4, R-peak anatomy)",4.0,False,0.0,,,2.0,0.0,True,0.05572001435750008,1.0,True,1.2827710629726572,0.6666666666666666,88.0,59.47399999992922,R+59 ms (+3 vs event),13.0,48.75400000018999,R+49 ms (-7 vs event),52.0,56.16500294674188,"event, R+56 ms"
Z:\raw_data\C000000016\VIS-015_SW_data_10-July-2026_09-24-32,C000000016,event,1.0,AVC,False,2026-09-29 13:46:48,September line of this event (buffer 1),4.0,False,0.0,,,2.0,0.0,True,0.14205872025328167,1.0,True,1.2863964241243835,1.0,38.0,389.5519999996759,R+390 ms (+1 vs event),22.0,403.53400000045076,R+404 ms (+15 vs event),360.0,388.80499518383294,"event, R+389 ms"
Z:\raw_data\C000000016\VIS-015_SW_data_10-July-2026_09-24-32,C000000016,event,2.0,MVC,False,2026-09-29 13:48:02,"general line as drawn (buffer 4, R-peak anatomy)",4.0,False,0.0,,,2.0,0.0,True,0.7770894671786531,0.6666666666666666,True,1.5223907120052982,0.6666666666666666,88.0,59.47399999992922,R+59 ms (+4 vs event),13.0,48.75400000018999,R+49 ms (-7 vs event),881.0,55.90603101346642,"event, R+56 ms"
Z:\raw_data\C000000016\VIS-015_SW_data_10-July-2026_09-24-32,C000000016,event,3.0,AVC,False,2026-09-29 13:49:36,"general line as drawn (buffer 4, R-peak anatomy)",4.0,False,0.0,,,2.0,0.0,False,1.9703939606078789,0.6666666666666666,False,1.6946580776073978,1.0,28.0,276.15199999976903,R+276 ms (-3 vs event),19.0,285.2740000002086,R+285 ms (+6 vs event),1088.0,279.4660066375509,"event, R+279 ms"
Z:\raw_data\C000000018\VIS-012_SW_data_07-July-2026_09-21-31,C000000018,general,,,False,2026-09-29 13:49:58,September line (buffer 1),4.0,False,0.0,,,2.0,0.0,True,1.9318057459278848,1.0,True,1.148697523284525,1.0,23.0,1.3059999998658895,R-peak +1 ms,22.0,-5.217999999877065,R-peak -5 ms,656.0,-0.03899999987334013,R-peak -0 ms
Z:\raw_data\C000000018\VIS-012_SW_data_07-July-2026_09-21-31,C000000018,event,0.0,MVC,False,2026-09-29 14:01:42,September line of this event (buffer 1),4.0,False,0.0,,,2.0,0.0,False,5.899089261911536,0.6666666666666666,True,0.7968156875965738,1.0,28.0,58.006000000052154,R+58 ms (+3 vs event),6.0,60.623000000137836,R+61 ms (+6 vs event),51.0,55.08500031102449,"event, R+55 ms"
Z:\raw_data\C000000018\VIS-012_SW_data_07-July-2026_09-21-31,C000000018,event,1.0,AVC,False,2026-09-29 14:02:01,September line of this event (buffer 1),4.0,False,0.0,,,2.0,0.0,False,4.430529562027547,0.3333333333333333,True,0.6686401722899992,1.0,62.0,443.56600000010803,R+444 ms (+1 vs event),16.0,454.8230000003241,R+455 ms (+12 vs event),410.0,442.8050152109936,"event, R+443 ms"
Z:\raw_data\C000000018\VIS-012_SW_data_07-July-2026_09-21-31,C000000018,event,2.0,MVC,False,2026-09-29 14:12:41,"general line as drawn (buffer 4, R-peak anatomy)",4.0,False,0.0,,,2.0,0.0,True,0.9747021698960138,1.0,True,1.04317034083605,1.0,89.0,48.68499999959022,R+49 ms (-4 vs event),6.0,60.623000000137836,R+61 ms (+8 vs event),705.0,52.34104396449402,"event, R+52 ms"
Z:\raw_data\C000000018\VIS-012_SW_data_07-July-2026_09-21-31,C000000018,event,3.0,AVC,False,2026-09-29 14:13:08,"general line as drawn (buffer 4, R-peak anatomy)",4.0,False,0.0,,,2.0,0.0,True,0.867694992494483,1.0,True,2.2099150571911124,1.0,54.0,352.84599999990314,R+353 ms (+6 vs event),31.0,349.56199999991804,R+350 ms (+2 vs event),978.0,347.1810817872174,"event, R+347 ms"
Z:\raw_data\C000000019\VIS-027_SW_data_21-July-2026_11-19-20,C000000019,general,,,False,2026-09-29 14:01:09,September line (buffer 1),4.0,False,0.0,,,3.0,0.0,True,0.30006146037103887,1.0,True,0.4793216873874992,1.0,31.0,-4.683999999891967,R-peak -5 ms,7.0,4.583999999798834,R-peak +5 ms,0.0,0.5449999999254942,R-peak +1 ms
Z:\raw_data\C000000019\VIS-027_SW_data_21-July-2026_11-19-20,C000000019,event,0.0,MVC,False,2026-09-29 14:16:11,"general line as drawn (buffer 4, R-peak anatomy)",4.0,False,0.0,,,3.0,0.0,True,0.26430323494047564,1.0,True,0.38804499739076465,1.0,36.0,52.0160000002943,R+52 ms (-2 vs event),8.0,44.00399999972433,R+44 ms (-10 vs event),50.0,54.00500140059739,"event, R+54 ms"
Z:\raw_data\C000000019\VIS-027_SW_data_21-July-2026_11-19-20,C000000019,event,1.0,other,False,2026-09-29 14:31:43,"general line as drawn (buffer 4, R-peak anatomy)",4.0,False,0.0,,,3.0,0.0,True,0.264303234940478,1.0,True,0.7850394384997493,1.0,51.0,222.11599999992177,R+222 ms (-4 vs event),13.0,241.10399999981746,R+241 ms (+15 vs event),209.0,225.7250032471493,"event, R+226 ms"
Z:\raw_data\C000000019\VIS-027_SW_data_21-July-2026_11-19-20,C000000019,event,2.0,AVC,False,2026-09-29 14:32:42,"general line as drawn (buffer 4, R-peak anatomy)",4.0,False,0.0,,,3.0,0.0,True,0.11144002871500065,1.0,True,0.21217549340109992,1.0,81.0,562.316000000108,R+562 ms (-0 vs event),21.0,556.4639999996871,R+556 ms (-6 vs event),521.0,562.6850060271099,"event, R+563 ms"
Z:\raw_data\C000000020\VIS-026_SW_data_21-July-2026_10-42-10,C000000020,general,,,False,2026-09-29 14:33:14,September line (buffer 1),4.0,False,0.0,,,3.0,0.0,False,5.355067345981749,0.6666666666666666,True,4.908424105555673,1.0,17.0,5.288000000058673,R-peak +5 ms,4.0,14.525000000023283,R-peak +15 ms,0.0,0.5450000000419095,R-peak +1 ms
Z:\raw_data\C000000020\VIS-026_SW_data_21-July-2026_10-42-10,C000000020,event,0.0,MVC,False,2026-09-29 14:35:48,September line of this event (buffer 1),4.0,False,0.0,,,3.0,0.0,True,2.6471405402811525,0.6666666666666666,True,3.5145595058271537,1.0,25.0,96.00800000003073,R+96 ms (+3 vs event),6.0,93.36499999999069,R+93 ms (+0 vs event),86.0,92.88500315428246,"event, R+93 ms"
Z:\raw_data\C000000020\VIS-026_SW_data_21-July-2026_10-42-10,C000000020,event,1.0,AVC,False,2026-09-29 14:36:12,September line of this event (buffer 1),4.0,False,0.0,,,2.0,0.0,True,0.8721561786744365,1.0,True,2.226710093388901,1.0,53.0,413.52800000004936,R+414 ms (-3 vs event),14.0,408.7249999999767,R+409 ms (-8 vs event),386.0,416.88501155853737,"event, R+417 ms"
Z:\raw_data\C000000020\VIS-026_SW_data_21-July-2026_10-42-10,C000000020,event,2.0,other,False,2026-09-29 14:36:31,September line of this event (buffer 1),4.0,False,0.0,,,3.0,0.0,True,0.8358002153624967,1.0,False,2.061640531227498,0.3333333333333333,73.0,640.3279999999795,R+640 ms (+3 vs event),20.0,645.2449999999953,R+645 ms (+8 vs event),590.0,637.2049979019212,"event, R+637 ms"
Z:\raw_data\C000000021\VIS-024_SW_data_17-July-2026_09-35-47,C000000021,general,,,False,2026-09-29 14:33:46,September line (buffer 1),4.0,False,0.0,,,2.0,0.0,True,0.7850394384997513,1.0,True,0.8283375640401676,1.0,50.0,,NO VALID ECG: matched to buffer 4 (r 0.95),16.0,,NO VALID ECG: matched to buffer 1 (r 0.96),665.0,0.18100000033155084,NO VALID ECG (warn: irregular at the block) - R-peak +0 ms
Z:\raw_data\C000000021\VIS-024_SW_data_17-July-2026_09-35-47,C000000021,event,0.0,MVC,False,2026-09-29 14:38:48,September line of this event (buffer 1),4.0,False,0.0,,,2.0,0.0,True,1.2730529604065965,1.0,True,2.531737435043373,1.0,58.0,,NO VALID ECG: matched to buffer 4 (r 0.96),30.0,,NO VALID ECG: matched to buffer 1 (r 0.96),69.0,74.52499932562932,"NO VALID ECG (warn: irregular at the block) - event, R+75 ms"
Z:\raw_data\C000000021\VIS-024_SW_data_17-July-2026_09-35-47,C000000021,event,1.0,AVC,False,2026-09-29 14:39:18,September line of this event (buffer 1),4.0,False,0.0,,,2.0,0.0,True,0.64138553148633,1.0,True,0.44922911748906147,1.0,91.0,,NO VALID ECG: matched to buffer 4 (r 0.95),3.0,,NO VALID ECG: matched to buffer 1 (r 0.94),364.0,393.12502062832937,"NO VALID ECG (warn: irregular at the block) - event, R+393 ms"
Z:\raw_data\C000000021\VIS-024_SW_data_17-July-2026_09-35-47,C000000021,event,2.0,MVC,False,2026-09-29 14:40:29,"general line as drawn (buffer 4, R-peak anatomy)",4.0,False,0.0,,,2.0,0.0,True,1.0167948465644363,1.0,True,1.0167948465644363,1.0,53.0,,NO VALID ECG: matched to buffer 4 (r 0.95),17.0,,NO VALID ECG: matched to buffer 1 (r 0.96),788.0,132.48100568400696,"NO VALID ECG (warn: irregular at the block) - event, R+132 ms"
Z:\raw_data\C000000021\VIS-024_SW_data_17-July-2026_09-35-47,C000000021,event,3.0,AVC,False,2026-09-29 14:50:57,"general line as drawn (buffer 4, R-peak anatomy)",4.0,False,0.0,,,2.0,0.0,True,1.1641349921722994,1.0,True,0.64138553148633,1.0,63.0,,NO VALID ECG: matched to buffer 4 (r 0.96),20.0,,NO VALID ECG: matched to buffer 1 (r 0.96),930.0,285.84101487742737,"NO VALID ECG (warn: irregular at the block) - event, R+286 ms"
Z:\raw_data\C000000022\VIS-023_SW_data_17-July-2026_08-48-06,C000000022,general,,,False,2026-09-29 14:52:00,September line (buffer 1),4.0,False,0.0,,,2.0,0.0,True,3.2086214360687677,1.0,True,1.6287980967572362,1.0,53.0,5.1830000000773,R-peak +5 ms,2.0,11.681999999796972,R-peak +12 ms,870.0,0.06400000001303852,R-peak +0 ms
Z:\raw_data\C000000022\VIS-023_SW_data_17-July-2026_08-48-06,C000000022,event,0.0,MVC,False,2026-09-29 14:57:15,September line of this event (buffer 1),4.0,False,0.0,,,2.0,0.0,True,0.865007236963945,1.0,True,1.290613141107744,1.0,64.0,129.923000000068,R+130 ms (-5 vs event),28.0,132.52399999985937,R+133 ms (-2 vs event),125.0,135.00600536435377,"event, R+135 ms"
Z:\raw_data\C000000022\VIS-023_SW_data_17-July-2026_08-48-06,C000000022,event,1.0,AVC,False,2026-09-29 14:57:40,September line of this event (buffer 1),4.0,False,0.0,,,2.0,0.0,True,2.3259352097597215,1.0,True,1.1587887641843977,0.6666666666666666,97.0,504.14300000004005,R+504 ms (+4 vs event),14.0,484.7219999998342,R+485 ms (-15 vs event),463.0,500.04599471658,"event, R+500 ms"
Z:\raw_data\C000000022\VIS-023_SW_data_17-July-2026_08-48-06,C000000022,event,2.0,AK,False,2026-09-29 14:58:19,September line of this event (buffer 1),4.0,False,0.0,,,2.0,0.0,True,5.7434876164226205,1.0,True,2.6611776190250813,1.0,42.0,799.5219999999972,R+800 ms (+4 vs event),22.0,800.0819999998203,R+800 ms (+4 vs event),737.0,795.9660090979887,"event, R+796 ms"
Z:\raw_data\C000000022\VIS-023_SW_data_17-July-2026_08-48-06,C000000022,event,3.0,MVC,False,2026-09-29 15:00:29,September line of this event (buffer 1),4.0,False,0.0,,,2.0,0.0,True,3.384732899358529,1.0,True,1.2614154747742705,1.0,54.0,16.523000000044703,R+17 ms (-4 vs event),25.0,14.263999999850057,R+14 ms (-6 vs event),889.0,20.044022296904586,"event, R+20 ms"
Z:\raw_data\C000000023\VIS-022_SW_data_14-July-2026_11-41-10,C000000023,general,,,False,2026-09-29 14:53:31,September line (buffer 1),4.0,False,0.0,,,2.0,0.0,False,2.8018359195356193,0.6666666666666666,True,3.458682720343108,1.0,41.0,-2.4780000001192093,R-peak -2 ms,2.0,9.53099999949336,R-peak +10 ms,796.0,-0.35099999979138374,R-peak -0 ms
Z:\raw_data\C000000023\VIS-022_SW_data_14-July-2026_11-41-10,C000000023,event,0.0,MVC,False,2026-09-29 15:00:58,September line of this event (buffer 1),4.0,False,0.0,,,3.0,0.0,True,2.073653105029863,1.0,True,2.9235755779524526,1.0,45.0,42.881999999750406,R+43 ms (+1 vs event),3.0,48.950999999418855,R+49 ms (+7 vs event),39.0,42.12500221049413,"event, R+42 ms"
Z:\raw_data\C000000023\VIS-022_SW_data_14-July-2026_11-41-10,C000000023,event,1.0,AVC,False,2026-09-29 15:01:47,September line of this event (buffer 1),4.0,False,0.0,,,3.0,0.0,True,1.1432791085294962,0.6666666666666666,False,2.828305337123274,0.3333333333333333,81.0,451.1219999999739,R+451 ms (-0 vs event),13.0,443.1509999996051,R+443 ms (-8 vs event),418.0,451.445006494876,"event, R+451 ms"
Z:\raw_data\C000000023\VIS-022_SW_data_14-July-2026_11-41-10,C000000023,event,2.0,MVC,False,2026-09-29 15:12:59,September line of this event (buffer 1),4.0,False,0.0,,,3.0,0.0,True,2.595021710891836,1.0,True,2.9413096198802315,1.0,42.0,8.861999999731779,R+9 ms (-5 vs event),23.0,9.776999999769032,R+10 ms (-4 vs event),810.0,14.22902641678229,"event, R+14 ms"
Z:\raw_data\C000000023\VIS-022_SW_data_14-July-2026_11-41-10,C000000023,event,3.0,AVC,False,2026-09-29 15:13:20,"general line as drawn (buffer 4, R-peak anatomy)",4.0,False,0.0,,,3.0,0.0,False,2.3603855701982255,0.3333333333333333,False,5.247452875443475,0.3333333333333333,65.0,269.6820000000298,R+270 ms (-3 vs event),9.0,285.4709999994375,R+285 ms (+13 vs event),1049.0,272.34902677917853,"event, R+272 ms"
Z:\raw_data\C000000025\VIS-025_SW_data_21-July-2026_09-53-09,C000000025,general,,,False,2026-09-29 15:33:25,September line (buffer 1),4.0,False,0.0,,,2.0,0.0,True,1.5999505117346606,1.0,False,2.5265201998005082,1.0,69.0,2.03899999987334,R-peak +2 ms,9.0,-7.481000000145286,R-peak -7 ms,773.0,0.3130000000819564,R-peak +0 ms
Z:\raw_data\C000000025\VIS-025_SW_data_21-July-2026_09-53-09,C000000025,event,0.0,MVC,False,2026-09-29 15:37:56,September line of this event (buffer 1),4.0,False,0.0,,,2.0,0.0,True,0.43518722407717836,1.0,False,10.365869692408834,0.6666666666666666,74.0,58.739000000059605,R+59 ms (+1 vs event),11.0,71.35900000017136,R+71 ms (+14 vs event),53.0,57.246001857332885,"event, R+57 ms"
Z:\raw_data\C000000025\VIS-025_SW_data_21-July-2026_09-53-09,C000000025,event,1.0,AVC,False,2026-09-29 15:38:23,September line of this event (buffer 1),4.0,False,0.0,,,3.0,0.0,True,0.4744388264044143,1.0,True,0.9529588658488882,1.0,100.0,353.5789999999106,R+354 ms (-2 vs event),18.0,347.2990000001155,R+347 ms (-8 vs event),329.0,355.32600660901517,"event, R+355 ms"
Z:\raw_data\C000000025\VIS-025_SW_data_21-July-2026_09-53-09,C000000025,event,2.0,MVC,False,2026-09-29 15:39:16,September line of this event (buffer 1),4.0,False,0.0,,,2.0,0.0,True,0.37378121943190296,1.0,True,1.6571435785712716,1.0,72.0,36.05899999989197,R+36 ms (-3 vs event),10.0,31.93900000024587,R+32 ms (-7 vs event),809.0,38.65304985828698,"event, R+39 ms"
Z:\raw_data\C000000025\VIS-025_SW_data_21-July-2026_09-53-09,C000000025,event,3.0,AVC,False,2026-09-29 15:43:22,"general line as drawn (buffer 4, R-peak anatomy)",4.0,False,0.0,,,3.0,0.0,True,0.7650096208545356,1.0,False,1.769932902683037,0.6666666666666666,21.0,312.7880000001751,R+313 ms (+2 vs event),17.0,307.87900000019,R+308 ms (-3 vs event),1061.0,310.81298390217125,"event, R+311 ms"
Z:\raw_data\C000000026\VIS-020_SW_data_14-July-2026_10-03-40,C000000026,general,,,False,2026-09-29 15:33:43,September line (buffer 1),4.0,False,0.0,,,2.0,0.0,True,2.619729673076976,1.0,True,1.7015144430771085,1.0,75.0,-1.7169999999459833,R-peak -2 ms,11.0,-0.08999999985098839,R-peak -0 ms,828.0,-0.2949999999254942,R-peak -0 ms
Z:\raw_data\C000000026\VIS-020_SW_data_14-July-2026_10-03-40,C000000026,event,0.0,MVC,False,2026-09-29 15:48:00,"general line as drawn (buffer 4, R-peak anatomy)",4.0,False,0.0,,,3.0,0.0,True,1.6401950737640945,1.0,True,1.5044403876524992,1.0,12.0,132.93800000008196,R+133 ms (+1 vs event),14.0,118.1699999999255,R+118 ms (-14 vs event),122.0,131.76500118267722,"event, R+132 ms"
Z:\raw_data\C000000026\VIS-020_SW_data_14-July-2026_10-03-40,C000000026,event,1.0,AVC,False,2026-09-29 15:52:11,September line of this event (buffer 1),4.0,False,0.0,,,2.0,0.0,True,2.365312968721054,1.0,False,1.7571693259330423,1.0,45.0,507.158000000054,R+507 ms (+4 vs event),2.0,503.20500000030734,R+503 ms (-0 vs event),466.0,503.28498399746604,"event, R+503 ms"
Z:\raw_data\C000000026\VIS-020_SW_data_14-July-2026_10-03-40,C000000026,event,2.0,MVC,False,2026-09-29 15:55:07,"general line as drawn (buffer 4, R-peak anatomy)",4.0,False,0.0,,,2.0,0.0,True,2.1443158162919946,1.0,True,1.588264776414815,1.0,76.0,9.623000000137836,R+10 ms (-4 vs event),11.0,-0.08999999985098839,R+-0 ms (-13 vs event),841.0,13.20501499180682,"event, R+13 ms"
Z:\raw_data\C000000026\VIS-020_SW_data_14-July-2026_10-03-40,C000000026,event,3.0,AVC,False,2026-09-29 15:55:31,"general line as drawn (buffer 4, R-peak anatomy)",4.0,False,0.0,,,2.0,0.0,True,3.426894133176569,1.0,True,2.7582814142142955,0.6666666666666666,25.0,280.35800000000745,R+280 ms (+5 vs event),18.0,275.85000000009313,R+276 ms (+0 vs event),1084.0,275.64498119358905,"event, R+276 ms"
Z:\raw_data\C000000027\VIS-019_SW_data_14-July-2026_09-20-26,C000000027,general,,,False,2026-09-29 15:34:01,September line (buffer 1),4.0,False,0.0,,,2.0,0.0,True,1.0045068441777796,1.0,True,1.3291296701225197,1.0,21.0,1.3070000000298023,R-peak +1 ms,14.0,13.466000000014901,R-peak +13 ms,829.0,0.2869999995455146,R-peak +0 ms
Z:\raw_data\C000000027\VIS-019_SW_data_14-July-2026_09-20-26,C000000027,event,0.0,MVC,False,2026-09-29 15:58:47,September line of this event (buffer 1),1.0,True,0.0,True,0.7189825310812499,2.0,0.7091999999999992,,,,True,0.5487784981210553,1.0,26.0,58.006999999750406,R+58 ms (+2 vs event),15.0,52.885999999940395,R+53 ms (-3 vs event),52.0,56.16500294674188,"event, R+56 ms"
Z:\raw_data\C000000027\VIS-019_SW_data_14-July-2026_09-20-26,C000000027,event,1.0,AVC,False,2026-09-29 15:59:00,September line of this event (buffer 1),1.0,True,0.0,True,0.12459373981063418,3.0,0.11820000000000164,,,,True,0.8358002153625,1.0,62.0,466.2469999999739,R+466 ms (+1 vs event),0.0,464.6720000002533,R+465 ms (-1 vs event),431.0,465.48499978054315,"event, R+465 ms"
Z:\raw_data\C000000027\VIS-019_SW_data_14-July-2026_09-20-26,C000000027,event,2.0,MVC,False,2026-09-29 15:59:11,September line of this event (buffer 1),1.0,True,0.0,True,0.7265001032346801,2.0,0.7091999999999992,,,,True,0.5487784981210553,1.0,26.0,58.006999999750406,R+58 ms (+3 vs event),15.0,52.885999999940395,R+53 ms (-2 vs event),880.0,54.82699484983459,"event, R+55 ms"
Z:\raw_data\C000000027\VIS-019_SW_data_14-July-2026_09-20-26,C000000027,event,3.0,AVC,False,2026-09-29 15:59:32,"general line as drawn (buffer 4, R-peak anatomy)",4.0,False,0.0,,,3.0,0.0,True,0.23966084369374968,1.0,True,0.5736726592753051,1.0,46.0,284.8070000000298,R+285 ms (-4 vs event),21.0,289.405999999959,R+289 ms (+0 vs event),1097.0,289.1869744793512,"event, R+289 ms"
Z:\raw_data\C000000028\VIS-018_SW_data_14-July-2026_08-30-41,C000000028,general,,,False,2026-09-29 15:34:28,September line (buffer 1),4.0,False,0.0,,,2.0,0.0,True,4.959081277817496,0.6666666666666666,False,2.149738523634909,1.0,85.0,-0.629999999946449,R-peak -1 ms,30.0,-17.15799999999581,R-peak -17 ms,1025.0,0.45099999994272366,R-peak +0 ms
Z:\raw_data\C000000028\VIS-018_SW_data_14-July-2026_08-30-41,C000000028,event,0.0,MVC,False,2026-09-29 16:07:36,September line of this event (buffer 1),1.0,True,0.0,True,2.509875869440557,2.0,1.8517999999999972,,,,True,2.215177184786807,1.0,89.0,44.73000000003958,R+45 ms (-4 vs event),5.0,60.93499999999767,R+61 ms (+12 vs event),45.0,48.605999397987034,"event, R+49 ms"
Z:\raw_data\C000000028\VIS-018_SW_data_14-July-2026_08-30-41,C000000028,event,1.0,AVC,False,2026-09-29 16:08:14,"general line as drawn (buffer 4, R-peak anatomy)",4.0,False,0.0,,,2.0,0.0,False,1.839604522716769,0.6666666666666666,True,2.874040285034293,1.0,24.0,353.71999999997206,R+354 ms (-5 vs event),13.0,376.2950000000419,R+376 ms (+18 vs event),332.0,358.56599588965764,"event, R+359 ms"
Z:\raw_data\C000000028\VIS-018_SW_data_14-July-2026_08-30-41,C000000028,event,2.0,AVC,False,2026-09-29 16:38:13,"general line as drawn (buffer 4, R-peak anatomy)",4.0,False,0.0,,,2.0,0.0,True,2.805158255785223,1.0,True,1.7943228917895495,0.6666666666666666,39.0,523.820000000007,R+524 ms (-5 vs event),17.0,533.9750000000349,R+534 ms (+5 vs event),490.0,529.2060174522339,"event, R+529 ms"
Z:\raw_data\C000000028\VIS-018_SW_data_14-July-2026_08-30-41,C000000028,event,3.0,MVC,False,2026-09-29 16:38:37,September line of this event (buffer 1),1.0,True,0.0,False,3.262595978664843,2.0,2.4033999999999995,,,,True,1.7943228917895455,1.0,90.0,56.070000000006985,R+56 ms (+5 vs event),5.0,60.93499999999767,R+61 ms (+10 vs event),1072.0,50.671024070703425,"event, R+51 ms"
Z:\raw_data\C000000029\VIS-031_SW_data_24-July-2026_11-11-50,C000000029,general,,,False,2026-09-29 15:34:54,September line (buffer 1),4.0,False,0.0,,,3.0,0.0,True,3.2329614720871636,0.6666666666666666,True,3.947085628663255,0.6666666666666666,38.0,-0.659999999916181,R-peak -1 ms,22.0,7.294999999925494,R-peak +7 ms,815.0,0.16700000001583248,R-peak +0 ms
Z:\raw_data\C000000029\VIS-031_SW_data_24-July-2026_11-11-50,C000000029,event,0.0,MVC,False,2026-09-29 16:40:25,September line of this event (buffer 1),1.0,True,0.0,True,0.22973950465690574,3.0,0.19700000000000006,,,,True,0.7102936012664074,1.0,47.0,101.40000000002328,R+101 ms (+2 vs event),3.0,108.38799999991897,R+108 ms (+9 vs event),92.0,99.36500406742562,"event, R+99 ms"
Z:\raw_data\C000000029\VIS-031_SW_data_24-July-2026_11-11-50,C000000029,event,1.0,AVC,False,2026-09-29 16:41:08,September line of this event (buffer 1),4.0,False,0.0,,,3.0,0.0,True,0.3000614603710349,1.0,True,0.8226961529021525,1.0,69.0,350.88000000000466,R+351 ms (+2 vs event),9.0,344.9079999999376,R+345 ms (-4 vs event),323.0,348.8449982452439,"event, R+349 ms"
Z:\raw_data\C000000029\VIS-031_SW_data_24-July-2026_11-11-50,C000000029,event,2.0,MVC,False,2026-09-29 16:45:43,"general line as drawn (buffer 4, R-peak anatomy)",4.0,False,0.0,,,3.0,0.0,True,2.7998960694997233,0.6666666666666666,True,3.863008760021132,0.6666666666666666,42.0,44.70000000006985,R+45 ms (-2 vs event),23.0,46.714999999967404,R+47 ms (-0 vs event),859.0,47.14701028063428,"event, R+47 ms"
Z:\raw_data\C000000029\VIS-031_SW_data_24-July-2026_11-11-50,C000000029,event,3.0,AVC,False,2026-09-29 16:46:48,"general line as drawn (buffer 4, R-peak anatomy)",4.0,False,0.0,,,3.0,0.0,True,1.9406249921095011,1.0,True,2.8370735979174033,1.0,63.0,282.8400000000838,R+283 ms (+5 vs event),29.0,283.23499999998603,R+283 ms (+5 vs event),1073.0,278.26706023409497,"event, R+278 ms"
Z:\raw_data\C000000030\VIS-029_SW_data_24-July-2026_09-36-27,C000000030,general,,,False,2026-09-29 15:35:17,September line (buffer 1),4.0,False,0.0,,,2.0,0.0,True,1.8784339967110897,1.0,True,1.115096569809091,1.0,54.0,,NO VALID ECG: matched to buffer 4 (r 0.96),20.0,,NO VALID ECG: matched to buffer 1 (r 0.96),773.0,-0.1869999999180436,NO VALID ECG (warn: irregular at the block) - R-peak -0 ms
Z:\raw_data\C000000030\VIS-029_SW_data_24-July-2026_09-36-27,C000000030,event,0.0,MVC,False,2026-09-29 16:47:48,September line of this event (buffer 1),1.0,True,0.0,True,0.14205872025328264,2.0,0.11820000000000164,,,,True,0.3077238372307247,1.0,64.0,,NO VALID ECG: matched to buffer 4 (r 0.96),22.0,,NO VALID ECG: matched to buffer 1 (r 0.97),43.0,46.4450015774928,"NO VALID ECG (warn: irregular at the block) - event, R+46 ms"
Z:\raw_data\C000000030\VIS-029_SW_data_24-July-2026_09-36-27,C000000030,event,1.0,AVC,False,2026-09-29 16:48:10,"general line as drawn (buffer 4, R-peak anatomy)",4.0,False,0.0,,,2.0,0.0,True,0.039400000000000546,1.0,True,0.31765295528296,1.0,95.0,,NO VALID ECG: matched to buffer 4 (r 0.96),11.0,,NO VALID ECG: matched to buffer 1 (r 0.96),392.0,423.3650199226104,"NO VALID ECG (warn: irregular at the block) - event, R+423 ms"
Z:\raw_data\C000000030\VIS-029_SW_data_24-July-2026_09-36-27,C000000030,event,2.0,MVC,True,,,,,,,,,,,,,,,,,,,,,,,,
Z:\raw_data\C000000030\VIS-029_SW_data_24-July-2026_09-36-27,C000000030,event,3.0,AVC,True,,,,,,,,,,,,,,,,,,,,,,,,
Z:\raw_data\C000000031\VIS-032_SW_data_24-July-2026_11-57-06,C000000031,general,,,False,2026-09-29 15:37:37,September line (buffer 1),4.0,False,0.0,,,2.0,0.0,True,4.56019896057179,1.0,True,3.716988566030296,1.0,67.0,1.8279999997466803,R-peak +2 ms,29.0,-9.976999999955297,R-peak -10 ms,846.0,-0.35499999998137355,R-peak -0 ms
Z:\raw_data\C000000031\VIS-032_SW_data_24-July-2026_11-57-06,C000000031,event,0.0,MVC,True,,,,,,,,,,,,,,,,,,,,,,,,
Z:\raw_data\C000000031\VIS-032_SW_data_24-July-2026_11-57-06,C000000031,event,1.0,AVC,True,,,,,,,,,,,,,,,,,,,,,,,,
Z:\raw_data\C000000031\VIS-032_SW_data_24-July-2026_11-57-06,C000000031,event,2.0,other,True,,,,,,,,,,,,,,,,,,,,,,,,
Z:\raw_data\C000000031\VIS-032_SW_data_24-July-2026_11-57-06,C000000031,event,3.0,MVC,True,,,,,,,,,,,,,,,,,,,,,,,,
