subject,window,label,confidence,c_hand,c_peak,dp_s_per_m,c_slow,c_fast,L_mm,delay_ms,peak_score
C000000001,0,MVC,3.0,4.2660550458715605,-7.806925498426024,0.23499999999999996,-7.962328767123285,inf,35.87311578454509,8.408966925839602,1.8147062156377458
C000000001,2,MVC,2.0,8.518018018018019,8.170054654252446,0.35000000000000003,6.353312726784033,inf,37.19222521228705,4.366300368655592,2.2137807307437973
C000000002,0,MVC,2.0,5.615141955835963,3.9511653718091004,0.10249999999999992,3.4119225608587316,5.246868091378039,36.60833413611691,6.519574113005089,2.387595553943652
C000000002,1,AVC,2.0,6.3799283154121875,3.3985680190930783,0.15749999999999997,2.4891623549153965,4.094307073030477,19.079585487882593,2.9905642422018213,3.559145339494203
C000000003,1,AVC,3.0,4.529262086513995,3.8345540715208957,0.010000000000000009,3.7624180934263363,3.909510213046343,20.276048591158833,4.476678144003046,2.3479011867235613
C000000004,0,MVC,3.0,4.173913043478262,3.034134007585335,0.07999999999999996,2.502606882168926,3.1290743155149934,22.774073417810246,5.456288423017037,2.514362299951947
C000000004,2,MVC,3.0,4.885892116182573,3.45219335214571,0.10499999999999995,2.859831810316039,4.087122526900382,23.113394300689013,4.7306395129223375,2.6150476750854432
C000000005,0,?,3.0,6.173913043478262,4.049044767607641,0.08250000000000005,3.035160842150261,4.049044767607641,21.29097896979079,3.4485388472196346,3.7211946618698892
C000000007,3,?,2.0,9.52,4.254558455488023,0.5275000000000001,2.5154573799080477,inf,35.37762775695552,3.716137369428101,2.356532788799916
C000000008,0,MVC,2.0,8.620000000000001,-6.006340800613176,0.007500000000000007,-6.289675300985042,inf,34.24239978395356,3.972436169832199,2.22039425264139
C000000008,1,AVC,2.0,2.6475409836065578,3.0749458552490667,0.13249999999999995,2.6129515026493553,3.996659139419062,24.53249571273459,9.266143891497274,2.234633164365344
C000000008,3,MVC,3.0,4.115141955835963,4.115141955835963,0.10999999999999996,3.300275760872315,5.1812133849667354,24.69549201832535,6.001127611965607,2.0465661510746824
C000000010,0,MVC,2.0,1.9568106312292366,2.3472213919939433,0.30000000000000004,2.1006829894609202,5.680667406085745,32.85429001398349,16.789713572511083,1.629697352919128
C000000010,1,AVC,2.0,2.6445783132530125,3.2192421214732256,0.1175,2.7349894868000932,4.030111080510419,27.845404313052317,10.529241722019782,2.1926182177089193
C000000010,2,MVC,2.0,1.514084507042254,1.7842323651452288,0.5325000000000001,1.4859611231101515,7.119205298013256,33.138620855031164,21.886903076346158,1.391207458527911
C000000011,1,AVC,3.0,8.268472906403941,-3.9360984904001177,0.037500000000000006,-4.513476903219735,inf,25.454680896136114,3.0785226225294196,2.35395457023614
C000000011,2,MVC,2.0,2.2953091684434974,2.3631100196194113,0.2875000000000001,1.9205980347991312,4.288695115210128,32.255207821898246,14.052663695745725,1.9538260300974386
C000000012,0,?,3.0,3.4568106312292364,4.612886600794677,0.044999999999999984,4.3143616828291105,5.353777680587089,38.02008299900981,10.998601617205143,2.073962211393452
C000000012,2,?,3.0,1.2544045102184638,1.2908372312266578,0.54,0.9414502565187496,1.9150080688542224,30.061458230919914,23.96472428633447,2.5207315232812197
C000000013,0,MVC,3.0,3.529262086513995,-4.4119986003753535,0.10249999999999998,-5.150533341998013,inf,23.33387713546422,6.611545576234634,1.9420124462381685
C000000013,2,MVC,3.0,2.125368731563422,2.364029349399765,0.3475,1.3689130393479378,2.61092111521301,28.697155121124915,13.502200674616716,2.7835062758092928
C000000014,0,?,3.0,5.320388349514563,4.927171372055386,0.030000000000000027,4.927171372055386,5.781810508546108,29.026136437055264,5.455642432512212,2.345609064076577
C000000014,1,?,2.0,2.67,3.154257361410555,0.050000000000000044,2.967078760939019,3.483934105366172,27.947389017848383,10.467186898070555,1.0559125930348845
C000000014,2,?,2.0,3.2300000000000004,2.76168693756279,0.335,1.717925193133618,4.04698512137823,39.37759863391754,12.19120700740481,1.2717922081211568
C000000014,3,?,3.0,3.2010622154779975,4.653407195188868,0.355,1.86952124259575,5.5587579423768005,29.799610960656036,9.309288278299277,3.0869527460639037
C000000015,0,MVC,3.0,5.0,5.8823529411764675,0.32500000000000007,5.8823529411764675,inf,35.409929114146784,7.081985822829356,2.1654150186929684
C000000015,2,MVC,3.0,3.797619047619049,5.607805221060034,0.025000000000000022,5.607805221060034,6.5221836025352715,34.88656310519139,9.18643041014444,2.3851161457089662
C000000016,0,MVC,3.0,2.5538020086083217,2.7279693486590038,0.3125,1.6284707927359225,3.315946348733234,29.085032419728748,11.388914380084795,2.8315713755716776
C000000016,1,AVC,3.0,6.846153846153847,3.9437243824083295,0.13249999999999998,2.713207834768691,4.236078058067585,22.210619350916573,3.2442477703586006,3.4452503621085104
C000000016,2,MVC,3.0,2.2753687315634217,2.3419795701108024,0.32250000000000006,1.6750721585623498,3.643130489816497,29.085032419728748,12.782557840523816,3.1045807988663494
C000000018,0,MVC,2.0,2.210000000000001,1.8099918099918102,0.1875,1.6736718542920979,2.4390916866705306,36.20149789823607,16.38076827974482,1.2482536070539016
C000000018,2,MVC,2.0,3.25,3.387622149837133,0.08750000000000002,2.613065326633165,3.387622149837133,28.934513516721417,8.902927235914282,2.160371254712532
C000000018,3,AVC,3.0,3.0531732418524875,4.166179052077239,0.02250000000000002,4.123233727125318,4.544874249968084,26.691147907473187,8.742100691043184,2.7224190839001476
C000000019,0,MVC,3.0,3.384030418250951,4.385856843661452,0.05250000000000005,4.24618320610687,5.464313123561014,29.50382224359803,8.718545224793575,2.155114080544635
C000000020,0,MVC,3.0,2.2976190476190483,2.8552407722464688,0.29749999999999993,2.3796313420874182,8.14775725593668,51.60009307406784,22.458071597003613,2.833040674830235
C000000020,1,AVC,3.0,6.3799283154121875,6.088592440567811,0.07000000000000006,4.83695652173913,7.31306491372227,41.73125933098789,6.54102323221664,2.617349245686172
C000000021,0,MVC,3.0,3.26605504587156,4.735301942005853,0.020000000000000018,4.735301942005853,5.230678812812225,36.23177299380899,11.093436113272976,2.1910397499260075
C000000021,1,AVC,3.0,3.1560283687943267,3.5796882855706387,0.040000000000000036,3.5796882855706387,4.177913390447132,28.40957393524716,9.001685224426625,3.2949927432265245
C000000021,2,MVC,2.0,1.860742705570292,2.2731415285783148,0.355,2.0836814180320875,8.005135154411246,35.32430382577431,18.983980815847346,0.824489165809261
C000000022,2,AK,3.0,1.9126272912423627,1.6055461523995145,0.6824999999999999,0.8905980312197714,2.270967180280238,20.804771366015146,10.877587840180423,1.58061995579092
C000000022,3,MVC,3.0,7.268472906403941,-3.6708089213966746,0.7050000000000001,3.19917608477654,inf,20.108172857803815,2.7664920976849707,2.3434253132974425
C000000023,0,MVC,3.0,1.8027166882276844,2.0419901160937686,0.4375,1.3382969247262002,3.228740073101363,36.967133295275104,20.506346635986834,1.578703953655393
C000000023,1,AVC,3.0,4.8799283154121875,5.8850862879434604,0.155,3.2528677619063266,6.56077389664914,33.720626922597575,6.91006603849043,2.964103585407129
C000000023,2,MVC,3.0,2.625368731563422,2.3758675920982384,0.34249999999999997,1.6170792641380878,3.62451639177357,42.29206145856446,16.108998690397023,2.424546442289884
C000000025,0,MVC,3.0,3.955555555555556,4.591178746453442,0.1875,2.814451735315045,5.959156344158019,27.32350540644537,6.907627771292368,2.7067868307205534
C000000025,1,AVC,3.0,3.384030418250951,3.7312650665548683,0.23750000000000004,2.1833793314934065,4.535031847133758,30.21366469372229,8.928307656684225,3.2612492159803064
C000000025,2,MVC,3.0,3.7953091684434974,4.577012085368989,0.1925,2.6774969915764144,5.525376377463917,29.00687859174592,7.642823628948783,2.614125681141194
C000000025,3,AVC,2.0,2.360742705570292,2.403294403564437,0.4575000000000001,1.4314435062324085,4.147733892578353,30.773873411924285,13.035674467747702,2.710547832240711
C000000026,2,MVC,3.0,1.9010622154779977,1.6848583309573897,0.5125,1.2033379950514071,3.1395034131574477,31.326217810153732,16.478270703138012,1.58027920434373
C000000027,0,MVC,3.0,2.7560283687943263,3.5670847848137295,0.56,1.453824426195776,7.822218643692508,37.62039571228851,13.650220780835513,2.4606705593526366
C000000027,1,AVC,3.0,3.916344605475041,4.487521758474532,0.39249999999999996,1.8006982004494247,6.140991824278322,38.31975696802947,9.784572306139388,1.7717830712708853
C000000027,2,MVC,3.0,3.1560283687943267,2.9686457638425616,0.5,1.5640789069021572,7.1759725861721435,37.62039571228851,11.92017032681501,2.598702156908139
C000000028,0,MVC,3.0,4.268472906403941,6.4818970676241765,0.5525,5.354012033396924,inf,35.81731013436332,8.391129783353437,1.6451723538514182
C000000028,1,AVC,3.0,3.955555555555556,2.562072688017272,0.29500000000000004,1.7012329159896777,3.4151957022256334,17.516736953598063,4.4283885556849025,2.946605553840931
C000000028,3,MVC,3.0,3.7953091684434974,6.116838487972509,0.52,5.450091855480711,inf,35.817310134363325,9.43725755787438,1.610113285579725
C000000029,1,AVC,2.0,12.0,-3.260869565217391,0.21749999999999997,-3.3426183844011144,inf,21.413068195400594,1.7844223496167164,1.3133594420689942
C000000030,0,MVC,2.0,4.73,-3.9049761614827356,0.18750000000000003,-4.973058220528322,inf,27.10378949052601,5.73018805296533,1.3452938336935913
