folder,subject,window,label,expect,t_peak_ms,score,phase_ms,rr_ms,hr_bpm,qs2_ms,ecg_status,ecg_quality,line_skipped,pos_in_search,mline_length_mm,auto_displacement gauss,sem_displacement gauss,auto_velocity median,sem_velocity median,auto_velocity gauss,sem_velocity gauss,auto_Keijzer velocity,sem_Keijzer velocity,auto_acceleration,sem_acceleration,slope_skipped,confidence,speed_m_s,speed_disp_m_s,unlinked,anchor_view,slope_time,disp_flat,disp_burst,disp_track_best,disp_track,vel_flat,vel_burst,vel_track_best,vel_track
Z:\raw_data\C000000001\SWE_01_SW_data_21-April-2026_12-12-54,C000000001,0,MVC,MVC,49.68000203371048,0.00044332602452302593,49.7,712.0,84.3,369.0,ok,clean,False,0.33133333333333337,35.87311578454509,3.26605504587156,0.9260248187682062,3.26605504587156,0.7277519760836537,3.26605504587156,0.7365188331319931,2.7010622154779975,0.6356525731174462,3.955555555555556,0.7681075922858531,False,3.0,4.2660550458715605,4.2660550458715605,False,velocity gauss,2026-09-29 10:38:37,0.8683605912458322,2.474092847832123,1.6888270688835583,0.88162289780212,0.5348669708739056,2.331619427154046,2.1122381829006893,1.5059106073378226
Z:\raw_data\C000000001\SWE_01_SW_data_21-April-2026_12-12-54,C000000001,1,AVC,AVC,440.64000248908997,0.0005940047912240283,440.6,712.0,84.3,369.0,ok,clean,False,0.7983333333333335,30.329614197516925,-5.615141955835963,0.8528858002739325,-3.384030418250951,0.4510724077393072,-6.846153846153847,0.5430104448206555,-4.529262086513995,0.44706919478334517,-2.486033519553073,0.3281706811623295,False,0.0,,,False,,2026-09-29 10:38:55,0.8447993362587309,1.2856925243172677,1.6767657868611958,,0.5349327128120273,1.0817153759039146,1.7083382927736257,
Z:\raw_data\C000000001\SWE_01_SW_data_21-April-2026_12-12-54,C000000001,2,MVC,MVC,787.3200178146362,0.0003464070706782759,92.3,712.0,84.3,369.0,ok,clean,False,0.6153333333333333,37.19222521228705,10.787878787878787,0.9257180214516408,8.018018018018019,0.7727288043678158,8.018018018018019,0.7914934880374977,8.018018018018019,0.6655435058459623,5.615141955835963,0.6381697186445158,False,2.0,8.518018018018019,8.518018018018019,False,velocity median,2026-09-29 10:57:36,0.9183472034183674,3.0456468939371235,1.8165236030054026,,0.763668376302299,0.7555099141112245,2.7009546331351775,
Z:\raw_data\C000000001\SWE_01_SW_data_21-April-2026_12-12-54,C000000001,3,AVC,AVC,945.0000524520874,7.954415707221481e-05,250.0,712.0,84.3,369.0,ok,clean,False,0.004166666666666667,30.12364972985725,-20.0,0.9253493165894231,-2.3027166882276844,0.24362804185900122,-1.9646799116997795,0.3885988779254213,-4.529262086513995,0.562496333245276,-1.0,0.1708720487914846,False,0.0,,,False,,2026-09-29 10:57:53,0.9026468677718444,0.9836064817828433,1.8561758775045545,,0.2537595226642034,0.5899239992012524,3.0856913537849064,
Z:\raw_data\C000000002\SWE02_SW_data_28-April-2026_10-09-45,C000000002,0,MVC,MVC,64.80000168085098,0.00031910407772834645,64.8,1173.0,51.2,438.6,corrected,extra triggers,False,0.432,36.60833413611691,16.48148148148148,0.9000479390728305,5.615141955835963,0.6184981591514981,5.615141955835963,0.6801945773620018,6.3799283154121875,0.6695977803143741,5.014084507042254,0.5862148579974251,False,2.0,5.615141955835963,5.615141955835963,False,velocity median,2026-09-29 10:59:56,0.8946400277324132,2.2004680882853167,2.0821321122789533,1.5159275247187138,0.6167828285943271,2.379726981896698,2.10772550564982,2.055485873418551
Z:\raw_data\C000000002\SWE02_SW_data_28-April-2026_10-09-45,C000000002,1,AVC,AVC,400.6800055503845,0.0001545233289726338,400.7,1173.0,51.2,438.6,corrected,extra triggers,False,0.3420833333333332,19.079585487882593,3.955555555555556,0.9589887260165156,6.3799283154121875,0.860155227868917,6.3799283154121875,0.9157183218155965,5.297619047619048,0.9587804918529215,7.385892116182573,0.6658612105458295,False,2.0,6.3799283154121875,6.3799283154121875,False,velocity median,2026-09-29 11:00:16,0.9301899987684908,3.019119182087738,2.8053255947035076,,0.8714657656088601,2.944294787241118,3.0139094365058074,
Z:\raw_data\C000000002\SWE02_SW_data_28-April-2026_10-09-45,C000000002,2,other,,619.920015335083,0.0001910342880810152,619.9,1173.0,51.2,438.6,corrected,extra triggers,False,,26.280423838038896,5.297619047619048,0.732873064068484,3.955555555555556,0.516923372865508,3.955555555555556,0.6112476662595332,3.384030418250951,0.6541931291644727,2.9568106312292364,0.3358011770804983,False,0.0,0.9555555555555562,0.9555555555555562,False,velocity gauss,2026-09-29 11:05:43,0.715638367611411,1.1255686858973901,3.421371855804542,,0.5672348514350513,0.8048195546221298,2.2962008067969952,
Z:\raw_data\C000000003\VIS_03_SW_data_16-June-2026_10-09-42,C000000003,0,MVC,MVC,72.36000150442123,9.604666508303045e-05,72.4,998.0,60.1,419.7,ok,clean,False,0.4826666666666667,28.959296024701022,1.9243243243243244,0.6068981743515531,1.8855932203389834,0.4784468502594349,2.0506912442396317,0.607925623089832,2.1948212083847105,0.7697923198453555,3.384030418250951,0.3172443274097051,False,1.0,0.8006912442396319,0.8006912442396319,False,velocity gauss,2026-09-29 11:04:55,0.45771522709900564,0.8913377046120853,1.9355866039615968,0.5961040711678308,0.3633466823482711,1.0605766970717805,2.002698240614088,1.607339153414697
Z:\raw_data\C000000003\VIS_03_SW_data_16-June-2026_10-09-42,C000000003,1,AVC,AVC,408.24002027511597,0.00013106744503110941,408.2,998.0,60.1,419.7,ok,clean,False,0.45208333333333334,20.276048591158833,16.48148148148148,0.7275726703581377,4.529262086513995,0.3798136220931477,4.529262086513995,0.5243996630538331,4.529262086513995,0.6468610310095945,3.0531732418524875,0.2777508736324213,False,3.0,4.529262086513995,4.529262086513995,False,velocity median,2026-09-29 11:09:00,0.7231633521848273,1.4530436086508076,3.5158938867626763,,0.5026340937802505,0.9339052621287761,2.2769423133674276,
Z:\raw_data\C000000003\VIS_03_SW_data_16-June-2026_10-09-42,C000000003,2,other,,586.4400267601013,0.00010086060113536309,586.4,998.0,60.1,419.7,ok,clean,False,,22.926745117241055,-1.494542401343409,0.6273802192140293,1.0,0.08871261753383453,1.7450980392156865,0.17051069488471013,2.1445783132530125,0.27604335818767994,1.7450980392156865,0.13940502080754838,False,0.0,,,False,,2026-09-29 11:10:24,0.5787801680845095,1.2155409311315022,1.3909461009393187,,0.10607811057306599,0.8687031073760401,1.8316430855954284,
Z:\raw_data\C000000003\VIS_03_SW_data_16-June-2026_10-09-42,C000000003,3,AK,,895.3199982643127,0.00017293371221019997,895.3,998.0,60.1,419.7,ok,clean,False,,22.19470613552859,-5.014084507042254,0.6823448191492284,1.2889210716871833,0.19456796348745692,1.3444108761329308,0.2814751065752366,2.0506912442396317,0.3987910267940585,1.2216884008236102,0.13669255112370915,False,1.0,1.3444108761329308,1.3444108761329308,False,velocity median,2026-09-29 11:13:12,0.6751928832465766,1.7912617797337111,1.646900279592507,1.1107239975642322,0.19461807728106068,0.9010000185922026,2.3954801625745166,1.0931499050773752
Z:\raw_data\C000000004\VIS_4_SW_data_16-June-2026_10-58-59,C000000004,0,MVC,MVC,69.12000477313995,8.661511359504594e-05,69.1,798.0,75.2,388.1,ok,clean,False,0.4606666666666666,22.774073417810246,12.191780821917808,0.7878879944872029,9.673913043478262,0.7663854089103035,9.673913043478262,0.8384075280593664,8.018018018018019,0.9055919223560616,14.015748031496063,0.5554577163986288,False,3.0,4.173913043478262,4.173913043478262,False,velocity median,2026-09-29 11:14:45,0.7804532000357017,2.947751350323848,2.0852381974403738,0.6726933512281669,0.8252760215300512,1.9394613085679366,2.2437358773717238,2.313962154776852
Z:\raw_data\C000000004\VIS_4_SW_data_16-June-2026_10-58-59,C000000004,1,AVC,AVC,481.6800057888031,0.00012993978269102864,481.7,798.0,75.2,388.1,ok,clean,False,0.8899999999999999,23.67252680225171,-1.2059620596205962,0.7080296668132684,2.7010622154779975,0.16697837926919146,2.7010622154779975,0.26988706921671013,2.7010622154779975,0.48696146898637827,20.0,0.14954360809706366,False,0.0,,,False,,2026-09-29 11:20:07,0.6411581148263493,1.1489841071018294,1.7332126701403174,,0.2271280181150938,0.8694974897873319,1.9657675865969664,
Z:\raw_data\C000000004\VIS_4_SW_data_16-June-2026_10-58-59,C000000004,2,MVC,MVC,878.0400156974792,8.779395383244578e-05,54.0,798.0,75.2,388.1,ok,clean,False,0.36,23.113394300689013,20.0,0.8005951158021056,7.385892116182573,0.7593441624695534,7.385892116182573,0.831299880322312,6.846153846153847,0.9170810442880475,5.297619047619048,0.5483388516460757,False,3.0,4.885892116182573,4.885892116182573,False,velocity gauss,2026-09-29 11:32:15,0.797516735633154,2.485305748076067,2.352747530129324,0.8137636638123303,0.8096372190770577,1.651939760591937,2.426030723751115,
Z:\raw_data\C000000005\VIS-005_SW_data_19-June-2026_09-12-20,C000000005,0,?,,160.92000901699066,0.00015021817727791303,,,,,unusable,sparse,False,,21.29097896979079,5.973154362416108,0.924983632212997,9.673913043478262,0.7700807384685113,9.673913043478262,0.8619833955872421,5.973154362416108,0.9063799423183323,14.015748031496063,0.6970215030305044,False,3.0,6.173913043478262,6.173913043478262,False,velocity gauss,2026-09-29 11:34:22,0.9110207961378647,4.363221026871256,2.532464595821129,,0.8415642376098366,3.202749745473654,3.2243783175342324,
Z:\raw_data\C000000005\VIS-005_SW_data_19-June-2026_09-12-20,C000000005,1,?,,338.03999423980713,6.917213548034033e-05,,,,,unusable,sparse,False,,23.183369978333133,-1.0684273709483794,0.6827345316461936,-5.615141955835963,0.1433117184322634,-3.6475409836065578,0.22609499950372255,-5.297619047619048,0.33361013264027584,-6.846153846153847,0.25928513239017603,False,0.0,,,False,,2026-09-29 11:34:29,0.6099216688446046,1.1399309426480138,1.5532078852680125,,0.185587201959732,1.0619771969622138,2.0111265043786015,
Z:\raw_data\C000000005\VIS-005_SW_data_19-June-2026_09-12-20,C000000005,2,?,,575.6400227546692,0.00018194976658649322,,,,,unusable,sparse,False,,29.389730198420086,-3.26605504587156,0.8139628788151351,-4.529262086513995,0.5137595640290173,-4.529262086513995,0.6323745204885854,-8.768472906403941,0.5064421059762627,-4.529262086513995,0.4031675114978469,False,0.0,,,False,,2026-09-29 11:43:11,0.7894579067483964,3.054525496207585,1.5730610106116558,,0.6134294647441203,1.8596757857124322,2.060426950663626,
Z:\raw_data\C000000005\VIS-005_SW_data_19-June-2026_09-12-20,C000000005,3,?,,757.0800185203552,7.68394755177228e-05,,,,,unusable,sparse,False,,26.501445211014822,2.4217687074829937,0.7131698302949332,20.0,0.356082499133663,20.0,0.509402568626056,5.973154362416108,0.6953477117118705,20.0,0.3344981311914821,False,1.0,3.0,3.0,False,Keijzer velocity,2026-09-29 11:49:11,0.6637139195077691,2.4685897543164037,1.8944526061556637,0.7361120255965977,0.502449797548844,1.0102157722418181,2.064622841918728,1.7683052837796867
Z:\raw_data\C000000007\VIS-007_SW_data_30-June-2026_11-45-50,C000000007,0,?,,42.12000221014023,7.542875553736058e-05,,,,,unusable,fixed-rate,False,,39.93420898984008,20.0,0.9219690714025616,2.3027166882276844,0.2310958056874525,2.3027166882276844,0.30937903666087607,5.973154362416108,0.5016183847423094,-16.48148148148148,0.1921080405164741,False,0.0,,,False,,2026-09-29 11:53:40,0.9354720638181286,2.0475189092830095,1.9237383166041304,,0.200928886759229,0.6276007183360921,2.6393288529157313,
Z:\raw_data\C000000007\VIS-007_SW_data_30-June-2026_11-45-50,C000000007,1,?,,379.07999753952026,0.00018884875362409925,,,,,unusable,fixed-rate,False,,41.19441746366709,-20.0,0.9703873449750468,-10.787878787878787,0.5767081531270675,-10.787878787878787,0.7411859939591187,-20.0,0.8310159055420162,20.0,0.3721870290238016,False,1.0,3.120000000000001,3.120000000000001,False,Keijzer velocity,2026-09-29 11:54:53,0.9677437773634439,3.5522756043451467,1.6210889979166843,0.4960921521315302,0.7278693138103682,1.6206333313337542,1.6682056363734206,1.1797828188034254
Z:\raw_data\C000000007\VIS-007_SW_data_30-June-2026_11-45-50,C000000007,2,?,,604.7999858856201,0.00011794560390542866,,,,,unusable,fixed-rate,False,,37.8203725558388,-20.0,0.9190158142904146,-3.384030418250951,0.19596357991612096,-3.384030418250951,0.3085141766183428,-12.191780821917808,0.6493517931834962,-3.384030418250951,0.14541358807536217,False,0.0,,,False,,2026-09-29 12:02:16,0.9177717624204205,1.4680071455056454,2.037061314429406,,0.2587863272929173,0.784211688006842,2.3932266973782816,
Z:\raw_data\C000000007\VIS-007_SW_data_30-June-2026_11-45-50,C000000007,3,?,,861.840009689331,0.0002456276576708454,,,,,unusable,fixed-rate,False,,35.37762775695552,-20.0,0.9679865199727669,-20.0,0.828977404894423,-20.0,0.9007111089715562,-20.0,0.9386972677869899,-20.0,0.6846661058266681,False,2.0,9.52,9.52,False,velocity median,2026-09-29 12:07:19,0.970242568185881,3.69701219842936,2.373622094390412,,0.9010084482414651,3.4853774678841956,2.483706496714058,
Z:\raw_data\C000000008\VIS-010_SW_data_03-July-2026_10-36-33,C000000008,0,MVC,MVC,74.51999932527542,9.42799491895001e-05,74.5,792.6,75.7,387.0,ok,clean,False,0.49666666666666665,34.24239978395356,-1.543798785776236,0.4712879947805983,-2.625368731563422,0.2842826468862521,-2.866344605475041,0.3558485753725699,-3.955555555555556,0.40934534179145443,-2.625368731563422,0.22573144941785594,False,2.0,8.620000000000001,8.620000000000001,False,velocity gauss,2026-09-29 12:05:13,0.4171986284682362,1.1497584120951725,2.6331214667412444,,0.33007565828881963,2.427362099927004,1.8386068342445707,
Z:\raw_data\C000000008\VIS-010_SW_data_03-July-2026_10-36-33,C000000008,1,AVC,,331.56001567840576,0.00013823995770506064,331.6,792.6,75.7,387.0,ok,clean,False,,24.53249571273459,3.7953091684434974,0.9271500931907682,3.6475409836065578,0.7168691798269416,3.6475409836065578,0.8080804892042245,3.6475409836065578,0.8773466730238281,5.615141955835963,0.5437782387774268,False,2.0,2.6475409836065578,2.6475409836065578,False,velocity gauss,2026-09-29 12:08:06,0.9061148369740394,2.611382377125299,2.0422731974866117,0.4330948749042889,0.759574417933359,1.731032968378277,2.2915636775326242,2.108227323670675
Z:\raw_data\C000000008\VIS-010_SW_data_03-July-2026_10-36-33,C000000008,2,AVC,AVC,491.40000343322754,0.00019551911714734292,491.4,792.6,75.7,387.0,ok,clean,False,0.9349999999999999,28.821376239581127,1.0,0.7545001112329304,1.2889210716871833,0.11572574946497702,1.3069016152716595,0.18387102541405684,-2.7010622154779975,0.241796612708787,1.3841368584758942,0.15952579038065995,False,0.0,,,False,,2026-09-29 12:09:14,0.6052672201425803,0.9731739093495448,2.207006973780581,,0.12294685551954229,1.119690486078251,1.8842884521634102,
Z:\raw_data\C000000008\VIS-010_SW_data_03-July-2026_10-36-33,C000000008,3,MVC,MVC,864.0000224113464,0.00011546652788881661,9.9,792.6,75.7,387.0,ok,clean,False,0.066,24.69549201832535,12.191780821917808,0.5998235703307615,5.615141955835963,0.5321374216146201,5.615141955835963,0.6535439782289449,7.385892116182573,0.7253701465921194,3.7953091684434974,0.3775317764023076,False,3.0,4.115141955835963,4.115141955835963,False,velocity gauss,2026-09-29 12:19:09,0.6190634625207164,0.8453067967435655,1.8448143815285067,0.6584344325290802,0.6357401845145908,0.8592570022305436,2.65372605763202,2.0465661510746824
Z:\raw_data\C000000010\vis-006_SW_data_30-June-2026_09-43-28,C000000010,0,MVC,MVC,33.479999750852585,9.267892078438373e-05,33.5,722.6,83.0,371.6,ok,clean,False,0.22333333333333333,32.85429001398349,4.129930394431555,0.5315353512450334,2.9568106312292364,0.527272100542553,2.9568106312292364,0.6178138771359233,3.5108481262327422,0.700322253081042,3.7953091684434974,0.3460606070541978,False,2.0,1.9568106312292364,1.9568106312292364,False,velocity gauss,2026-09-29 12:19:50,0.495655513689645,1.0278655380651678,1.5569150924376847,0.7045498159758365,0.46151328741240183,1.7911476416176375,1.8718317401184126,1.4960399272399987
Z:\raw_data\C000000010\vis-006_SW_data_30-June-2026_09-43-28,C000000010,1,AVC,AVC,341.2800133228302,8.452099521412226e-05,341.3,722.6,83.0,371.6,ok,clean,False,0.37374999999999997,27.845404313052317,1.7450980392156865,0.7943122197549106,2.1445783132530125,0.3729658365177864,2.1445783132530125,0.5247201376321691,2.4217687074829937,0.6235553780082412,2.360742705570292,0.2528295988267968,False,2.0,2.6445783132530125,2.6445783132530125,False,velocity gauss,2026-09-29 12:26:09,0.6632139609880356,1.7151074709375496,1.9889997790437293,1.1810310212524733,0.36402643174466986,1.4666724467851222,2.182640901080102,1.9888884131545668
Z:\raw_data\C000000010\vis-006_SW_data_30-June-2026_09-43-28,C000000010,2,MVC,MVC,726.8400192260742,0.00014022912413573532,0.3,722.6,83.0,371.6,ok,clean,False,0.002,33.138620855031164,-7.385892116182573,0.3303736303634621,5.014084507042254,0.3981493225290929,5.014084507042254,0.46556917331768066,8.768472906403941,0.578274129256616,5.014084507042254,0.26029089823869034,False,2.0,1.514084507042254,1.514084507042254,False,velocity median,2026-09-29 12:27:34,0.3241868883829829,1.7290909630132467,2.1473211906598046,0.8360900579979508,0.42126901951792906,1.3595826284042476,2.0087346076859065,1.2729714403472783
Z:\raw_data\C000000010\vis-006_SW_data_30-June-2026_09-43-28,C000000010,3,AVC,AVC,978.4800410270691,0.0,251.9,722.6,83.0,371.6,ok,clean,False,0.001249999999999929,25.568992767702078,-2.4217687074829937,0.20578784514187562,1.4710743801652892,0.0899880691809581,4.759358288770054,0.14585207256181895,-1.9646799116997795,0.2708190273776449,1.4048934490923441,0.14320015515468212,False,0.0,,,False,,2026-09-29 12:44:43,0.21724188351214457,0.8743061910572844,1.5758349491232826,,0.12085934986519672,1.0429417778844232,2.6950556571172797,
Z:\raw_data\C000000011\VIS-11_SW_data_07-July-2026_08-40-05,C000000011,0,MVC,MVC,33.479999750852585,0.00024988641392523545,33.5,826.6,72.6,393.6,ok,clean,False,0.22333333333333333,42.49250376007954,1.494542401343409,0.746266837387117,2.486033519553073,0.6707770046550966,2.486033519553073,0.7209662721911845,2.1948212083847105,0.7212839158807389,3.26605504587156,0.48476343699975344,False,1.0,11.600000000000001,11.600000000000001,False,velocity gauss,2026-09-29 12:47:15,0.4692359744475573,3.284198441744773,1.6944255100837262,,0.5154509205898002,1.5704198200838655,1.6019327792972462,
Z:\raw_data\C000000011\VIS-11_SW_data_07-July-2026_08-40-05,C000000011,1,AVC,AVC,340.2000069618225,0.00027647365663360964,340.2,826.6,72.6,393.6,ok,clean,False,0.27749999999999986,25.454680896136114,4.529262086513995,0.9768422747562916,9.673913043478262,0.9081915198059617,8.768472906403941,0.9314626186995479,7.385892116182573,0.933275496294685,10.787878787878787,0.8292220793239916,False,3.0,8.268472906403941,8.268472906403941,False,velocity gauss,2026-09-29 12:47:44,0.9524630253701837,3.3142634331980396,2.498366829507549,,0.9060582226851689,5.460674141427843,2.596332633280046,
Z:\raw_data\C000000011\VIS-11_SW_data_07-July-2026_08-40-05,C000000011,2,MVC,MVC,899.6400237083435,0.00018189313586335174,26.1,826.6,72.6,393.6,ok,clean,False,0.17400000000000002,32.255207821898246,1.6527390900649952,0.8671478482124982,3.6475409836065578,0.5401377152660384,3.7953091684434974,0.6661083455674077,3.7953091684434974,0.7223857706554216,4.759358288770054,0.4298873088249166,False,2.0,2.2953091684434974,2.2953091684434974,False,velocity gauss,2026-09-29 12:49:57,0.6840134828246712,1.7570694932180368,1.5658698468626935,0.520448000440187,0.591428633306081,1.9499141481934625,1.9955607329401404,1.9234889571197753
Z:\raw_data\C000000011\VIS-11_SW_data_07-July-2026_08-40-05,C000000011,3,AVC,AVC,1148.0400562286377,3.004882863161828e-05,274.5,826.6,72.6,393.6,ok,clean,False,0.0037499999999999053,23.61574035801306,20.0,0.9524186135894409,1.2059620596205962,0.28455557071037124,1.363984674329502,0.39843795537083526,1.543798785776236,0.5247612871626456,-1.8126272912423627,0.2506300134468076,False,1.0,2.363984674329502,2.363984674329502,False,Keijzer velocity,2026-09-29 12:51:21,0.9505728282839372,2.7756536130025413,2.048401573199962,0.4815302219909523,0.3466313903837958,0.8018011680714304,1.9365644954121601,0.4656260425905152
Z:\raw_data\C000000012\VIS-014_SW_data_07-July-2026_11-41-37,C000000012,0,?,,61.560001224279404,0.0001094995096032545,,,,,unusable,sparse,False,,38.02008299900981,3.5108481262327422,0.9295737081821788,2.9568106312292364,0.7496774862381148,2.9568106312292364,0.807107705052139,2.625368731563422,0.8306856923452935,3.5108481262327422,0.6192196770394824,False,3.0,3.4568106312292364,3.4568106312292364,False,velocity median,2026-09-29 12:52:52,0.8489409085105536,1.1685572521605891,2.3789201837076477,1.2199688257877301,0.5945185183874672,0.7850782457791878,2.5982938835239198,1.8825817198707022
Z:\raw_data\C000000012\VIS-014_SW_data_07-July-2026_11-41-37,C000000012,1,?,,474.12002086639404,0.00014340280340576815,,,,,unusable,sparse,False,,32.367191476677256,-1.363984674329502,0.41562818479441704,-1.8483904465212877,0.27165263810064577,-2.0965842167255597,0.40945977739457406,-2.486033519553073,0.5281613853964585,4.759358288770054,0.1701746739612007,False,0.0,,,False,,2026-09-29 12:53:01,0.30204777179521264,1.040390185420984,2.0024264293112575,,0.34828037054731215,1.0808957195543585,1.969907963790847,
Z:\raw_data\C000000012\VIS-014_SW_data_07-July-2026_11-41-37,C000000012,2,?,,764.6400332450867,0.0002808503236302228,,,,,unusable,sparse,False,,30.061458230919914,-6.846153846153847,0.7987803068723898,1.2544045102184638,0.8244038100374664,1.2544045102184638,0.8560570236832938,1.1469072164948455,0.8909259384828478,1.2544045102184638,0.6573113056823937,False,3.0,1.2544045102184638,1.2544045102184638,False,velocity median,2026-09-29 12:53:37,0.7955746163631829,1.6458685471620451,1.7496289576239354,0.8613482476625378,0.47772394846629024,1.7491467024578358,2.228285977339739,2.5035717818565386
Z:\raw_data\C000000012\VIS-014_SW_data_07-July-2026_11-41-37,C000000012,3,?,,1029.2400121688843,0.00010311493561141898,,,,,unusable,sparse,False,,35.259268461584746,14.015748031496063,0.9206224160666439,-2.3027166882276844,0.17648241285913996,-5.973154362416108,0.26048164990807265,3.955555555555556,0.4081054482990764,-8.018018018018019,0.2625096398248163,False,1.0,4.1,4.1,False,Keijzer velocity,2026-09-29 12:55:47,0.8977267732691623,1.0978831150761226,2.126979029263799,1.4099733557493472,0.2195167400299274,0.7004818249657562,3.7048476331987255,0.9540065160192128
Z:\raw_data\C000000013\VIS-016_SW_data_10-July-2026_10-11-11,C000000013,0,MVC,MVC,36.720000207424164,0.0001694808077509064,36.7,697.1,86.1,365.2,ok,clean,False,0.2446666666666667,23.33387713546422,20.0,0.7831222309626323,4.129930394431555,0.793036353634814,4.529262086513995,0.8435165819022594,8.018018018018019,0.8537802447800681,3.5108481262327422,0.7605105013498047,False,3.0,3.529262086513995,3.529262086513995,False,acceleration,2026-09-29 12:56:57,0.7833798614673733,3.2891361760999533,1.567825374709404,1.3844176795454932,0.7927734922828492,3.311342374658817,2.7464288829256187,0.8829342037596459
Z:\raw_data\C000000013\VIS-016_SW_data_10-July-2026_10-11-11,C000000013,1,AK,AVC,484.9200248718262,0.00043051932388185556,484.9,697.1,86.1,365.2,ok,clean,False,0.9987499999999999,25.13330815306696,-1.624087591240876,0.8875973576053117,-1.3841368584758942,0.6311564516694085,-1.4483319772172498,0.697413675252288,-4.320388349514563,0.6159696961046763,-1.4483319772172498,0.4363009639838794,False,0.0,-1.4483319772172498,-1.4483319772172498,False,velocity gauss,2026-09-29 12:57:25,0.8258124136952,1.8060707532742142,1.5652079429889358,,0.521680563011479,1.806397726111439,1.9783126493350531,
Z:\raw_data\C000000013\VIS-016_SW_data_10-July-2026_10-11-11,C000000013,2,MVC,MVC,720.3600406646729,0.0001039685975166224,36.8,697.1,86.1,365.2,ok,clean,False,0.24533333333333332,28.697155121124915,2.247474747474748,0.6115715020253929,2.625368731563422,0.5754711716421225,2.625368731563422,0.6096597948161468,3.955555555555556,0.6347910490188091,2.360742705570292,0.5248270208884059,False,3.0,2.125368731563422,2.125368731563422,False,velocity median,2026-09-29 13:04:07,0.5713973107214149,2.237743049202371,1.5520511041128138,0.3782469995067494,0.5511057043434192,3.2056832680275926,2.3779632993808897,2.7315885024169524
Z:\raw_data\C000000013\VIS-016_SW_data_10-July-2026_10-11-11,C000000013,3,AVC,AVC,1129.6800374984741,0.00012284222924629408,446.1,697.1,86.1,365.2,ok,clean,False,0.8370833333333335,24.03107316777716,-2.1948212083847105,0.5586865851308294,-1.8483904465212877,0.19014104086865946,-2.866344605475041,0.28921357589090135,-2.7812500000000004,0.4330351436263624,-1.5696649029982364,0.21425017472850322,False,0.0,,,False,,2026-09-29 13:04:17,0.5425027054943204,0.8568435939935589,3.0612329874853925,,0.27780538042016345,1.00398666119035,1.8330665213454185,
Z:\raw_data\C000000014\VIS-008_SW_data_10-July-2026_08-36-06,C000000014,0,?,,54.00000140070915,0.00024959536845892805,,,,,unusable,fixed-rate,False,,29.026136437055264,8.768472906403941,0.8802264592978553,4.320388349514563,0.8433267659855224,4.320388349514563,0.8870185705830614,4.320388349514563,0.8625847940507574,4.320388349514563,0.7571740809515911,False,3.0,5.320388349514563,5.320388349514563,False,velocity median,2026-09-29 13:23:45,0.8746023993236103,2.036659533522616,1.876205262181105,1.5182227289369186,0.7807915985708648,2.9651494976432664,2.6234800426111407,2.249540522618115
Z:\raw_data\C000000014\VIS-008_SW_data_10-July-2026_08-36-06,C000000014,1,?,,623.1600046157837,0.00022486150666091936,,,,,unusable,fixed-rate,False,,27.947389017848383,-2.1445783132530125,0.7585314619134695,-2.1445783132530125,0.6049952736337517,-2.1445783132530125,0.6904824538243466,9.673913043478262,0.7383522880164797,-1.1756935270805813,0.33903620286088576,False,2.0,2.67,2.67,False,Keijzer velocity,2026-09-29 13:26:28,0.7328377461905675,1.6318149652395901,1.5890277627473044,0.9594779292687573,0.6147371968924097,1.303540956859293,2.012545555238891,0.947362299796312
Z:\raw_data\C000000014\VIS-008_SW_data_10-July-2026_08-36-06,C000000014,2,?,,937.440037727356,0.00017403386533447476,,,,,unusable,fixed-rate,False,,39.37759863391754,-1.6527390900649952,0.8587227723998336,-1.7782217782217782,0.7625842699238429,-1.7782217782217782,0.7994020041531068,-1.7450980392156865,0.8134873445700034,-1.8126272912423627,0.6235724021922828,False,2.0,3.2300000000000004,3.2300000000000004,False,velocity median,2026-09-29 13:28:10,0.6293685613329076,2.4049257225436134,1.729690407355893,1.2506068364772485,0.407661654219568,1.9303728592301153,1.9135373965836484,1.1807868486238688
Z:\raw_data\C000000014\VIS-008_SW_data_10-July-2026_08-36-06,C000000014,3,?,,1094.040036201477,0.00022643485225456916,,,,,unusable,fixed-rate,False,,29.799610960656036,4.529262086513995,0.8323650686942645,2.7010622154779975,0.8228583957710097,2.7010622154779975,0.8508889196864102,3.26605504587156,0.8497018741952885,3.384030418250951,0.7279405996701215,False,3.0,3.2010622154779975,3.2010622154779975,False,velocity median,2026-09-29 13:32:54,0.8144086967047516,1.3866638826300623,2.7258736630620994,0.3198838996811143,0.6432765930005675,1.687532150485775,2.7688657419357323,3.0835311749356236
Z:\raw_data\C000000015\VIS-017_SW_data_10-July-2026_10-53-28,C000000015,0,MVC,MVC,47.520000487565994,0.00030193464946336873,47.5,664.8,90.3,356.5,ok,clean,False,0.31666666666666665,35.409929114146784,3.955555555555556,0.8092165064957619,20.0,0.7265189141120504,20.0,0.7787796916592339,20.0,0.8227508484484822,8.018018018018019,0.5881980701270707,False,3.0,5.0,5.0,False,velocity median,2026-09-29 13:34:54,0.7786023122298052,1.9106018408638004,1.9402005393228774,0.28369285927857835,0.7723269859781217,3.4523105253758555,2.0321487721549896,1.959060681320351
Z:\raw_data\C000000015\VIS-017_SW_data_10-July-2026_10-53-28,C000000015,1,AK,AVC,456.84000849723816,0.00027317311314281156,456.8,664.8,90.3,356.5,ok,clean,False,0.9179166666666667,24.750664071158152,-2.7812500000000004,0.7907278268690279,-5.615141955835963,0.39987925564123267,-10.787878787878787,0.5909112371364711,-12.191780821917808,0.5033204370377203,16.48148148148148,0.41012367938369815,False,0.0,,,False,,2026-09-29 13:35:02,0.7710261250620106,0.9550296423630051,2.4565095611178203,,0.5815015268430106,0.8887732921840502,1.7682036404838608,
Z:\raw_data\C000000015\VIS-017_SW_data_10-July-2026_10-53-28,C000000015,2,MVC,MVC,690.1200413703918,0.0004555519358106379,49.6,664.8,90.3,356.5,ok,clean,False,0.33066666666666666,34.88656310519139,1.7782217782217782,0.7217418385445002,5.297619047619048,0.6895931116715089,5.297619047619048,0.7440150597186352,6.3799283154121875,0.7850198931436208,8.018018018018019,0.5876442932450202,False,3.0,3.7976190476190483,3.7976190476190483,False,velocity median,2026-09-29 13:45:18,0.6208486600662344,1.6068985339948767,1.7796876365569967,0.3522327143819058,0.705036587235032,2.187679302210647,2.1038252876264725,2.110507114847467
Z:\raw_data\C000000015\VIS-017_SW_data_10-July-2026_10-53-28,C000000015,3,AVC,AVC,1087.5600576400757,0.0002366551568873651,447.0,664.8,90.3,356.5,ok,clean,False,0.8770833333333333,34.976100741579714,1.0,0.6515179597767811,1.1469072164948455,0.18655784764359792,1.2216884008236102,0.25299347844063497,-20.0,0.3282356519814941,1.2059620596205962,0.17984220546808513,False,0.0,,,False,,2026-09-29 13:45:37,0.5366347655967105,1.2429540567442932,1.7665096337855921,,0.20446465110061784,1.1226052488730174,1.633193154451955,
Z:\raw_data\C000000016\VIS-015_SW_data_10-July-2026_09-24-32,C000000016,0,MVC,MVC,56.16000294685364,0.00015626501065825653,56.2,856.1,70.1,398.8,ok,clean,False,0.3746666666666667,29.085032419728748,4.129930394431555,0.6000232901564119,2.486033519553073,0.7886272264784948,2.5538020086083217,0.8037331238203934,2.5538020086083217,0.798149454928114,2.9568106312292364,0.7941143361506131,False,3.0,2.5538020086083217,2.5538020086083217,False,velocity gauss,2026-09-29 13:47:06,0.5844517209553741,1.873828257728257,1.793921855435529,0.6875396188543769,0.4920804006346423,3.463340846709559,2.5245296718619272,2.728810837304451
Z:\raw_data\C000000016\VIS-015_SW_data_10-July-2026_09-24-32,C000000016,1,AVC,AVC,388.7999951839447,0.00022872977396374395,388.8,856.1,70.1,398.8,ok,clean,False,0.4583333333333333,22.210619350916573,4.320388349514563,0.9771099698395525,6.846153846153847,0.965176101989509,6.846153846153847,0.9770263417488648,6.3799283154121875,0.9777231373891765,7.385892116182573,0.945781027292143,False,3.0,6.846153846153847,6.846153846153847,False,velocity median,2026-09-29 13:48:25,0.9534776173977288,5.610735751125194,2.4129033078522637,,0.9271623628052701,5.205596229350402,3.0186242973087345,
Z:\raw_data\C000000016\VIS-015_SW_data_10-July-2026_09-24-32,C000000016,2,MVC,MVC,951.4800310134888,0.0001367020017407544,55.9,856.1,70.1,398.8,ok,clean,False,0.37266666666666665,29.085032419728748,3.1560283687943267,0.7252333328650196,2.486033519553073,0.8264982800074738,2.625368731563422,0.8420585277898969,2.486033519553073,0.8266366622518642,2.7812500000000004,0.7946796219523323,False,3.0,2.2753687315634217,2.2753687315634217,False,velocity median,2026-09-29 13:48:58,0.6644787680145817,2.109796092236588,2.2110211472507926,0.814203605728418,0.5928382776883884,2.750629242998895,2.5931458255744793,2.9785243993310226
Z:\raw_data\C000000016\VIS-015_SW_data_10-July-2026_09-24-32,C000000016,3,AVC,AVC,1175.0400066375732,0.0,279.5,856.1,70.1,398.8,ok,clean,False,0.002916666666666619,24.381840073730977,-5.615141955835963,0.6835006811648606,-5.615141955835963,0.17100563980223477,-5.615141955835963,0.31984774709940667,-8.768472906403941,0.39890568672817,-5.615141955835963,0.231011740161765,False,0.0,,,False,,2026-09-29 14:01:17,0.6272602039263078,0.5755213315328934,3.2337581495363423,,0.2869010675442606,0.7959793774657657,1.7947604327220803,
Z:\raw_data\C000000018\VIS-012_SW_data_07-July-2026_09-21-31,C000000018,0,MVC,MVC,55.080000311136246,5.763326350795597e-05,55.1,699.6,85.8,365.9,ok,clean,False,0.36733333333333335,36.20149789823607,-5.615141955835963,0.38978868670124844,-16.48148148148148,0.4324840839636492,-16.48148148148148,0.4897034414213733,-20.0,0.5212904976344104,-16.48148148148148,0.30090357633187376,False,2.0,2.210000000000001,2.210000000000001,False,velocity median,2026-09-29 14:12:18,0.35920784600146166,2.1043213197002406,2.997668956368394,0.4884281995356649,0.4829408032175947,1.718743677476746,2.184662637774537,1.248238389862915
Z:\raw_data\C000000018\VIS-012_SW_data_07-July-2026_09-21-31,C000000018,1,AVC,AVC,442.80001521110535,0.00013299926470929517,442.8,699.6,85.8,365.9,ok,clean,False,0.8204166666666668,27.200161694481356,-1.0,0.40966918418313175,3.1560283687943267,0.18766994077799554,3.1560283687943267,0.24384899069922064,5.973154362416108,0.43975612802119296,2.486033519553073,0.25403303252898446,False,0.0,,,False,,2026-09-29 14:12:25,0.2882094813166396,1.3591596037429825,2.3491001456404916,,0.19994412583944118,0.5961846596607651,2.204487443936713,
Z:\raw_data\C000000018\VIS-012_SW_data_07-July-2026_09-21-31,C000000018,2,MVC,MVC,761.400043964386,9.151640518702066e-05,52.3,699.6,85.8,365.9,ok,clean,False,0.3486666666666666,28.934513516721417,-4.320388349514563,0.5737297168912108,-5.615141955835963,0.546789261461991,-6.3799283154121875,0.6211629107341645,-8.018018018018019,0.6117393731607752,-4.320388349514563,0.4018554719201708,False,2.0,3.25,3.25,False,velocity gauss,2026-09-29 14:13:55,0.5335022370878415,1.727828659515631,1.8958190351659832,0.9866309086218625,0.5684786345935919,1.456576018231115,1.996340671012872,2.0830367901784617
Z:\raw_data\C000000018\VIS-012_SW_data_07-July-2026_09-21-31,C000000018,3,AVC,AVC,1056.2400817871094,0.00011246550061144054,347.2,699.6,85.8,365.9,ok,clean,False,0.42208333333333337,26.691147907473187,1.543798785776236,0.8567459821289728,3.0531732418524875,0.5363343708236912,3.0531732418524875,0.6567594469933774,3.0531732418524875,0.8169716951137859,2.4217687074829937,0.3619380543428893,False,3.0,3.0531732418524875,3.0531732418524875,False,velocity gauss,2026-09-29 14:14:49,0.7055795209898083,3.536684246998967,2.1436753038790863,1.9804638955113665,0.5169643319747004,1.403783666547647,2.6432831367936798,2.2806993490966967
Z:\raw_data\C000000019\VIS-027_SW_data_21-July-2026_11-19-20,C000000019,0,MVC,MVC,54.00000140070915,0.00010533043318536507,54.0,1231.1,48.7,443.7,ok,clean,False,0.36,29.50382224359803,3.7953091684434974,0.8771076281876633,3.384030418250951,0.8382091165336687,3.384030418250951,0.8742411210787101,3.384030418250951,0.845655358039962,3.384030418250951,0.6923208558576482,False,3.0,3.384030418250951,3.384030418250951,False,velocity median,2026-09-29 14:32:00,0.8172289524199037,1.8563629151868724,1.6894650406737117,0.3692317646025579,0.7745324351616687,1.4874826024127255,2.0601873529922266,2.0671807653255367
Z:\raw_data\C000000019\VIS-027_SW_data_21-July-2026_11-19-20,C000000019,1,other,,225.72000324726105,8.279719512192128e-05,225.7,1231.1,48.7,443.7,ok,clean,False,,29.305997597514548,4.529262086513995,0.3647506642954444,5.615141955835963,0.18427604987923607,5.297619047619048,0.24132870961954841,8.018018018018019,0.22436266387258127,4.320388349514563,0.16118893616959198,False,0.0,,,False,,2026-09-29 14:32:48,0.3747974471756414,1.359277415391652,2.4008522017655127,,0.21845059251652793,0.9516542744763055,2.4291868398162477,
Z:\raw_data\C000000019\VIS-027_SW_data_21-July-2026_11-19-20,C000000019,2,AVC,AVC,562.6800060272217,6.0944401935479194e-05,562.7,1231.1,48.7,443.7,ok,clean,False,0.9958333333333336,21.833374254412412,8.768472906403941,0.8871126050765864,3.6475409836065578,0.3020227748503341,16.48148148148148,0.44178952659260295,2.5538020086083217,0.5870211967599014,-2.486033519553073,0.2622011638204805,False,0.0,,,False,,2026-09-29 14:35:15,0.8880795953199823,1.0861699707592212,1.7311953527096335,,0.4343018931665209,0.9084637197045392,2.1010231630332514,
Z:\raw_data\C000000020\VIS-026_SW_data_21-July-2026_10-42-10,C000000020,0,MVC,MVC,92.8800031542778,0.00021702885104190066,92.9,1297.6,46.2,448.9,corrected,extra triggers,False,0.6193333333333334,51.60009307406784,3.384030418250951,0.6905143039519707,4.759358288770054,0.7207547600154263,5.297619047619048,0.7738832350797743,4.529262086513995,0.7937783363445218,3.955555555555556,0.5364896895524083,False,3.0,2.2976190476190483,2.2976190476190483,False,velocity median,2026-09-29 14:36:59,0.5584029992222482,1.5553352531499551,1.6917303228931893,0.5644650308095472,0.6500258681839992,2.285805085565816,2.491177571376745,2.569087096921327
Z:\raw_data\C000000020\VIS-026_SW_data_21-July-2026_10-42-10,C000000020,1,AVC,AVC,416.8800115585327,0.00030637499951609336,416.9,1297.6,46.2,448.9,corrected,extra triggers,False,0.36666666666666664,41.73125933098789,4.129930394431555,0.9490721961321871,6.3799283154121875,0.8214427497836273,6.3799283154121875,0.8791459056880693,6.3799283154121875,0.9184643747038133,6.3799283154121875,0.6061092290051726,False,3.0,6.3799283154121875,6.3799283154121875,False,velocity gauss,2026-09-29 14:37:23,0.8974626427491871,3.540102102049514,2.1990095507552474,1.9012994515299997,0.7897535286470584,2.7442959824171007,2.1674329342600838,2.598157250304674
Z:\raw_data\C000000020\VIS-026_SW_data_21-July-2026_10-42-10,C000000020,2,other,,637.1999979019165,0.00038217504461943933,637.2,1297.6,46.2,448.9,corrected,extra triggers,False,,47.76898413875108,1.543798785776236,0.8673971789082544,1.5696649029982364,0.26073114889173493,1.6824196597353498,0.3493582301320402,1.7131857555341674,0.39898309570794466,2.0506912442396317,0.15652552430615227,False,0.0,,,False,,2026-09-29 14:37:29,0.7008919293540777,1.3317808186542317,1.6477139670244043,,0.24922683795337838,1.2244003730420294,1.9156398306114053,
Z:\raw_data\C000000021\VIS-024_SW_data_17-July-2026_09-35-47,C000000021,0,MVC,MVC,74.51999932527542,0.00015546968872981993,74.5,835.6,71.8,395.2,warn,irregular at the block,False,0.49666666666666665,36.23177299380899,2.1948212083847105,0.49279547082545944,3.26605504587156,0.5583285717878074,3.26605504587156,0.6252372241770854,3.955555555555556,0.7456768522849679,2.7812500000000004,0.3714973113940314,False,3.0,3.26605504587156,3.26605504587156,False,velocity gauss,2026-09-29 14:39:46,0.4448904244202488,2.853449301367525,1.9325339821397949,0.5457133619178925,0.5532547810588051,2.373169995538316,1.8480599115657437,1.9793349330218435
Z:\raw_data\C000000021\VIS-024_SW_data_17-July-2026_09-35-47,C000000021,1,AVC,AVC,393.12002062797546,0.000157956347486813,393.1,835.6,71.8,395.2,warn,irregular at the block,False,0.49125000000000013,28.40957393524716,3.6475409836065578,0.9072027288398153,2.9568106312292364,0.7201019541050945,3.1560283687943267,0.7935916765875264,2.9568106312292364,0.8685342194613527,2.625368731563422,0.5441850081992912,False,3.0,3.1560283687943267,3.1560283687943267,False,velocity gauss,2026-09-29 14:40:05,0.855536524323419,5.247744099813688,2.2844663215242824,1.0716223328875267,0.6409788452010855,2.505972624004626,2.702578262250574,3.0559594668103998
Z:\raw_data\C000000021\VIS-024_SW_data_17-July-2026_09-35-47,C000000021,2,MVC,MVC,851.0400056838989,0.00015463976636536023,132.5,835.6,71.8,395.2,warn,irregular at the block,False,0.8833333333333333,35.32430382577431,1.2889210716871833,0.7495066360928677,2.360742705570292,0.6025633867737924,2.360742705570292,0.6938060560848468,3.955555555555556,0.6384474284120626,2.7812500000000004,0.5821983114917398,False,2.0,1.860742705570292,1.860742705570292,False,velocity gauss,2026-09-29 14:51:26,0.5207010361184399,0.7151652531712971,2.5222740367249763,0.9217736131529628,0.5109574142158028,0.6116508907142902,3.6468077991012757,0.816295439636733
Z:\raw_data\C000000021\VIS-024_SW_data_17-July-2026_09-35-47,C000000021,3,AVC,AVC,1004.4000148773193,4.146742187625883e-05,285.8,835.6,71.8,395.2,warn,irregular at the block,False,0.044166666666666764,32.553455589264,-8.018018018018019,0.6604499894933343,5.014084507042254,0.22933320883690175,5.014084507042254,0.356709569114415,-7.385892116182573,0.6952058093821505,5.297619047619048,0.13918201251999612,False,0.0,,,False,,2026-09-29 14:51:35,0.6636113101647951,1.40699638631733,1.991338040573801,,0.3277652776411898,0.6102686809734024,1.5481154456460269,
Z:\raw_data\C000000022\VIS-023_SW_data_17-July-2026_08-48-06,C000000022,0,MVC,MVC,135.00000536441803,6.344364332242426e-05,135.0,900.1,66.7,406.0,ok,clean,False,0.9,24.8434291461122,16.48148148148148,0.6614673869544089,-1.1611219830397914,0.10827521171852778,-3.5108481262327422,0.18103632460756855,-8.768472906403941,0.3937493557452275,2.247474747474748,0.1252573089272375,False,0.0,,,False,,2026-09-29 14:57:48,0.6518962796167707,0.7573080876924801,1.791274117797329,,0.14980359269188817,1.0258063402481579,1.6317447229623971,
Z:\raw_data\C000000022\VIS-023_SW_data_17-July-2026_08-48-06,C000000022,1,AVC,AVC,500.0399947166443,0.000150343273141088,500.0,900.1,66.7,406.0,ok,clean,False,0.8916666666666667,20.458226270522175,1.3444108761329308,0.8641567352419056,1.1756935270805813,0.33019796806994023,1.3444108761329308,0.46055322096097706,3.26605504587156,0.6062931963623291,1.3444108761329308,0.18442521134888076,False,1.0,1.3444108761329308,1.3444108761329308,False,Keijzer velocity,2026-09-29 14:58:51,0.7912570342089056,2.3645260937325485,2.0149846605475763,1.257103623130976,0.35514138087511793,1.2362725435959978,2.020074970677404,0.9346113616725973
Z:\raw_data\C000000022\VIS-023_SW_data_17-July-2026_08-48-06,C000000022,2,AK,,795.960009098053,0.00015013480876249177,796.0,900.1,66.7,406.0,ok,clean,False,,20.804771366015146,1.8855932203389834,0.8911737247444319,1.8126272912423627,0.6497440027068221,1.8126272912423627,0.7671381126327782,1.6824196597353498,0.9113459495633337,1.9243243243243244,0.42056711205636266,False,3.0,1.9126272912423627,1.9126272912423627,False,velocity gauss,2026-09-29 14:59:20,0.825949595845122,3.4764232856309314,1.975690481021207,0.9728348130180892,0.6358305854200448,2.528156963566917,2.143734061299426,1.4241795868828013
Z:\raw_data\C000000022\VIS-023_SW_data_17-July-2026_08-48-06,C000000022,3,MVC,MVC,960.1200222969055,0.00011338857732952902,20.0,900.1,66.7,406.0,ok,clean,False,0.13333333333333333,20.108172857803815,7.385892116182573,0.9129025976607794,8.768472906403941,0.8993740452919595,8.768472906403941,0.9340363370136449,12.191780821917808,0.9752118101936986,4.529262086513995,0.6918901448307535,False,3.0,7.268472906403941,7.268472906403941,False,velocity gauss,2026-09-29 15:06:39,0.9035045191034787,2.9264061083024373,1.4899031477788767,,0.921321713994199,2.856950685777714,1.983268272439787,
Z:\raw_data\C000000023\VIS-022_SW_data_14-July-2026_11-41-10,C000000023,0,MVC,MVC,42.12000221014023,0.00021829648959931865,42.1,817.1,73.4,391.8,corrected,extra triggers,False,0.2806666666666667,36.967133295275104,4.129930394431555,0.7699680271334564,2.0965842167255597,0.8329190464540899,2.3027166882276844,0.8555555310555724,2.0506912442396317,0.8724042462758264,2.4217687074829937,0.6870409604646365,False,3.0,1.8027166882276844,1.8027166882276844,False,velocity median,2026-09-29 15:11:32,0.7382371587107103,1.0532810403423505,1.6118721338097988,0.5963608181739105,0.6487523997703881,0.8314243952596783,1.6715816771510696,1.558408584070819
Z:\raw_data\C000000023\VIS-022_SW_data_14-July-2026_11-41-10,C000000023,1,AVC,AVC,451.4400064945221,0.00021589263834034884,451.4,817.1,73.4,391.8,corrected,extra triggers,False,0.7483333333333332,33.720626922597575,4.129930394431555,0.9323621929734786,6.3799283154121875,0.9284658758451745,6.3799283154121875,0.942035453462244,5.973154362416108,0.9415080011609068,5.973154362416108,0.8685697587838613,False,3.0,4.8799283154121875,4.8799283154121875,False,velocity median,2026-09-29 15:12:28,0.8828054008596395,3.37662749458018,2.1737845646207323,1.8922902256345846,0.8773763782862158,4.202432801420953,2.3853571875252793,2.9380424745863913
Z:\raw_data\C000000023\VIS-022_SW_data_14-July-2026_11-41-10,C000000023,2,MVC,MVC,874.8000264167786,0.00015066609367724945,14.2,817.1,73.4,391.8,corrected,extra triggers,False,0.09466666666666666,42.29206145856446,3.1560283687943267,0.7270168571694932,2.4217687074829937,0.7937077698353467,2.625368731563422,0.7999393785247143,2.4217687074829937,0.8022999925141558,2.4217687074829937,0.7420356552967154,False,3.0,2.625368731563422,2.625368731563422,False,velocity median,2026-09-29 15:13:44,0.6344648663213386,1.903215706037577,1.97913834707996,0.6017176026941883,0.5890577497311299,2.4588078153340147,2.0839510755884216,2.324349384302087
Z:\raw_data\C000000023\VIS-022_SW_data_14-July-2026_11-41-10,C000000023,3,AVC,AVC,1132.9200267791748,6.130494509260786e-05,272.3,817.1,73.4,391.8,corrected,extra triggers,False,0.0020833333333333333,38.64917096274312,1.6527390900649952,0.2636691741935669,16.48148148148148,0.14549275599731232,16.48148148148148,0.2548229265662726,-8.768472906403941,0.4000084453768164,-16.48148148148148,0.1361665613810282,False,0.0,,,False,,2026-09-29 15:13:50,0.25121225757539095,0.9107852354850792,3.5082155209735197,,0.26002609481318095,0.8352228514717783,1.831237621614126,
Z:\raw_data\C000000025\VIS-025_SW_data_21-July-2026_09-53-09,C000000025,0,MVC,MVC,57.24000185728073,0.0002507466691094256,57.2,792.1,75.8,386.9,ok,clean,False,0.38133333333333336,27.32350540644537,5.615141955835963,0.9561482557678495,3.7953091684434974,0.8007992379342974,3.955555555555556,0.8639759205916695,3.955555555555556,0.9371504749455981,4.129930394431555,0.6277241120532,False,3.0,3.955555555555556,3.955555555555556,False,velocity median,2026-09-29 15:38:38,0.9403050871127503,2.0669372270961133,1.7644706013682976,1.3312562379611976,0.7221202451858677,2.355837359993545,2.5212282055620308,2.5733041278708515
Z:\raw_data\C000000025\VIS-025_SW_data_21-July-2026_09-53-09,C000000025,1,AVC,AVC,355.320006608963,0.00015827559172729426,355.3,792.1,75.8,386.9,ok,clean,False,0.36833333333333346,30.21366469372229,3.1560283687943267,0.8191159719210349,3.384030418250951,0.8152826301139068,3.384030418250951,0.876938165633412,3.955555555555556,0.9143917670947266,3.955555555555556,0.6690081407824451,False,3.0,3.384030418250951,3.384030418250951,False,velocity median,2026-09-29 15:38:50,0.7465340960638346,3.5382535880880854,2.234031511382258,1.2071321532773303,0.7107590945243396,3.134227691898255,2.783351862035769,3.0783781556981147
Z:\raw_data\C000000025\VIS-025_SW_data_21-July-2026_09-53-09,C000000025,2,MVC,MVC,873.7200498580933,0.0002538979541193968,38.7,792.1,75.8,386.9,ok,clean,False,0.258,29.00687859174592,2.9568106312292364,0.8849408553010923,3.26605504587156,0.7831885437696695,3.7953091684434974,0.8525903399051125,4.129930394431555,0.9150874720179313,4.320388349514563,0.5838136188975268,False,3.0,3.7953091684434974,3.7953091684434974,False,velocity median,2026-09-29 15:46:51,0.8161537983442985,1.1417991844327102,1.735086797066417,1.343673452028234,0.7247896527233147,1.506266630738929,2.352743084207347,2.5199586866404333
Z:\raw_data\C000000025\VIS-025_SW_data_21-July-2026_09-53-09,C000000025,3,AVC,AVC,1145.8799839019775,3.692068907542807e-05,310.8,792.1,75.8,386.9,ok,clean,False,0.1829166666666668,30.773873411924285,2.3027166882276844,0.8980064724533093,2.360742705570292,0.7806920434770579,2.360742705570292,0.8480072387956429,2.7812500000000004,0.8942690484992224,4.759358288770054,0.5660224468898034,False,2.0,2.360742705570292,2.360742705570292,False,velocity median,2026-09-29 15:47:18,0.8064534754694461,1.9786147940445298,2.902181963179366,1.865053202781096,0.5807781170521159,1.4668486607426279,3.5884981114755927,2.708024267356786
Z:\raw_data\C000000026\VIS-020_SW_data_14-July-2026_10-03-40,C000000026,0,MVC,MVC,131.76000118255615,0.00011731352510250823,131.8,834.1,71.9,394.9,ok,clean,False,0.8786666666666667,30.63550914786961,-2.3027166882276844,0.7717363973423417,-4.529262086513995,0.19292321606624302,-6.846153846153847,0.3195386632704633,-9.673913043478262,0.5991835903856294,-8.768472906403941,0.1848867157339382,False,0.0,11.920000000000002,11.920000000000002,False,Keijzer velocity,2026-09-29 15:52:49,0.7157154802763646,1.731310790625861,1.9340590121555437,,0.29104527273657577,0.8169720443802707,1.683984184711457,
Z:\raw_data\C000000026\VIS-020_SW_data_14-July-2026_10-03-40,C000000026,1,AVC,AVC,503.27998399734497,0.00026274363069721767,503.3,834.1,71.9,394.9,ok,clean,False,0.9516666666666668,34.532520554088954,-12.191780821917808,0.8037123766116624,7.385892116182573,0.25830909676521563,7.385892116182573,0.38107448036639535,-5.297619047619048,0.5826005169654196,-1.7450980392156865,0.2181474751555851,False,0.0,,,False,,2026-09-29 15:53:05,0.8003410285135925,1.7909747149836905,2.0248337766300017,,0.3629221018451915,1.284252022229853,1.740535233272964,
Z:\raw_data\C000000026\VIS-020_SW_data_14-July-2026_10-03-40,C000000026,2,MVC,MVC,908.2800149917603,0.00014165176081187735,13.2,834.1,71.9,394.9,ok,clean,False,0.088,31.326217810153732,1.4710743801652892,0.46021073351644154,2.360742705570292,0.62061273187026,2.7010622154779975,0.6713915999918023,2.7010622154779975,0.7092663517638857,2.866344605475041,0.4267859351390528,False,3.0,1.9010622154779977,1.9010622154779977,False,velocity gauss,2026-09-29 15:56:36,0.4156181280763201,1.3295390736340553,1.7607529556432084,0.9558620578369291,0.5485795589066709,1.8237657144303268,2.032460559758697,1.5290895553362656
Z:\raw_data\C000000026\VIS-020_SW_data_14-July-2026_10-03-40,C000000026,3,AVC,AVC,1170.7199811935425,0.0,275.6,834.1,71.9,394.9,ok,clean,False,0.0029166666666668563,32.26554715315691,-16.48148148148148,0.7869232683985294,4.759358288770054,0.11244787158850705,4.320388349514563,0.1885440516304196,5.973154362416108,0.22070280802722836,4.529262086513995,0.19916928103197182,False,0.0,,,False,,2026-09-29 15:56:41,0.8498747413261024,0.5741543143554256,2.5694582917443487,,0.13349106337198158,0.7267051560796982,2.1130134607924194,
Z:\raw_data\C000000027\VIS-019_SW_data_14-July-2026_09-20-26,C000000027,0,MVC,MVC,56.16000294685364,0.0003286966238273287,56.2,920.6,65.2,409.1,ok,clean,False,0.3746666666666667,37.62039571228851,2.7812500000000004,0.9140556760239035,3.1560283687943267,0.8916706136522139,3.1560283687943267,0.9018526106359849,2.9568106312292364,0.8385673071168938,3.26605504587156,0.7712449135619005,False,3.0,2.7560283687943263,2.7560283687943263,False,velocity median,2026-09-29 16:00:10,0.8197971161818713,2.635803766667111,1.6923707194593625,0.17887823579062362,0.6568846876475887,2.0180936804030747,2.2671630536780505,2.3891510494963484
Z:\raw_data\C000000027\VIS-019_SW_data_14-July-2026_09-20-26,C000000027,1,AVC,AVC,465.4799997806549,0.00020910729918033994,465.5,920.6,65.2,409.1,ok,clean,False,0.7349999999999999,38.31975696802947,3.5108481262327422,0.6775154038026427,2.866344605475041,0.4830593136090113,2.866344605475041,0.6100162536759188,4.320388349514563,0.749578187125333,12.191780821917808,0.3660217302944182,False,3.0,3.916344605475041,3.916344605475041,False,velocity gauss,2026-09-29 16:00:46,0.6298917128878899,1.1056066708343169,2.208691207248041,1.1149754962643428,0.3993793420691272,0.5964891476665181,2.3294351941278095,1.6913943090547763
Z:\raw_data\C000000027\VIS-019_SW_data_14-July-2026_09-20-26,C000000027,2,MVC,MVC,950.3999948501587,0.0003446108372690587,54.8,920.6,65.2,409.1,ok,clean,False,0.3653333333333333,37.62039571228851,2.3027166882276844,0.887083126290535,3.1560283687943267,0.8959258533101521,3.1560283687943267,0.9093821058344483,2.866344605475041,0.8786910337940622,3.26605504587156,0.7969582833909153,False,3.0,3.1560283687943267,3.1560283687943267,False,velocity gauss,2026-09-29 16:00:59,0.7504063223433364,2.1671243832903895,1.6886678390903405,0.24355369804652063,0.6820681366223491,2.223636875293799,2.3092657195423762,2.5742309609511045
Z:\raw_data\C000000027\VIS-019_SW_data_14-July-2026_09-20-26,C000000027,3,AVC,AVC,1184.7599744796753,0.0,289.2,920.6,65.2,409.1,ok,clean,False,0.00041666666666652455,37.670013488881565,-1.0,0.45655800537788016,-1.8855932203389834,0.10583247490785318,1.0218140068886339,0.1368919425704172,-1.5964125560538118,0.20853408362655418,1.0,0.12809748777227883,False,0.0,,,False,,2026-09-29 16:01:06,0.0825821529394675,0.8088348212911837,3.2821278135709226,,0.10472237834142856,0.541494203230529,2.436558238752207,
Z:\raw_data\C000000028\VIS-018_SW_data_14-July-2026_08-30-41,C000000028,0,MVC,MVC,48.59999939799309,0.0005862217681622453,48.6,1092.1,54.9,430.6,ok,clean,False,0.324,35.81731013436332,4.759358288770054,0.9454973624323915,8.768472906403941,0.741688062034715,8.768472906403941,0.7604882769536643,5.615141955835963,0.6014862766139124,4.529262086513995,0.7449907947780308,False,3.0,4.268472906403941,4.268472906403941,False,acceleration,2026-09-29 16:09:26,0.920224473485761,2.623114297968775,1.790662022576601,0.8689189221491257,0.7502805976123533,1.624207654692051,2.062380696915303,1.3421601019516074
Z:\raw_data\C000000028\VIS-018_SW_data_14-July-2026_08-30-41,C000000028,1,AVC,,358.5599958896637,0.0002552935752811787,358.6,1092.1,54.9,430.6,ok,clean,False,,17.516736953598063,4.129930394431555,0.9928611071030594,3.955555555555556,0.9670900302986268,3.955555555555556,0.9802218322625392,4.129930394431555,0.9917209682230369,3.7953091684434974,0.8763336194227974,False,3.0,3.955555555555556,3.955555555555556,False,velocity median,2026-09-29 16:27:43,0.975753157129661,10.309747924517822,2.44031109169391,,0.9361776332226026,3.97212996864234,2.495925537064202,
Z:\raw_data\C000000028\VIS-018_SW_data_14-July-2026_08-30-41,C000000028,2,AVC,AVC,529.20001745224,0.00027339435362916647,529.2,1092.1,54.9,430.6,ok,clean,False,0.9108333333333334,24.60472469121959,-1.8855932203389834,0.8216742683551358,-1.4483319772172498,0.6873865833436881,-1.6527390900649952,0.7582555536647736,5.615141955835963,0.629539634022704,-1.033081834010447,0.5462370780328653,False,1.0,1.4000000000000004,1.4000000000000004,False,velocity median,2026-09-29 16:39:41,0.7651110712076649,1.533103666365582,1.7345002067154327,0.2349665962917968,0.6445276935744527,1.0531994220343,2.0080891370562726,1.126479333165802
Z:\raw_data\C000000028\VIS-018_SW_data_14-July-2026_08-30-41,C000000028,3,MVC,MVC,1157.7600240707397,0.0004387959569658415,50.7,1092.1,54.9,430.6,ok,clean,False,0.338,35.817310134363325,3.1560283687943267,0.9428815110319584,3.6475409836065578,0.8140594500818155,3.7953091684434974,0.8252718431099637,3.955555555555556,0.7690304418473588,3.955555555555556,0.7585650989551211,False,3.0,3.7953091684434974,3.7953091684434974,False,acceleration,2026-09-29 16:40:11,0.8781686629745253,2.3972802140239793,1.6811196482219308,0.9784966577172257,0.7497777607754759,1.7659500979468064,2.260530969599233,1.16631871216131
Z:\raw_data\C000000029\VIS-031_SW_data_24-July-2026_11-11-50,C000000029,0,MVC,MVC,99.36000406742096,0.00024656842222570325,99.4,850.1,70.6,397.8,ok,clean,False,0.6626666666666667,48.50324629080212,3.6475409836065578,0.685250086215161,6.3799283154121875,0.5480796921123856,6.846153846153847,0.663927475733234,7.385892116182573,0.7646377503415389,3.6475409836065578,0.3676636774871682,False,1.0,8.346153846153847,8.346153846153847,False,velocity gauss,2026-09-29 16:44:24,0.6654478695852034,0.9749878195831457,1.997435782420876,0.7298349171412954,0.5755529586673012,0.8206443299216958,2.05834709842019,1.185015750812067
Z:\raw_data\C000000029\VIS-031_SW_data_24-July-2026_11-11-50,C000000029,1,AVC,AVC,348.83999824523926,0.00017162658655699257,348.8,850.1,70.6,397.8,ok,clean,False,0.29583333333333334,21.413068195400594,4.129930394431555,0.9584369785571502,9.673913043478262,0.8611655909445348,12.191780821917808,0.8947711700095582,14.015748031496063,0.9309334741296866,6.3799283154121875,0.6476010645941426,False,2.0,12.0,12.0,False,acceleration,2026-09-29 16:44:56,0.9359336743244567,4.611453770782007,2.313509464076474,,0.8831178892519059,3.7006773269583424,2.5215491054451076,
Z:\raw_data\C000000029\VIS-031_SW_data_24-July-2026_11-11-50,C000000029,2,MVC,MVC,927.7200102806091,0.00030480141013725705,47.1,850.1,70.6,397.8,ok,clean,False,0.314,36.62319244350397,5.014084507042254,0.8281163211462318,-2.4217687074829937,0.5161833318054433,-2.7812500000000004,0.5682775563216503,-2.4217687074829937,0.5771407013599461,-2.7812500000000004,0.34137037401340853,False,0.0,-2.7812500000000004,-2.7812500000000004,False,velocity gauss,2026-09-29 16:47:21,0.8165145374959044,1.5940899128023358,1.5957190646562978,,0.46454836371804437,1.8093785920050247,2.306712245803438,
Z:\raw_data\C000000029\VIS-031_SW_data_24-July-2026_11-11-50,C000000029,3,AVC,AVC,1158.8400602340698,1.4730712466809787e-05,278.3,850.1,70.6,397.8,ok,clean,False,0.0020833333333333333,34.853494954146996,-1.3444108761329308,0.6012664170445965,-1.4483319772172498,0.10848517230657108,-1.4483319772172498,0.1937156608738823,-12.191780821917808,0.21029130394502737,1.7782217782217782,0.10162971546012647,False,0.0,,,False,,2026-09-29 16:47:30,0.35121912177514913,0.8836599541600463,2.7991575522912155,,0.14251217238593245,1.1525345188204454,1.8604140763282293,
Z:\raw_data\C000000030\VIS-029_SW_data_24-July-2026_09-36-27,C000000030,0,MVC,MVC,46.4400015771389,0.00017699394819070192,46.4,831.1,72.2,394.4,warn,irregular at the block,False,0.30933333333333335,27.10378949052601,-20.0,0.8493564872357012,-8.768472906403941,0.8676381768305415,-8.768472906403941,0.8942903093913199,-9.673913043478262,0.909430070295338,-9.673913043478262,0.7609943040370988,False,2.0,4.73,4.73,False,velocity median,2026-09-29 16:50:17,0.8443778057987734,4.154239625936103,2.155604091870297,1.847961437582459,0.8734966500388515,3.1795716171357555,1.8417164361310772,1.1004704710830668
Z:\raw_data\C000000030\VIS-029_SW_data_24-July-2026_09-36-27,C000000030,1,AVC,AVC,423.36001992225647,9.385878235946541e-05,423.4,831.1,72.2,394.4,warn,irregular at the block,False,0.6208333333333333,31.830697780413786,3.26605504587156,0.8055788129515978,4.759358288770054,0.5716608927794725,4.759358288770054,0.7135237681140839,5.615141955835963,0.767541210420616,6.846153846153847,0.4795515342426206,,,,,,,,0.7440526148907367,1.8937578789167295,1.800526895657225,,0.6374808794111411,1.6532394912556547,2.026393309332904,
Z:\raw_data\C000000030\VIS-029_SW_data_24-July-2026_09-36-27,C000000030,2,MVC,MVC,872.6400136947632,0.00017582846307501298,37.1,831.1,72.2,394.4,warn,irregular at the block,False,0.24733333333333335,,,,,,,,,,,,,,,,,,,,,,,,,,
Z:\raw_data\C000000030\VIS-029_SW_data_24-July-2026_09-36-27,C000000030,3,AVC,AVC,1134.0000629425049,1.9708217426186523e-05,298.4,831.1,72.2,394.4,warn,irregular at the block,False,0.1,,,,,,,,,,,,,,,,,,,,,,,,,,
Z:\raw_data\C000000031\VIS-032_SW_data_24-July-2026_11-57-06,C000000031,0,MVC,MVC,129.60000336170197,5.164057743857114e-05,129.6,889.1,67.5,404.3,ok,clean,False,0.864,,,,,,,,,,,,,,,,,,,,,,,,,,
Z:\raw_data\C000000031\VIS-032_SW_data_24-July-2026_11-57-06,C000000031,1,AVC,AVC,433.0800175666809,0.0002223715253731104,433.1,889.1,67.5,404.3,ok,clean,False,0.62,,,,,,,,,,,,,,,,,,,,,,,,,,
Z:\raw_data\C000000031\VIS-032_SW_data_24-July-2026_11-57-06,C000000031,2,other,,677.1600246429443,8.928910703738596e-05,677.2,889.1,67.5,404.3,ok,clean,False,,,,,,,,,,,,,,,,,,,,,,,,,,,
Z:\raw_data\C000000031\VIS-032_SW_data_24-July-2026_11-57-06,C000000031,3,MVC,MVC,914.7599935531616,5.7937607886876596e-05,0.2,889.1,67.5,404.3,ok,clean,False,0.0013333333333333335,,,,,,,,,,,,,,,,,,,,,,,,,,
